keys,en,it,de,fr
EGG HATCHING,EGG HATCHING,SCHIUSA DELL'UOVO,EI SCHLÜPFT,ÉCLOSION DE L'ŒUF
A NEW COMPANION,A NEW COMPANION,UN NUOVO COMPAGNO,EIN NEUER BEGLEITER,UN NOUVEAU COMPAGNON
The egg is stirring...,The egg is stirring...,L'uovo si sta muovendo...,Das Ei regt sich...,L'œuf remue...
Tap to reveal,Tap to reveal,Tocca per rivelare,Zum Enthüllen tippen,Toucher pour révéler
Hatched!,Hatched!,Si è schiuso!,Geschlüpft!,Éclos !
Rare Species,Rare Species,Specie rara,Seltene Art,Espèce rare
Source breakdown,Source breakdown,Ripartizione delle fonti,Aufschlüsselung der Quellen,Répartition des sources
%s class and stored promotion base,%s class and stored promotion base,Classe %s e base delle promozioni memorizzata,Klasse %s und gespeicherte Beförderungsbasis,Classe %s et base de promotion enregistrée
Title,Title,Titolo,Titel,Titre
Ascension,Ascension,Ascensione,Aufstieg,Ascension
Echo Resonance,Echo Resonance,Risonanza dell'Eco,Echo-Resonanz,Résonance d'Écho
Combat-only and conditional effects,Combat-only and conditional effects,Effetti solo in combattimento e condizionali,Nur im Kampf wirkende und bedingte Effekte,Effets limités au combat et conditionnels
"These combat-only and conditional effects are listed separately and are not double-counted in unconditional totals. Companion, party, activity, enemy, and temporary status effects are excluded.","These combat-only and conditional effects are listed separately and are not double-counted in unconditional totals. Companion, party, activity, enemy, and temporary status effects are excluded.","Questi effetti solo in combattimento e condizionali sono elencati separatamente e non vengono conteggiati due volte nei totali incondizionati. Compagno, gruppo, attività, nemici e stati temporanei sono esclusi.","Diese reinen Kampf- und Bedingungseffekte werden separat aufgeführt und in den bedingungslosen Gesamtwerten nicht doppelt gezählt. Effekte von Begleitern, Gruppe, Aktivität, Gegnern und temporären Status sind ausgeschlossen.","Ces effets propres au combat et conditionnels sont listés séparément et ne sont pas comptés deux fois dans les totaux inconditionnels. Les effets de familier, de groupe, d'activité, d'ennemi et d'état temporaire sont exclus."
No combat-only or conditional effects from this hero's persistent build.,No combat-only or conditional effects from this hero's persistent build.,La configurazione permanente di questo eroe non fornisce effetti solo in combattimento o condizionali.,Aus der dauerhaften Konfiguration dieses Helden ergeben sich keine reinen Kampfeffekte oder bedingten Effekte.,La configuration permanente de ce héros ne fournit aucun effet propre au combat ni conditionnel.
Scope: Always active in combat; excluded from base totals.,Scope: Always active in combat; excluded from base totals.,Ambito: sempre attivo in combattimento; escluso dai totali base.,Geltung: im Kampf immer aktiv; nicht in den Basiswerten enthalten.,Portée : toujours actif en combat ; exclu des totaux de base.
Scope: Combat-only or conditional; excluded from base totals.,Scope: Combat-only or conditional; excluded from base totals.,Ambito: solo in combattimento o condizionale; escluso dai totali base.,Geltung: nur im Kampf oder bedingt; nicht in den Basiswerten enthalten.,Portée : uniquement en combat ou conditionnel ; exclu des totaux de base.
Trigger: %s,Trigger: %s,Attivazione: %s,Auslöser: %s,Déclencheur : %s
An action is completed,An action is completed,Viene completata un'azione,Eine Aktion wird abgeschlossen,Une action est achevée
An active skill is used,An active skill is used,Viene usata un'abilità attiva,Eine aktive Fähigkeit wird eingesetzt,Une compétence active est utilisée
A basic attack is used,A basic attack is used,Viene usato un attacco base,Ein Standardangriff wird eingesetzt,Une attaque de base est utilisée
A basic attack hits,A basic attack hits,Un attacco base va a segno,Ein Standardangriff trifft,Une attaque de base touche
A counter succeeds,A counter succeeds,Un contrattacco riesce,Ein Konter gelingt,Une riposte réussit
A critical hit lands,A critical hit lands,Un colpo critico va a segno,Ein kritischer Treffer gelingt,Un coup critique touche
Damage is dealt,Damage is dealt,Viene inflitto danno,Schaden wird verursacht,Des dégâts sont infligés
A critical hit lands during Dusk,A critical hit lands during Dusk,Un colpo critico va a segno durante il Crepuscolo,Ein kritischer Treffer gelingt während der Dämmerung,Un coup critique touche pendant le Crépuscule
The first physical or magical hit of the encounter is received,The first physical or magical hit of the encounter is received,Viene subito il primo colpo fisico o magico dello scontro,Der erste physische oder magische Treffer der Begegnung wird erlitten,Le premier coup physique ou magique de la rencontre est subi
The first direct hit of the encounter is received,The first direct hit of the encounter is received,Viene subito il primo colpo diretto dello scontro,Der erste direkte Treffer der Begegnung wird erlitten,Le premier coup direct de la rencontre est subi
Healing is performed,Healing is performed,Viene effettuata una cura,Eine Heilung wird gewirkt,Un soin est prodigué
An enemy is defeated,An enemy is defeated,Viene sconfitto un nemico,Ein Gegner wird besiegt,Un ennemi est vaincu
Lethal damage is received,Lethal damage is received,Viene subito danno letale,Tödlicher Schaden wird erlitten,Des dégâts létaux sont subis
The Health threshold is reached,The Health threshold is reached,Viene raggiunta la soglia di Salute,Die Lebensschwelle wird erreicht,Le seuil de Vie est atteint
A Magic hit lands,A Magic hit lands,Un colpo Magico va a segno,Ein Magie-Treffer gelingt,Un coup magique touche
A Magic sign is completed,A Magic sign is completed,Viene completato un segno Magico,Ein Magie-Zeichen wird vollendet,Un signe magique est complété
A matching Melee sign is active,A matching Melee sign is active,È attivo un segno da Mischia corrispondente,Ein passendes Nahkampf-Zeichen ist aktiv,Un signe de mêlée correspondant est actif
No Hero Walks Alone triggers,No Hero Walks Alone triggers,Si attiva No Hero Walks Alone,No Hero Walks Alone wird ausgelöst,No Hero Walks Alone se déclenche
The party hits with a new attack type,The party hits with a new attack type,Il gruppo colpisce con un nuovo tipo di attacco,Die Gruppe trifft mit einer neuen Angriffsart,Le groupe frappe avec un nouveau type d'attaque
The party completes all attack types,The party completes all attack types,Il gruppo completa tutti i tipi di attacco,Die Gruppe deckt alle Angriffsarten ab,Le groupe complète tous les types d'attaque
The required raid phase is active,The required raid phase is active,È attiva la fase raid richiesta,Die erforderliche Raid-Phase ist aktiv,La phase de raid requise est active
The raid Pressure threshold is reached,The raid Pressure threshold is reached,Viene raggiunta la soglia di Pressione del raid,Der Druck-Schwellenwert des Raids wird erreicht,Le seuil de Pression du raid est atteint
A Ranged critical hit lands,A Ranged critical hit lands,Un colpo critico a Distanza va a segno,Ein kritischer Fernkampftreffer gelingt,Un coup critique à distance touche
A matching Ranged sign is active,A matching Ranged sign is active,È attivo un segno a Distanza corrispondente,Ein passendes Fernkampf-Zeichen ist aktiv,Un signe à distance correspondant est actif
Road Stands triggers,Road Stands triggers,Si attiva Road Stands,Road Stands wird ausgelöst,Road Stands se déclenche
Sound Without Air triggers,Sound Without Air triggers,Si attiva Sound Without Air,Sound Without Air wird ausgelöst,Sound Without Air se déclenche
A harmful status is resisted,A harmful status is resisted,Viene resistito uno stato nocivo,Ein schädlicher Status wird abgewehrt,Un état néfaste est repoussé
An active skill is cast,An active skill is cast,Viene lanciata un'abilità attiva,Eine aktive Fähigkeit wird gewirkt,Une compétence active est lancée
An ally lands a critical hit,An ally lands a critical hit,Un alleato mette a segno un colpo critico,Ein Verbündeter landet einen kritischen Treffer,Un allié porte un coup critique
DoT ticks,DoT ticks,Impulsi DoT,DoT-Ticks,Ticks de DoT
A wave starts,A wave starts,Inizia un'ondata,Eine Welle beginnt,Une vague commence
An action ends,An action ends,Termina un'azione,Eine Aktion endet,Une action se termine
An ally uses a basic attack,An ally uses a basic attack,Un alleato usa un attacco base,Ein Verbündeter setzt einen Standardangriff ein,Un allié utilise une attaque de base
An ally defeats an enemy,An ally defeats an enemy,Un alleato sconfigge un nemico,Ein Verbündeter besiegt einen Gegner,Un allié vainc un ennemi
An ally takes damage,An ally takes damage,Un alleato subisce danno,Ein Verbündeter erleidet Schaden,Un allié subit des dégâts
Total Eclipse ends,Total Eclipse ends,Termina Eclissi Totale,Totale Finsternis endet,L'Éclipse totale prend fin
The hero is below half Health,The hero is below half Health,L'eroe è sotto metà Salute,Der Held hat weniger als halbes Leben,Le héros est sous la moitié de sa Vie
The target is below half Health,The target is below half Health,Il bersaglio è sotto metà Salute,Das Ziel hat weniger als halbes Leben,La cible est sous la moitié de sa Vie
The hero is at full Health,The hero is at full Health,L'eroe è a Salute piena,Der Held hat volles Leben,Le héros est à pleine Vie
The hero falls below 35% Health,The hero falls below 35% Health,L'eroe scende sotto il 35% di Salute,Der Held fällt unter 35% Leben,La Vie du héros passe sous 35%
A skill targets all enemies,A skill targets all enemies,Un'abilità prende di mira tutti i nemici,Eine Fähigkeit zielt auf alle Gegner,Une compétence cible tous les ennemis
Class passive,Class passive,Passiva di classe,Klassenpassiv,Passif de classe
Active raid set,Active raid set,Set raid attivo,Aktives Raid-Set,Set de raid actif
Equipment effect,Equipment effect,Effetto dell'equipaggiamento,Ausrüstungseffekt,Effet d'équipement
Combat effect,Combat effect,Effetto di combattimento,Kampfeffekt,Effet de combat
Hero unavailable,Hero unavailable,Eroe non disponibile,Held nicht verfügbar,Héros indisponible
This hero is no longer available after the save or account state changed.,This hero is no longer available after the save or account state changed.,Questo eroe non è più disponibile dopo la modifica del salvataggio o dello stato dell'account.,"Dieser Held ist nicht mehr verfügbar, nachdem sich der Speicherstand oder Kontostatus geändert hat.",Ce héros n'est plus disponible après la modification de la sauvegarde ou de l'état du compte.
The main offensive attribute for Ranged heroes. It increases their Attack and therefore the power of their basic attacks and class skills; persistent class and Ascension passives are included in this combat-start total.,The main offensive attribute for Ranged heroes. It increases their Attack and therefore the power of their basic attacks and class skills; persistent class and Ascension passives are included in this combat-start total.,L'attributo offensivo principale degli eroi a Distanza. Aumenta il loro Attacco e quindi la potenza degli attacchi base e delle abilità di classe; le passive permanenti di classe e Ascensione sono incluse in questo totale di inizio combattimento.,Das wichtigste Offensivattribut für Fernkampfhelden. Sie erhöht ihren Angriff und damit die Kraft ihrer Standardangriffe und Klassenfähigkeiten; dauerhafte passive Klassen- und Aufstiegsfähigkeiten sind in dieser Gesamtsumme zu Kampfbeginn enthalten.,L'attribut offensif principal des héros À distance. Elle augmente leur Attaque et donc la puissance de leurs attaques de base et compétences de classe ; les compétences passives permanentes de classe et d'Ascension sont incluses dans ce total de début de combat.
"The possible damage range of a normal basic attack after persistent class and Ascension passives, but before critical hits, combat-only bonuses, mist effects, and the target's defenses are applied.","The possible damage range of a normal basic attack after persistent class and Ascension passives, but before critical hits, combat-only bonuses, mist effects, and the target's defenses are applied.","L'intervallo di danno possibile di un normale attacco base dopo le passive permanenti di classe e Ascensione, ma prima di applicare colpi critici, bonus solo in combattimento, effetti della Nebbia e difese del bersaglio.","Der mögliche Schadensbereich eines normalen Standardangriffs nach dauerhaften passiven Klassen- und Aufstiegsfähigkeiten, aber vor kritischen Treffern, reinen Kampfboni, Nebeleffekten und den Verteidigungswerten des Ziels.","L'intervalle de dégâts possible d'une attaque de base normale après les compétences passives permanentes de classe et d'Ascension, mais avant l'application des coups critiques, des bonus de combat uniquement, des effets de brume et des défenses de la cible."
Controls the experience credited to this hero from the share awarded to living party members when an enemy is defeated. Account and activity reward multipliers are applied later and are not part of this hero combat-start total.,Controls the experience credited to this hero from the share awarded to living party members when an enemy is defeated. Account and activity reward multipliers are applied later and are not part of this hero combat-start total.,Controlla l'esperienza accreditata a questo eroe dalla quota assegnata ai membri del gruppo ancora vivi quando un nemico viene sconfitto. I moltiplicatori ricompensa dell'account e dell'attività vengono applicati in seguito e non fanno parte di questo totale di inizio combattimento.,"Bestimmt die Erfahrung, die diesem Helden aus dem Anteil gutgeschrieben wird, den lebende Gruppenmitglieder beim Besiegen eines Gegners erhalten. Belohnungsmultiplikatoren von Konto und Aktivität werden erst später angewendet und sind nicht Teil dieser Kampfstart-Summe des Helden.",Détermine l'expérience créditée à ce héros sur la part accordée aux membres du groupe encore en vie lorsqu'un ennemi est vaincu. Les multiplicateurs de récompense de compte et d'activité sont appliqués plus tard et ne font pas partie de ce total de début de combat.
%s SPENT · %s EARNED,%s SPENT · %s EARNED,%s SPESI · %s OTTENUTI,%s AUSGEGEBEN · %s VERDIENT,%s DÉPENSÉ · %s GAGNÉ
NEXT ASCENSION POINT · LEVEL %s,NEXT ASCENSION POINT · LEVEL %s,PROSSIMO PUNTO ASCENSIONE · LIVELLO %s,NÄCHSTER AUFSTIEGSPUNKT · STUFE %s,PROCHAIN POINT D'ASCENSION · NIVEAU %s
ALL %s ASCENSION POINTS EARNED,ALL %s ASCENSION POINTS EARNED,TUTTI I %s PUNTI ASCENSIONE OTTENUTI,ALLE %s AUFSTIEGSPUNKTE VERDIENT,TOUS LES %s POINTS D'ASCENSION OBTENUS
CAPSTONE · LEVEL %s · COST %s POINT · %s SPENT REQUIRED,CAPSTONE · LEVEL %s · COST %s POINT · %s SPENT REQUIRED,APICE · LIVELLO %s · COSTO %s PUNTO · RICHIESTI %s SPESI,GIPFEL · STUFE %s · KOSTEN %s PUNKT · %s AUSGEGEBEN ERFORDERLICH,APOGÉE · NIVEAU %s · COÛT %s POINT · %s DÉPENSÉS REQUIS
LEVEL %s · %s SPENT,LEVEL %s · %s SPENT,LIVELLO %s · %s SPESI,STUFE %s · %s AUSGEGEBEN,NIVEAU %s · %s DÉPENSÉS
REQUIRES LEVEL %s,REQUIRES LEVEL %s,RICHIEDE IL LIVELLO %s,ERFORDERT STUFE %s,NIVEAU %s REQUIS
The capstone costs %s Ascension Point and unlocks only at post-reset level %s after %s points are spent.,The capstone costs %s Ascension Point and unlocks only at post-reset level %s after %s points are spent.,"L'Apice costa %s Punto Ascensione e si sblocca solo al livello %s dopo l'azzeramento, con %s punti spesi.","Der Gipfel kostet %s Aufstiegspunkt und wird erst auf Stufe %s nach dem Zurücksetzen freigeschaltet, wenn %s Punkte ausgegeben wurden.","L'Apogée coûte %s point d'ascension et ne se débloque qu'au niveau %s après réinitialisation, une fois %s points dépensés."
Requires post-reset level %s and %s points spent. Costs %s Ascension Point.,Requires post-reset level %s and %s points spent. Costs %s Ascension Point.,Richiede il livello %s dopo l'azzeramento e %s punti spesi. Costa %s Punto Ascensione.,Erfordert Stufe %s nach dem Reset und %s ausgegebene Punkte. Kostet %s Aufstiegspunkt.,Nécessite le niveau %s après réinitialisation et %s points dépensés. Coûte %s Point d'ascension.
Purchase this capstone for %s Ascension Point.,Purchase this capstone for %s Ascension Point.,Acquista questo Apice per %s Punto Ascensione.,Diesen Gipfel für %s Aufstiegspunkt kaufen.,Achète cette Apogée pour %s Point d'ascension.
"[b]Shape an elite hero's final build[/b]

Ascension unlocks immediately when elite promotion resets the hero to level 0. Choose one of four Ascendant Paths, then earn one point at post-reset levels 4, 7, 10, and every three levels through 46, with the 16th point at level 50. Adding the first rank selects that option automatically, and only one option per row can hold ranks.

Ranks can be added and removed freely within the current path. Row costs are 1, 2, 2, and 1 points; later rows unlock at 5, 9, and 15 spent. The capstone remains locked until post-reset level 50 and must be purchased for 1 point. Changing paths consumes a Sigil of Rebirth crafted in the Workshop from two Pathless Embers; same-path reassignment never consumes an item.","[b]Shape an elite hero's final build[/b]

Ascension unlocks immediately when elite promotion resets the hero to level 0. Choose one of four Ascendant Paths, then earn one point at post-reset levels 4, 7, 10, and every three levels through 46, with the 16th point at level 50. Adding the first rank selects that option automatically, and only one option per row can hold ranks.

Ranks can be added and removed freely within the current path. Row costs are 1, 2, 2, and 1 points; later rows unlock at 5, 9, and 15 spent. The capstone remains locked until post-reset level 50 and must be purchased for 1 point. Changing paths consumes a Sigil of Rebirth crafted in the Workshop from two Pathless Embers; same-path reassignment never consumes an item.","[b]Definisci la configurazione finale di un eroe élite[/b]

L'Ascensione si sblocca subito quando la promozione élite azzera l'eroe al livello 0. Scegli uno dei quattro Percorsi Ascendenti, poi ottieni un punto ai livelli 4, 7, 10 e ogni tre livelli fino al 46, con il sedicesimo punto al livello 50. Aggiungere il primo grado seleziona automaticamente l'opzione e solo un'opzione per riga può avere gradi.

I gradi possono essere aggiunti e rimossi liberamente nel percorso attuale. I costi delle righe sono 1, 2, 2 e 1 punti; le righe successive si sbloccano a 5, 9 e 15 punti spesi. L'Apice resta bloccato fino al livello 50 dopo l'azzeramento e deve essere acquistato per 1 punto. Cambiare percorso consuma un Emblema della Rinascita creato nel laboratorio con due Braci Senza Sentiero; la ridistribuzione nello stesso percorso non consuma mai oggetti.","[b]Bestimme die finale Ausrichtung eines Elite-Helden[/b]

Der Aufstieg wird sofort freigeschaltet, wenn die Elite-Beförderung den Helden auf Stufe 0 zurücksetzt. Wähle einen von vier Aufstiegspfaden und erhalte dann je einen Punkt auf den Stufen 4, 7, 10 nach dem Zurücksetzen und danach alle drei Stufen bis 46, mit dem 16. Punkt auf Stufe 50. Der erste Rang wählt diese Option automatisch aus, und pro Reihe kann nur eine Option Ränge halten.

Ränge lassen sich innerhalb des aktuellen Pfads frei hinzufügen und entfernen. Die Reihen kosten 1, 2, 2 und 1 Punkte; spätere Reihen öffnen sich bei 5, 9 und 15 ausgegebenen Punkten. Der Gipfel bleibt bis Stufe 50 nach dem Zurücksetzen gesperrt und muss für 1 Punkt gekauft werden. Ein Pfadwechsel verbraucht ein Wiedergeburtssiegel, das in der Werkstatt aus zwei Pfadlosen Gluten hergestellt wird; eine Neuverteilung im selben Pfad verbraucht nie einen Gegenstand.","[b]Façonne la configuration finale d'un héros élite[/b]

L'Ascension se débloque immédiatement lorsque la promotion élite ramène le héros au niveau 0. Choisis l'une des quatre Voies ascendantes, puis gagne un point aux niveaux 4, 7, 10 après réinitialisation, puis tous les trois niveaux jusqu'au 46, le 16e point arrivant au niveau 50. Ajouter le premier rang sélectionne automatiquement cette option, et une seule option par ligne peut recevoir des rangs.

Les rangs peuvent être ajoutés et retirés librement au sein de la voie actuelle. Les lignes coûtent 1, 2, 2 et 1 points ; les lignes suivantes se débloquent à 5, 9 et 15 points dépensés. L'Apogée reste verrouillée jusqu'au niveau 50 après réinitialisation et doit être achetée pour 1 point. Changer de voie consomme un Sceau de Renaissance fabriqué à l'Atelier avec deux Braises sans voie ; une redistribution dans la même voie ne consomme jamais d'objet."
"A hero's class sets their attack type, preferred attribute, equipment proficiencies, stats, and skills. Defeated enemies split XP among heroes still alive; a hero who falls loses 10% of their current XP. XP pauses at a promotion point until you choose a specialization. Promotion resets the displayed level for the new class, multiplies scalable stats, adds a random bonus to that class's favored stat, and replaces both skills. Elite promotion immediately unlocks Ascension at reset level 0; leveling again earns Ascension Points through level 50 while granting up to 10% extra stat growth. Open the Class Catalog to compare every specialization before choosing.","A hero's class sets their attack type, preferred attribute, equipment proficiencies, stats, and skills. Defeated enemies split XP among heroes still alive; a hero who falls loses 10% of their current XP. XP pauses at a promotion point until you choose a specialization. Promotion resets the displayed level for the new class, multiplies scalable stats, adds a random bonus to that class's favored stat, and replaces both skills. Elite promotion immediately unlocks Ascension at reset level 0; leveling again earns Ascension Points through level 50 while granting up to 10% extra stat growth. Open the Class Catalog to compare every specialization before choosing.","La classe di un eroe determina tipo di attacco, attributo preferito, competenze negli equipaggiamenti, statistiche e abilità. I nemici sconfitti dividono i PE tra gli eroi ancora vivi; un eroe caduto perde il 10% dei PE attuali. I PE si fermano a un punto di promozione finché non scegli una specializzazione. La promozione azzera il livello mostrato per la nuova classe, moltiplica le statistiche scalabili, aggiunge un bonus casuale alla statistica favorita dalla classe e sostituisce entrambe le abilità. La promozione élite sblocca subito l'Ascensione al livello 0; salire di nuovo di livello assegna Punti Ascensione fino al livello 50 e fino al 10% di crescita extra delle statistiche. Apri il Catalogo classi per confrontare tutte le specializzazioni prima di scegliere.","Die Klasse eines Helden legt Angriffsart, bevorzugtes Attribut, Ausrüstungskompetenzen, Werte und Fähigkeiten fest. Besiegte Gegner teilen EP unter den noch lebenden Helden auf; ein gefallener Held verliert 10% seiner aktuellen EP. Die EP pausieren an einem Beförderungspunkt, bis du eine Spezialisierung wählst. Die Beförderung setzt die angezeigte Stufe für die neue Klasse zurück, vervielfacht skalierbare Werte, fügt dem bevorzugten Wert dieser Klasse einen zufälligen Bonus hinzu und ersetzt beide Fähigkeiten. Die Elite-Beförderung schaltet den Aufstieg sofort bei zurückgesetzter Stufe 0 frei; erneutes Aufsteigen bringt bis Stufe 50 Aufstiegspunkte und bis zu 10% zusätzliches Wertewachstum. Öffne den Klassenkatalog, um vor der Wahl alle Spezialisierungen zu vergleichen.","La classe d'un héros définit son type d'attaque, son attribut préféré, ses maîtrises d'équipement, ses stats et ses compétences. Les ennemis vaincus partagent l'XP entre les héros encore en vie ; un héros qui tombe perd 10% de son XP actuelle. L'XP se met en pause à un point de promotion jusqu'à ce que tu choisisses une spécialisation. La promotion réinitialise le niveau affiché pour la nouvelle classe, multiplie les stats évolutives, ajoute un bonus aléatoire à la stat favorite de cette classe et remplace les deux compétences. La promotion d'élite débloque immédiatement l'Ascension au niveau 0 réinitialisé ; monter de niveau à nouveau rapporte des Points d'ascension jusqu'au niveau 50 tout en accordant jusqu'à 10% de croissance de stats supplémentaire. Ouvre le Catalogue de classes pour comparer chaque spécialisation avant de choisir."
"Every hero has six permanent rune tracks in their Runes tab. Each guaranteed rank costs 1 matching raid material in order: Verdant, Tidal, Astral, then Eclipse Rune Pieces per track. Removing a hero refunds every invested Rune Piece. Elite promotion unlocks Ascension immediately at reset level 0; subsequent levels earn 16 points through level 50. Choose one of four Ascendant Paths with choice rows of 4, 3, 2, and 1 options. Row costs are 1, 2, 2, and 1 points, with spend gates at 5, 9, and 15. The capstone requires post-reset level 50 and costs 1 point. Only changing paths consumes a crafted Sigil of Rebirth, made in the Workshop from two Pathless Embers dropped rarely by raid bosses.","Every hero has six permanent rune tracks in their Runes tab. Each guaranteed rank costs 1 matching raid material in order: Verdant, Tidal, Astral, then Eclipse Rune Pieces per track. Removing a hero refunds every invested Rune Piece. Elite promotion unlocks Ascension immediately at reset level 0; subsequent levels earn 16 points through level 50. Choose one of four Ascendant Paths with choice rows of 4, 3, 2, and 1 options. Row costs are 1, 2, 2, and 1 points, with spend gates at 5, 9, and 15. The capstone requires post-reset level 50 and costs 1 point. Only changing paths consumes a crafted Sigil of Rebirth, made in the Workshop from two Pathless Embers dropped rarely by raid bosses.","Ogni eroe ha sei percorsi runici permanenti nella scheda Rune. Ogni grado garantito costa 1 materiale da raid corrispondente, nell'ordine: Frammenti runici verdeggianti, mareali, astrali e dell'Eclissi per ciascun percorso. Rimuovere un eroe restituisce tutti i Frammenti runici investiti. La promozione élite sblocca subito l'Ascensione al livello 0; i livelli successivi assegnano 16 punti entro il livello 50. Scegli uno dei quattro Percorsi Ascendenti con righe di scelta da 4, 3, 2 e 1 opzioni. I costi delle righe sono 1, 2, 2 e 1 punti, con soglie di spesa a 5, 9 e 15. L'Apice richiede il livello 50 dopo l'azzeramento e costa 1 punto. Solo il cambio di percorso consuma un Emblema della Rinascita creato nel laboratorio con due Braci Senza Sentiero ottenute raramente dai boss dei raid.","Jeder Held hat sechs dauerhafte Runenpfade im Reiter Runen. Jeder garantierte Rang kostet 1 passendes Raid-Material, in dieser Reihenfolge: grünende, Gezeiten-, Astral- und schließlich Finsternis-Runenfragmente pro Pfad. Wird ein Held entfernt, werden alle investierten Runenfragmente erstattet. Die Elite-Beförderung schaltet den Aufstieg sofort bei Reset-Stufe 0 frei; die folgenden Stufen bringen bis Stufe 50 insgesamt 16 Punkte. Wähle einen von vier Aufstiegspfaden mit Wahlreihen zu 4, 3, 2 und 1 Optionen. Die Reihen kosten 1, 2, 2 und 1 Punkte, mit Freischaltschwellen bei 5, 9 und 15 ausgegebenen Punkten. Der Gipfel erfordert Stufe 50 nach dem Reset und kostet 1 Punkt. Nur ein Pfadwechsel verbraucht ein hergestelltes Wiedergeburtssiegel, das in der Werkstatt aus zwei Pfadlosen Gluten gefertigt wird, die selten von Raid-Bossen fallen.","Chaque héros possède six voies de runes permanentes dans son onglet Runes. Chaque rang garanti coûte 1 matériau de raid correspondant, dans cet ordre : Fragments de rune verdoyants, de marée, astraux, puis d'éclipse pour chaque voie. Retirer un héros rembourse tous les Fragments de rune investis. La promotion d'élite débloque l'Ascension immédiatement au niveau 0 après réinitialisation ; les niveaux suivants rapportent 16 points jusqu'au niveau 50. Choisis l'une des quatre Voies ascendantes, avec des rangées de choix de 4, 3, 2 et 1 options. Les rangées coûtent 1, 2, 2 et 1 points, avec des seuils de dépense à 5, 9 et 15. L'Apogée exige le niveau 50 après réinitialisation et coûte 1 point. Seul un changement de voie consomme un Sceau de renaissance fabriqué à l'Atelier avec deux Braises sans voie, rarement lâchées par les boss de raid."
"Shows progress within the current class. Gaining levels increases Health and Attack. Reaching a class milestone pauses experience gain until the hero is promoted; elite promotion unlocks Ascension at reset level 0, and subsequent elite levels earn Ascension Points through level 50.","Shows progress within the current class. Gaining levels increases Health and Attack. Reaching a class milestone pauses experience gain until the hero is promoted; elite promotion unlocks Ascension at reset level 0, and subsequent elite levels earn Ascension Points through level 50.",Mostra l'avanzamento nella classe attuale. Salire di livello aumenta Salute e Attacco. Raggiungere un traguardo di classe sospende l'esperienza finché l'eroe non viene promosso; la promozione élite sblocca l'Ascensione al livello 0 e i livelli élite successivi assegnano Punti Ascensione fino al livello 50.,"Zeigt den Fortschritt innerhalb der aktuellen Klasse. Stufenaufstiege erhöhen Leben und Angriff. Ist ein Klassenmeilenstein erreicht, pausiert der Erfahrungsgewinn, bis der Held befördert wird; die Elite-Beförderung schaltet den Aufstieg bei Reset-Stufe 0 frei, und die folgenden Elitestufen bringen bis Stufe 50 Aufstiegspunkte.","Affiche la progression au sein de la classe actuelle. Gagner des niveaux augmente la Vie et l'Attaque. Atteindre un palier de classe suspend le gain d'expérience jusqu'à la promotion du héros ; la promotion d'élite débloque l'Ascension au niveau 0 après réinitialisation, et les niveaux d'élite suivants rapportent des Points d'ascension jusqu'au niveau 50."
"Elite promotion unlocks Ascension immediately at reset level 0. Subsequent levels earn %s points through level 50. Choose one of four Ascendant Paths with four choice rows of 4, 3, 2, and 1 options; row costs are 1, 2, 2, and 1 points, with spend gates at 5, 9, and 15. The capstone requires post-reset level 50 and costs 1 point. Choosing a first path is free, while changing paths later consumes a crafted Sigil of Rebirth.","Elite promotion unlocks Ascension immediately at reset level 0. Subsequent levels earn %s points through level 50. Choose one of four Ascendant Paths with four choice rows of 4, 3, 2, and 1 options; row costs are 1, 2, 2, and 1 points, with spend gates at 5, 9, and 15. The capstone requires post-reset level 50 and costs 1 point. Choosing a first path is free, while changing paths later consumes a crafted Sigil of Rebirth.","La promozione élite sblocca subito l'Ascensione al livello 0. I livelli successivi assegnano %s punti entro il livello 50. Scegli uno dei quattro Percorsi Ascendenti con quattro righe di scelta da 4, 3, 2 e 1 opzioni; i costi delle righe sono 1, 2, 2 e 1 punti, con soglie di spesa a 5, 9 e 15. L'Apice richiede il livello 50 dopo l'azzeramento e costa 1 punto. La scelta del primo percorso è gratuita, mentre cambiare percorso in seguito consuma un Emblema della Rinascita creato.","Die Elite-Beförderung schaltet den Aufstieg sofort bei zurückgesetzter Stufe 0 frei. Die folgenden Stufen bringen bis Stufe 50 %s Punkte ein. Wähle einen von vier Aufstiegspfaden mit vier Auswahlreihen zu 4, 3, 2 und 1 Optionen; die Reihen kosten 1, 2, 2 und 1 Punkte, mit Ausgabeschwellen bei 5, 9 und 15. Der Gipfel erfordert nach dem Zurücksetzen Stufe 50 und kostet 1 Punkt. Die Wahl des ersten Pfades ist kostenlos, ein späterer Pfadwechsel verbraucht ein hergestelltes Wiedergeburtssiegel.","La promotion d'élite débloque l'Ascension immédiatement au niveau 0 réinitialisé. Les niveaux suivants rapportent %s points jusqu'au niveau 50. Choisis l'une des quatre Voies ascendantes, avec quatre rangées de choix de 4, 3, 2 et 1 options ; les rangées coûtent 1, 2, 2 et 1 points, avec des seuils de dépense à 5, 9 et 15. L'Apogée exige le niveau 50 après réinitialisation et coûte 1 point. Choisir une première voie est gratuit, tandis qu'en changer plus tard consomme un Sceau de renaissance fabriqué."
Fight contributions,Fight contributions,Statistiche combattimento,Kampfbeiträge,Contributions au combat
Contributions,Contributions,Contributi,Beiträge,Contributions
Combat statistics,Combat statistics,Statistiche di combattimento,Kampfstatistiken,Statistiques de combat
Combat Statistics,Combat Statistics,Statistiche di combattimento,Kampfstatistiken,Statistiques de combat
COMBAT STATISTICS,COMBAT STATISTICS,STATISTICHE DI COMBATTIMENTO,KAMPFSTATISTIKEN,STATISTIQUES DE COMBAT
Current run statistics,Current run statistics,Statistiche della sessione attuale,Statistiken des aktuellen Laufs,Statistiques de l'expédition actuelle
Overview,Overview,Panoramica,Übersicht,Aperçu
Healing,Healing,Cure,Heilung,Soins
Healing statistics,Healing statistics,Statistiche delle cure,Heilungsstatistiken,Statistiques de soins
Base attacks,Base attacks,Attacchi base,Standardangriffe,Attaques de base
Active skills,Active skills,Abilità attive,Aktive Fähigkeiten,Compétences actives
Counters,Counters,Contrattacchi,Konter,Ripostes
Damage taken,Damage taken,Danni subiti,Erlittener Schaden,Dégâts subis
Healing done,Healing done,Cure effettuate,Geleistete Heilung,Soins prodigués
Healing received,Healing received,Cure ricevute,Erhaltene Heilung,Soins reçus
Total,Total,Totale,Gesamt,Total
Peak,Peak,Picco,Spitze,Sommet
Hit,Hit,Colpo,Treffer,Touche
%s · Total %s · Peak %s,%s · Total %s · Peak %s,%s · Totale %s · Picco %s,%s · Gesamt %s · Höchstwert %s,%s · Total %s · Pic %s
Companion support: %s · %s passive applications,Companion support: %s · %s passive applications,Supporto compagno: %s · %s applicazioni passive,Begleiterunterstützung: %s · %s passive Anwendungen,Soutien du compagnon : %s · %s applications passives
Overall top hit,Overall top hit,Miglior colpo assoluto,Bester Treffer insgesamt,Meilleur coup global
Overall top hit: %s by %s (%s),Overall top hit: %s by %s (%s),Miglior colpo assoluto: %s di %s (%s),Bester Treffer insgesamt: %s von %s (%s),Meilleur coup global : %s par %s (%s)
No combat statistics recorded yet.,No combat statistics recorded yet.,Nessuna statistica di combattimento ancora registrata.,Noch keine Kampfstatistiken aufgezeichnet.,Aucune statistique de combat enregistrée pour l'instant.
Totals and peaks cover the current run; opening Stats never pauses combat.,Totals and peaks cover the current run; opening Stats never pauses combat.,Totali e picchi coprono la sessione attuale; aprire Statistiche non mette mai in pausa il combattimento.,Gesamtwerte und Höchstwerte beziehen sich auf den aktuellen Durchlauf; das Öffnen der Statistiken pausiert den Kampf nie.,Les totaux et les pics couvrent la session en cours ; ouvrir les Statistiques ne met jamais le combat en pause.
%s · Healed %s · Received %s,%s · Healed %s · Received %s,%s · Cure effettuate %s · Ricevute %s,%s · Geheilt %s · Erhalten %s,%s · Soins %s · Reçus %s
Party healing total: %s,Party healing total: %s,Cure totali del gruppo: %s,Gesamtheilung der Gruppe: %s,Total des soins du groupe : %s
No healing recorded yet.,No healing recorded yet.,Nessuna cura ancora registrata.,Noch keine Heilung aufgezeichnet.,Aucun soin enregistré pour l'instant.
Healing shows effective Health restored; modifiers and ongoing buffs stay in Buffs.,Healing shows effective Health restored; modifiers and ongoing buffs stay in Buffs.,Le cure mostrano i Punti Salute effettivamente ripristinati; modificatori e potenziamenti continui restano in Potenziamenti.,Heilung zeigt das tatsächlich wiederhergestellte Leben; Modifikatoren und anhaltende Buffs bleiben unter Buffs.,Les soins affichent la Vie réellement restaurée ; les modificateurs et les améliorations en cours restent dans Améliorations.
%s turn,%s turn,%s turno,%s Zug,%s tour
%s turns,%s turns,%s turni,%s Züge,%s tours
Source: %s · Target: %s,Source: %s · Target: %s,Fonte: %s · Bersaglio: %s,Quelle: %s · Ziel: %s,Source : %s · Cible : %s
Strength: %s%s · Longest duration: %s,Strength: %s%s · Longest duration: %s,Potenza: %s%s · Durata massima: %s,Intensität: %s%s · Längste Dauer: %s,Puissance : %s%s · Durée la plus longue : %s
Uptime: %s%% (%s/%s turns) · Applications: %s,Uptime: %s%% (%s/%s turns) · Applications: %s,Tempo attivo: %s%% (%s/%s turni) · Applicazioni: %s,Aktive Zeit: %s%% (%s/%s Züge) · Anwendungen: %s,Temps actif : %s%% (%s/%s tours) · Applications : %s
Raid run time and records,Raid run time and records,Tempo e record del raid,Raid-Laufzeit und Rekorde,Durée et records de raid
Live run time: %s,Live run time: %s,Tempo della sessione in corso: %s,Laufende Zeit: %s,Durée de la partie en cours : %s
Best clear: %s · %s,Best clear: %s · %s,Miglior completamento: %s · %s,Bester Abschluss: %s · %s,Meilleure victoire : %s · %s
Fastest clears,Fastest clears,Completamenti più veloci,Schnellste Abschlüsse,Victoires les plus rapides
Recent clears,Recent clears,Completamenti recenti,Jüngste Abschlüsse,Victoires récentes
Combat record bests,Combat record bests,Migliori record di combattimento,Bestwerte der Kampfrekorde,Meilleurs records de combat
No raid clears recorded yet.,No raid clears recorded yet.,Nessun completamento raid ancora registrato.,Noch keine Raid-Abschlüsse aufgezeichnet.,Aucune victoire de raid enregistrée pour l'instant.
No combat records recorded yet.,No combat records recorded yet.,Nessun record di combattimento ancora registrato.,Noch keine Kampfrekorde aufgezeichnet.,Aucun record de combat enregistré pour l'instant.
%s. %s · %s,%s. %s · %s,%s. %s · %s,%s. %s · %s,%s. %s · %s
%s: %s · %s · %s,%s: %s · %s · %s,%s: %s · %s · %s,%s: %s · %s · %s,%s : %s · %s · %s
%s %s,%s %s,%s %s,%s %s,%s %s
Unknown date,Unknown date,Data sconosciuta,Unbekanntes Datum,Date inconnue
Records,Records,Record,Rekorde,Records
Raid Records,Raid Records,Record dei raid,Raid-Rekorde,Records de raid
RAID RECORDS,RAID RECORDS,RECORD DEL RAID,RAID-REKORDE,RECORDS DE RAID
FASTEST CLEARS,FASTEST CLEARS,COMPLETAMENTI PIÙ VELOCI,SCHNELLSTE ABSCHLÜSSE,VICTOIRES LES PLUS RAPIDES
RECENT CLEARS,RECENT CLEARS,COMPLETAMENTI RECENTI,JÜNGSTE ABSCHLÜSSE,VICTOIRES RÉCENTES
COMBAT RECORD BESTS,COMBAT RECORD BESTS,MIGLIORI RECORD DI COMBATTIMENTO,BESTWERTE DER KAMPFREKORDE,MEILLEURS RECORDS DE COMBAT
FIGHT CONTRIBUTIONS,FIGHT CONTRIBUTIONS,CONTRIBUTI IN COMBATTIMENTO,KAMPFBEITRÄGE,CONTRIBUTIONS AU COMBAT
Current run · party heroes,Current run · party heroes,Sessione attuale · eroi del gruppo,Aktueller Lauf · Gruppenhelden,Expédition actuelle · héros du groupe
Outgoing,Outgoing,Inflitti,Ausgehend,Sortant
Outgoing damage,Outgoing damage,Danni inflitti,Verursachter Schaden,Dégâts infligés
Incoming,Incoming,Subiti,Eingehend,Entrant
Incoming damage,Incoming damage,Danni subiti,Erlittener Schaden,Dégâts subis
Buff contributions,Buff contributions,Contributi ai potenziamenti,Buff-Beiträge,Contributions d'améliorations
Support contributions,Support contributions,Contributi di supporto,Unterstützungsbeiträge,Contributions de soutien
damage,damage,danni,Schaden,dégâts
applications,applications,applicazioni,Anwendungen,applications
Effective HP damage dealt during the current run.,Effective HP damage dealt during the current run.,Danni effettivi ai PV inflitti durante la sessione attuale.,"Effektiver LP-Schaden, der im aktuellen Lauf verursacht wurde.",Dégâts de PV effectifs infligés pendant l'expédition actuelle.
Effective HP damage received after barriers and prevention.,Effective HP damage received after barriers and prevention.,Danni effettivi ai PV subiti dopo barriere e prevenzione.,Effektiver LP-Schaden nach Barrieren und Schadensverhinderung.,Dégâts de PV effectifs subis après barrières et prévention.
"Effective healing, shields, buffs, debuffs, and other support applications.","Effective healing, shields, buffs, debuffs, and other support applications.","Cure efficaci, scudi, potenziamenti, penalità e altre applicazioni di supporto.","Effektive Heilung, Schilde, Buffs, Debuffs und andere Unterstützungsanwendungen.","Soins effectifs, boucliers, améliorations, affaiblissements et autres applications de soutien."
"Shields, buffs, debuffs, healing modifiers, and other support applications.","Shields, buffs, debuffs, healing modifiers, and other support applications.","Scudi, potenziamenti, penalità, modificatori delle cure e altre applicazioni di supporto.","Schilde, Buffs, Debuffs, Heilungsmodifikatoren und andere Unterstützungseffekte.","Boucliers, améliorations, affaiblissements, modificateurs de soins et autres effets de soutien."
Total: %s %s · %s,Total: %s %s · %s,Totale: %s %s · %s,Gesamt: %s %s · %s,Total : %s %s · %s
No contributions recorded yet.,No contributions recorded yet.,Nessun contributo ancora registrato.,Noch keine Beiträge aufgezeichnet.,Aucune contribution enregistrée pour l'instant.
Totals cover the current run.,Totals cover the current run.,I totali coprono la sessione attuale.,Die Gesamtwerte beziehen sich auf den aktuellen Durchlauf.,Les totaux couvrent la session en cours.
YOU WIN!,YOU WIN!,HAI VINTO!,SIEG!,VICTOIRE !
FLOOR 100 · THE ZENITH,FLOOR 100 · THE ZENITH,PIANO 100 · LO ZENIT,EBENE 100 · DER ZENIT,ÉTAGE 100 · LE ZÉNITH
THE TOWER IS CONQUERED,THE TOWER IS CONQUERED,TORRE CONQUISTATA,DER TURM IST EROBERT,LA TOUR EST CONQUISE
The Crown That Waits has fallen. Your company has conquered all 100 floors of the Tower of Resonance.,The Crown That Waits has fallen. Your company has conquered all 100 floors of the Tower of Resonance.,La Corona che attende è caduta. La tua compagnia ha conquistato tutti e 100 i piani della Torre della Risonanza.,"Die Krone, die wartet, ist gefallen. Deine Gefährten haben alle 100 Ebenen des Turms der Resonanz erobert.",La Couronne qui attend est tombée. Ta compagnie a conquis les 100 étages de la Tour de Résonance.
FLOOR 100 CLEARED,FLOOR 100 CLEARED,PIANO 100 SUPERATO,EBENE 100 ABGESCHLOSSEN,ÉTAGE 100 TERMINÉ
A final letter from Eira is waiting in your Mailbox.,A final letter from Eira is waiting in your Mailbox.,L'ultima lettera di Eira ti aspetta nella Posta.,Ein letzter Brief von Eira wartet in deinem Postfach.,Une dernière lettre d'Eira t'attend dans ta Boîte aux lettres.
Read Letter,Read Letter,Leggi la lettera,Brief lesen,Lire la lettre
Continue,Continue,Continua,Fortfahren,Continuer
%sd,%sd,%sg,%sT,%sj
%sd %02dh,%sd %02dh,%sg %02dh,%sT %02dSt,%sj %02dh
"Google Play Games could not confirm a stable player profile. Retry sign-in; cloud saves, achievements, and leaderboards remain disabled.","Google Play Games could not confirm a stable player profile. Retry sign-in; cloud saves, achievements, and leaderboards remain disabled.","Google Play Games non è riuscito a confermare un profilo giocatore stabile. Riprova ad accedere; i salvataggi cloud, gli obiettivi e le classifiche restano disattivati.","Google Play Games konnte kein stabiles Spielerprofil bestätigen. Versuche die Anmeldung erneut; Cloud-Speicherstände, Erfolge und Bestenlisten bleiben deaktiviert.","Google Play Games n'a pas pu confirmer un profil de joueur stable. Réessaie de te connecter ; les sauvegardes cloud, les succès et les classements restent désactivés."
"Google Play Games returned overlapping profile checks. Restart the game before reconnecting; cloud saves, achievements, and leaderboards remain disabled.","Google Play Games returned overlapping profile checks. Restart the game before reconnecting; cloud saves, achievements, and leaderboards remain disabled.","Google Play Games ha restituito verifiche del profilo sovrapposte. Riavvia il gioco prima di riconnetterti; i salvataggi cloud, gli obiettivi e le classifiche restano disattivati.","Google Play Games hat überlappende Profilprüfungen zurückgegeben. Starte das Spiel neu, bevor du dich erneut verbindest; Cloud-Speicherstände, Erfolge und Bestenlisten bleiben deaktiviert.","Google Play Games a renvoyé des vérifications de profil qui se chevauchent. Redémarre le jeu avant de te reconnecter ; les sauvegardes cloud, les succès et les classements restent désactivés."
A Play Games profile check was interrupted. Restart the game before reconnecting so a delayed result cannot be mistaken for another account.,A Play Games profile check was interrupted. Restart the game before reconnecting so a delayed result cannot be mistaken for another account.,"Una verifica del profilo Play Games è stata interrotta. Riavvia il gioco prima di riconnetterti, affinché un risultato in ritardo non venga scambiato per quello di un altro account.","Eine Play Games-Profilprüfung wurde unterbrochen. Starte das Spiel neu, bevor du dich erneut verbindest, damit ein verzögertes Ergebnis nicht für ein anderes Konto gehalten wird.",Une vérification de profil Play Games a été interrompue. Redémarre le jeu avant de te reconnecter afin qu'un résultat tardif ne soit pas confondu avec celui d'un autre compte.
"This local save is linked to a different Google Play Games profile. Switch back to the original profile, or clear the app's data before starting with this account. Cloud saves, achievements, and leaderboards remain disabled, and no online data was changed.","This local save is linked to a different Google Play Games profile. Switch back to the original profile, or clear the app's data before starting with this account. Cloud saves, achievements, and leaderboards remain disabled, and no online data was changed.","Questo salvataggio locale è collegato a un altro profilo Google Play Games. Torna al profilo originale oppure cancella i dati dell'app prima di iniziare con questo account. I salvataggi cloud, gli obiettivi e le classifiche restano disattivati e nessun dato online è stato modificato.","Dieser lokale Speicherstand ist mit einem anderen Google Play Games-Profil verknüpft. Wechsle zurück zum ursprünglichen Profil oder lösche die App-Daten, bevor du mit diesem Konto beginnst. Cloud-Speicherstände, Erfolge und Bestenlisten bleiben deaktiviert, und es wurden keine Online-Daten geändert.","Cette sauvegarde locale est liée à un autre profil Google Play Games. Reviens au profil d'origine ou efface les données de l'application avant de commencer avec ce compte. Les sauvegardes cloud, les succès et les classements restent désactivés, et aucune donnée en ligne n'a été modifiée."
"Google Play Games could not confirm the player profile bound to this local save. Retry sign-in before using cloud saves, achievements, or leaderboards.","Google Play Games could not confirm the player profile bound to this local save. Retry sign-in before using cloud saves, achievements, or leaderboards.","Google Play Games non è riuscito a confermare il profilo giocatore collegato a questo salvataggio locale. Riprova ad accedere prima di usare i salvataggi cloud, gli obiettivi o le classifiche.","Google Play Games konnte das mit diesem lokalen Speicherstand verknüpfte Spielerprofil nicht bestätigen. Versuche die Anmeldung erneut, bevor du Cloud-Speicherstände, Erfolge oder Bestenlisten nutzt.","Google Play Games n'a pas pu confirmer le profil de joueur lié à cette sauvegarde locale. Reconnecte-toi avant d'utiliser les sauvegardes cloud, les succès ou les classements."
A Play Games profile changed while cloud work was active. Restart the game before reconnecting so an older cloud response cannot be applied to this save.,A Play Games profile changed while cloud work was active. Restart the game before reconnecting so an older cloud response cannot be applied to this save.,"Un profilo Play Games è cambiato mentre era in corso un'operazione sul cloud. Riavvia il gioco prima di riconnetterti, affinché una risposta cloud precedente non venga applicata a questo salvataggio.","Ein Play Games-Profil hat sich geändert, während eine Cloud-Aktion lief. Starte das Spiel neu, bevor du dich erneut verbindest, damit keine ältere Cloud-Antwort auf diesen Speicherstand angewendet wird.",Un profil Play Games a changé pendant qu'une opération cloud était active. Redémarre le jeu avant de te reconnecter afin qu'une réponse cloud plus ancienne ne puisse pas être appliquée à cette sauvegarde.
The local Play Games account binding could not be read safely. No online data was changed.,The local Play Games account binding could not be read safely. No online data was changed.,Non è stato possibile leggere in sicurezza il collegamento locale dell'account Play Games. Nessun dato online è stato modificato.,Die lokale Play Games-Kontoverknüpfung konnte nicht sicher gelesen werden. Es wurden keine Online-Daten geändert.,L'association locale du compte Play Games n'a pas pu être lue en toute sécurité. Aucune donnée en ligne n'a été modifiée.
The stored Play Games account binding is invalid. No online data was changed.,The stored Play Games account binding is invalid. No online data was changed.,Il collegamento memorizzato dell'account Play Games non è valido. Nessun dato online è stato modificato.,Die gespeicherte Play Games-Kontoverknüpfung ist ungültig. Es wurden keine Online-Daten geändert.,L'association de compte Play Games enregistrée n'est pas valide. Aucune donnée en ligne n'a été modifiée.
The encrypted save contains an invalid Play Games account binding. No online data was changed.,The encrypted save contains an invalid Play Games account binding. No online data was changed.,Il salvataggio cifrato contiene un collegamento non valido all'account Play Games. Nessun dato online è stato modificato.,Der verschlüsselte Speicherstand enthält eine ungültige Play Games-Kontoverknüpfung. Es wurden keine Online-Daten geändert.,La sauvegarde chiffrée contient une association de compte Play Games non valide. Aucune donnée en ligne n'a été modifiée.
The encrypted save and cloud sync state disagree about the Play Games profile. No online data was changed.,The encrypted save and cloud sync state disagree about the Play Games profile. No online data was changed.,Il salvataggio cifrato e lo stato della sincronizzazione cloud non concordano sul profilo Play Games. Nessun dato online è stato modificato.,Der verschlüsselte Speicherstand und der Cloud-Synchronisierungsstatus stimmen beim Play Games-Profil nicht überein. Es wurden keine Online-Daten geändert.,La sauvegarde chiffrée et l'état de synchronisation cloud ne concordent pas sur le profil Play Games. Aucune donnée en ligne n'a été modifiée.
The encrypted local save could not be bound safely to this Play Games profile. No online data was changed.,The encrypted local save could not be bound safely to this Play Games profile. No online data was changed.,Non è stato possibile collegare in sicurezza il salvataggio locale cifrato a questo profilo Play Games. Nessun dato online è stato modificato.,Der verschlüsselte lokale Speicherstand konnte nicht sicher mit diesem Play Games-Profil verknüpft werden. Es wurden keine Online-Daten geändert.,La sauvegarde locale chiffrée n'a pas pu être associée en toute sécurité à ce profil Play Games. Aucune donnée en ligne n'a été modifiée.
The local Play Games binding could not be persisted safely. No online data was changed.,The local Play Games binding could not be persisted safely. No online data was changed.,Non è stato possibile salvare in sicurezza il collegamento locale a Play Games. Nessun dato online è stato modificato.,Die lokale Play Games-Verknüpfung konnte nicht sicher gespeichert werden. Es wurden keine Online-Daten geändert.,L'association locale à Play Games n'a pas pu être enregistrée en toute sécurité. Aucune donnée en ligne n'a été modifiée.
The Play Games profile changed before cloud deletion completed. No local data was deleted.,The Play Games profile changed before cloud deletion completed. No local data was deleted.,Il profilo Play Games è cambiato prima del completamento dell'eliminazione dal cloud. Nessun dato locale è stato eliminato.,"Das Play Games-Profil hat sich geändert, bevor die Cloud-Löschung abgeschlossen war. Es wurden keine lokalen Daten gelöscht.",Le profil Play Games a changé avant la fin de la suppression dans le cloud. Aucune donnée locale n'a été supprimée.
"Google Play cloud storage is unavailable, so no data was deleted.","Google Play cloud storage is unavailable, so no data was deleted.","Lo spazio di archiviazione cloud di Google Play non è disponibile, pertanto nessun dato è stato eliminato.","Der Cloud-Speicher von Google Play ist nicht verfügbar, daher wurden keine Daten gelöscht.","Le stockage cloud de Google Play est indisponible, aucune donnée n'a donc été supprimée."
Google Play cloud storage became unavailable. No local data was deleted.,Google Play cloud storage became unavailable. No local data was deleted.,Lo spazio di archiviazione cloud di Google Play è diventato non disponibile. Nessun dato locale è stato eliminato.,Der Cloud-Speicher von Google Play ist nicht mehr verfügbar. Es wurden keine lokalen Daten gelöscht.,Le stockage cloud de Google Play est devenu indisponible. Aucune donnée locale n'a été supprimée.
Google Play Games could not confirm that the cloud save was erased. No local data was deleted.,Google Play Games could not confirm that the cloud save was erased. No local data was deleted.,Google Play Games non ha potuto confermare l'eliminazione del salvataggio cloud. Nessun dato locale è stato eliminato.,"Google Play Games konnte nicht bestätigen, dass der Cloud-Speicherstand gelöscht wurde. Es wurden keine lokalen Daten gelöscht.",Google Play Games n'a pas pu confirmer la suppression de la sauvegarde cloud. Aucune donnée locale n'a été supprimée.
Google Play Games did not finish deleting cloud data in time. No local data was deleted.,Google Play Games did not finish deleting cloud data in time. No local data was deleted.,Google Play Games non ha completato in tempo l'eliminazione dei dati cloud. Nessun dato locale è stato eliminato.,Google Play Games hat das Löschen der Cloud-Daten nicht rechtzeitig abgeschlossen. Es wurden keine lokalen Daten gelöscht.,Google Play Games n'a pas terminé la suppression des données cloud à temps. Aucune donnée locale n'a été supprimée.
Google Play Games did not return cloud deletion verification in time. No local data was deleted.,Google Play Games did not return cloud deletion verification in time. No local data was deleted.,Google Play Games non ha restituito in tempo la verifica dell'eliminazione dal cloud. Nessun dato locale è stato eliminato.,Google Play Games hat die Bestätigung der Cloud-Löschung nicht rechtzeitig zurückgegeben. Es wurden keine lokalen Daten gelöscht.,Google Play Games n'a pas renvoyé la vérification de la suppression cloud à temps. Aucune donnée locale n'a été supprimée.
Sign in to Google Play Games is required. No local or cloud data was deleted.,Sign in to Google Play Games is required. No local or cloud data was deleted.,È necessario accedere a Google Play Games. Nessun dato locale o cloud è stato eliminato.,Eine Anmeldung bei Google Play Games ist erforderlich. Es wurden weder lokale noch Cloud-Daten gelöscht.,Une connexion à Google Play Games est requise. Aucune donnée locale ou cloud n'a été supprimée.
Google Play Games could not erase the cloud save. No local data was deleted.,Google Play Games could not erase the cloud save. No local data was deleted.,Google Play Games non è riuscito a eliminare il salvataggio cloud. Nessun dato locale è stato eliminato.,Google Play Games konnte den Cloud-Speicherstand nicht löschen. Es wurden keine lokalen Daten gelöscht.,Google Play Games n'a pas pu effacer la sauvegarde cloud. Aucune donnée locale n'a été supprimée.
Checking Google Play...,Checking Google Play...,Controllo di Google Play in corso...,Google Play wird geprüft...,Vérification de Google Play...
Google Play is not connected.,Google Play is not connected.,Google Play non è connesso.,Google Play ist nicht verbunden.,Google Play n'est pas connecté.
Another purchase is already in progress.,Another purchase is already in progress.,È già in corso un altro acquisto.,Ein anderer Kauf läuft bereits.,Un autre achat est déjà en cours.
The Welcome Premium Pack is not available from Google Play yet.,The Welcome Premium Pack is not available from Google Play yet.,Il Pacchetto Premium di benvenuto non è ancora disponibile su Google Play.,Das Premium-Willkommenspaket ist bei Google Play noch nicht verfügbar.,Le Pack Premium de Bienvenue n'est pas encore disponible sur Google Play.
Google Play could not start the purchase.,Google Play could not start the purchase.,Google Play non è riuscito ad avviare l'acquisto.,Google Play konnte den Kauf nicht starten.,Google Play n'a pas pu lancer l'achat.
This gem bundle is not available from Google Play yet.,This gem bundle is not available from Google Play yet.,Questo pacchetto di gemme non è ancora disponibile su Google Play.,Dieses Edelsteinpaket ist bei Google Play noch nicht verfügbar.,Ce lot de gemmes n'est pas encore disponible sur Google Play.
Google Play Billing was closed. Restart the game to reconnect.,Google Play Billing was closed. Restart the game to reconnect.,Google Play Billing è stato chiuso. Riavvia il gioco per riconnetterti.,"Google Play Billing wurde beendet. Starte das Spiel neu, um die Verbindung wiederherzustellen.",Google Play Billing a été fermé. Redémarre le jeu pour te reconnecter.
"Google Play could not reconnect. Check your connection, then refresh the store.","Google Play could not reconnect. Check your connection, then refresh the store.","Google Play non è riuscito a riconnettersi. Controlla la connessione, quindi aggiorna il negozio.",Google Play konnte die Verbindung nicht wiederherstellen. Prüfe deine Verbindung und aktualisiere dann den Laden.,"Google Play n'a pas pu se reconnecter. Vérifie ta connexion, puis actualise la boutique."
Google Play disconnected. Reopen the treasury to retry.,Google Play disconnected. Reopen the treasury to retry.,Google Play si è disconnesso. Riapri la tesoreria per riprovare.,"Google Play hat die Verbindung getrennt. Öffne die Schatzkammer erneut, um es noch einmal zu versuchen.",Google Play s'est déconnecté. Rouvre le trésor pour réessayer.
Google Play disconnected. Refresh the store to retry.,Google Play disconnected. Refresh the store to retry.,Google Play si è disconnesso. Aggiorna il negozio per riprovare.,"Google Play hat die Verbindung getrennt. Aktualisiere den Laden, um es erneut zu versuchen.",Google Play s'est déconnecté. Actualise la boutique pour réessayer.
Google Play could not connect.,Google Play could not connect.,Google Play non è riuscito a connettersi.,Google Play konnte keine Verbindung herstellen.,Google Play n'a pas pu se connecter.
Google Play could not load bundle details.,Google Play could not load bundle details.,Google Play non è riuscito a caricare i dettagli dei pacchetti.,Google Play konnte die Paketdetails nicht laden.,Google Play n'a pas pu charger les détails des packs.
One or more gem bundles are not active in Google Play.,One or more gem bundles are not active in Google Play.,Uno o più pacchetti di gemme non sono attivi su Google Play.,Ein oder mehrere Edelsteinpakete sind in Google Play nicht aktiv.,Un ou plusieurs packs de gemmes ne sont pas actifs sur Google Play.
The Welcome Premium Pack is not active in Google Play.,The Welcome Premium Pack is not active in Google Play.,Il Pacchetto Premium di benvenuto non è attivo su Google Play.,Das Premium-Willkommenspaket ist in Google Play nicht aktiv.,Le Pack Premium de Bienvenue n'est pas actif dans Google Play.
Google Play could not restore purchases.,Google Play could not restore purchases.,Google Play non è riuscito a ripristinare gli acquisti.,Google Play konnte die Käufe nicht wiederherstellen.,Google Play n'a pas pu restaurer les achats.
Purchase canceled.,Purchase canceled.,Acquisto annullato.,Kauf abgebrochen.,Achat annulé.
Google Play could not complete the purchase.,Google Play could not complete the purchase.,Google Play non è riuscito a completare l'acquisto.,Google Play konnte den Kauf nicht abschließen.,Google Play n'a pas pu finaliser l'achat.
Google Play did not confirm this purchase in time. You can retry.,Google Play did not confirm this purchase in time. You can retry.,Google Play non ha confermato questo acquisto in tempo. Puoi riprovare.,Google Play hat diesen Kauf nicht rechtzeitig bestätigt. Du kannst es erneut versuchen.,Google Play n'a pas confirmé cet achat à temps. Tu peux réessayer.
Google Play returned an incomplete purchase receipt.,Google Play returned an incomplete purchase receipt.,Google Play ha restituito una ricevuta d'acquisto incompleta.,Google Play hat einen unvollständigen Kaufbeleg zurückgegeben.,Google Play a renvoyé un reçu d'achat incomplet.
"The purchase is valid, but the game could not save its gems. Please retry.","The purchase is valid, but the game could not save its gems. Please retry.","L'acquisto è valido, ma il gioco non è riuscito a salvare le gemme. Riprova.","Der Kauf ist gültig, aber das Spiel konnte die Edelsteine nicht speichern. Bitte versuche es erneut.","L'achat est valide, mais le jeu n'a pas pu enregistrer ses gemmes. Réessaie."
"Gems were delivered, but Google Play is still finalizing the purchase.","Gems were delivered, but Google Play is still finalizing the purchase.","Le gemme sono state consegnate, ma Google Play sta ancora completando l'acquisto.","Die Edelsteine wurden geliefert, aber Google Play schließt den Kauf noch ab.","Les gemmes ont été livrées, mais Google Play finalise encore l'achat."
"Your roster is full. Free a hero slot, then refresh Google Play to deliver the pack.","Your roster is full. Free a hero slot, then refresh Google Play to deliver the pack.","L'organico è pieno. Libera una posizione eroe, poi aggiorna Google Play per ricevere il pacchetto.","Dein Aufgebot ist voll. Mache einen Heldenplatz frei und aktualisiere dann Google Play, um das Paket zu erhalten.","Ton effectif est plein. Libère un emplacement de héros, puis actualise Google Play pour recevoir le pack."
"The premium pack is valid, but the game could not save its entitlement. Please retry.","The premium pack is valid, but the game could not save its entitlement. Please retry.","Il pacchetto Premium è valido, ma il gioco non è riuscito a salvarne il diritto. Riprova.","Das Premium-Paket ist gültig, aber das Spiel konnte die Berechtigung nicht speichern. Bitte versuche es erneut.","Le pack Premium est valide, mais le jeu n'a pas pu enregistrer le droit associé. Réessaie."
"The premium pack was delivered, but Google Play is still finalizing it.","The premium pack was delivered, but Google Play is still finalizing it.","Il pacchetto Premium è stato consegnato, ma Google Play sta ancora completando l'acquisto.","Das Premium-Paket wurde ausgeliefert, aber Google Play schließt den Vorgang noch ab.","Le pack Premium a été livré, mais Google Play est encore en train de le finaliser."
Google's privacy choices are unavailable right now. No consent change was made; use the privacy policy for details.,Google's privacy choices are unavailable right now. No consent change was made; use the privacy policy for details.,Le scelte sulla privacy di Google non sono disponibili al momento. Il consenso non è stato modificato; consulta l'informativa sulla privacy per maggiori dettagli.,Die Datenschutzoptionen von Google sind derzeit nicht verfügbar. Die Einwilligung wurde nicht geändert; Einzelheiten findest du in der Datenschutzerklärung.,Les choix de confidentialité de Google ne sont pas disponibles pour le moment. Aucun changement de consentement n'a été effectué ; consulte la politique de confidentialité pour plus de détails.
Google advertising privacy choices are only available on Android.,Google advertising privacy choices are only available on Android.,Le scelte di Google sulla privacy pubblicitaria sono disponibili solo su Android.,Die Datenschutzoptionen für Google-Werbung sind nur auf Android verfügbar.,Les choix de confidentialité publicitaire de Google ne sont disponibles que sur Android.
Google does not require a privacy-options entry point for this device right now. No consent change was made.,Google does not require a privacy-options entry point for this device right now. No consent change was made.,Al momento Google non richiede un punto di accesso alle opzioni di privacy su questo dispositivo. Il consenso non è stato modificato.,Google verlangt derzeit keinen Einstiegspunkt für Datenschutzoptionen auf diesem Gerät. Die Einwilligung wurde nicht geändert.,Google n'exige pas de point d'accès aux options de confidentialité sur cet appareil pour le moment. Aucun changement de consentement n'a été effectué.
Google's privacy choices are already open or cannot be opened right now. No consent change was made.,Google's privacy choices are already open or cannot be opened right now. No consent change was made.,Le scelte sulla privacy di Google sono già aperte oppure non possono essere aperte al momento. Il consenso non è stato modificato.,Die Datenschutzoptionen von Google sind bereits geöffnet oder lassen sich gerade nicht öffnen. Die Einwilligung wurde nicht geändert.,Les choix de confidentialité de Google sont déjà ouverts ou ne peuvent pas être ouverts pour le moment. Aucun changement de consentement n'a été effectué.
Google's privacy choices timed out after the Android activity changed. Try again before changing advertising consent.,Google's privacy choices timed out after the Android activity changed. Try again before changing advertising consent.,La richiesta delle scelte sulla privacy di Google è scaduta dopo il cambio dell'attività Android. Riprova prima di modificare il consenso pubblicitario.,"Die Datenschutzoptionen von Google sind nach einem Wechsel der Android-Activity abgelaufen. Versuche es erneut, bevor du die Werbeeinwilligung änderst.",Les choix de confidentialité de Google ont expiré après le changement d'activité Android. Réessaie avant de modifier le consentement publicitaire.
Preparing a rewarded ad…,Preparing a rewarded ad…,Preparazione di una pubblicità con ricompensa…,Belohnungsanzeige wird vorbereitet…,Préparation d'une annonce avec récompense…
Rewarded ad playing…,Rewarded ad playing…,Pubblicità con ricompensa in riproduzione…,Belohnungsanzeige läuft…,Annonce avec récompense en cours…
Rewarded ad ready,Rewarded ad ready,Pubblicità con ricompensa pronta,Belohnungsanzeige bereit,Annonce avec récompense prête
Rewarded ads are not available on this installation.,Rewarded ads are not available on this installation.,Le pubblicità con ricompensa non sono disponibili in questa installazione.,Belohnungsanzeigen sind in dieser Installation nicht verfügbar.,Les annonces avec récompense ne sont pas disponibles sur cette installation.
Advertising consent is not available on this installation.,Advertising consent is not available on this installation.,Il consenso pubblicitario non è disponibile in questa installazione.,Die Werbeeinwilligung ist in dieser Installation nicht verfügbar.,Le consentement publicitaire n'est pas disponible sur cette installation.
"Advertising consent is required, but the consent form is unavailable. Please try again later.","Advertising consent is required, but the consent form is unavailable. Please try again later.","È necessario il consenso pubblicitario, ma il modulo di consenso non è disponibile. Riprova più tardi.","Die Werbeeinwilligung ist erforderlich, aber das Einwilligungsformular ist nicht verfügbar. Bitte versuche es später erneut.","Le consentement publicitaire est requis, mais le formulaire de consentement est indisponible. Réessaie plus tard."
Advertising consent could not be resolved. Please try again.,Advertising consent could not be resolved. Please try again.,Non è stato possibile determinare il consenso pubblicitario. Riprova.,Die Werbeeinwilligung konnte nicht ermittelt werden. Bitte versuche es erneut.,Le consentement publicitaire n'a pas pu être déterminé. Réessaie.
Advertising consent could not be checked. Check your connection and try again.,Advertising consent could not be checked. Check your connection and try again.,Non è stato possibile verificare il consenso pubblicitario. Controlla la connessione e riprova.,Die Werbeeinwilligung konnte nicht geprüft werden. Prüfe deine Verbindung und versuche es erneut.,Le consentement publicitaire n'a pas pu être vérifié. Vérifie ta connexion et réessaie.
Advertising consent could not be loaded. Check your connection and try again.,Advertising consent could not be loaded. Check your connection and try again.,Non è stato possibile caricare il consenso pubblicitario. Controlla la connessione e riprova.,Die Werbeeinwilligung konnte nicht geladen werden. Prüfe deine Verbindung und versuche es erneut.,Le consentement publicitaire n'a pas pu être chargé. Vérifie ta connexion et réessaie.
Advertising consent could not be shown. Please try again.,Advertising consent could not be shown. Please try again.,Non è stato possibile mostrare il consenso pubblicitario. Riprova.,Die Werbeeinwilligung konnte nicht angezeigt werden. Bitte versuche es erneut.,Le consentement publicitaire n'a pas pu être affiché. Réessaie.
Advertising consent is required before an ad can be shown.,Advertising consent is required before an ad can be shown.,È necessario fornire il consenso pubblicitario prima di poter mostrare una pubblicità.,Vor der Anzeige von Werbung ist die Werbeeinwilligung erforderlich.,Le consentement publicitaire est requis avant de pouvoir afficher une publicité.
Ad closed before completion — no reward claimed.,Ad closed before completion — no reward claimed.,Pubblicità chiusa prima del completamento — nessuna ricompensa riscattata.,Werbung vor dem Ende geschlossen — keine Belohnung abgeholt.,Publicité fermée avant la fin — aucune récompense récupérée.
The ad could not start. Please try again.,The ad could not start. Please try again.,Non è stato possibile avviare la pubblicità. Riprova.,Die Werbung konnte nicht gestartet werden. Bitte versuche es erneut.,La publicité n'a pas pu démarrer. Réessaie.
The ad network could not be reached. Check your connection and try again.,The ad network could not be reached. Check your connection and try again.,Non è stato possibile raggiungere la rete pubblicitaria. Controlla la connessione e riprova.,Das Werbenetzwerk konnte nicht erreicht werden. Prüfe deine Verbindung und versuche es erneut.,Le réseau publicitaire est injoignable. Vérifie ta connexion et réessaie.
No rewarded ad is available right now. Please try again later.,No rewarded ad is available right now. Please try again later.,Al momento non è disponibile alcuna pubblicità con ricompensa. Riprova più tardi.,Derzeit ist keine Belohnungsanzeige verfügbar. Bitte versuche es später erneut.,Aucune annonce avec récompense n'est disponible pour le moment. Réessaie plus tard.
Rewarded ads are temporarily unavailable. Please try again.,Rewarded ads are temporarily unavailable. Please try again.,Le pubblicità con ricompensa sono temporaneamente non disponibili. Riprova.,Belohnungsanzeigen sind vorübergehend nicht verfügbar. Bitte versuche es erneut.,Les annonces avec récompense sont temporairement indisponibles. Réessaie.
 Strength: %s%s., Strength: %s%s., Potenza: %s%s., Stärke: %s%s., Force : %s%s.
 Persists for this encounter., Persists for this encounter., Persiste per questo scontro., Hält für diese Begegnung an., Persiste pour cette rencontre.
 %s turn remaining., %s turn remaining., Resta %s turno., %s Zug verbleibt., %s tour restant.
 %s turns remaining., %s turns remaining., Restano %s turni., %s Züge verbleiben., %s tours restants.
 HP, HP, PV, LP, PV
 Threat, Threat, Minaccia, Bedrohung, Menace
 damage, damage, danni, Schaden, dégâts
+%d%% %s,+%d%% %s,+%d%% %s,+%d%% %s,+%d%% %s
+%d %s,+%d %s,+%d %s,+%d %s,+%d %s
Collected %s item from %s dungeon,Collected %s item from %s dungeon,Raccolto %s oggetto da %s dungeon,%s Gegenstand aus %s Verlies eingesammelt,%s objet récupéré dans %s donjon
Collected %s items from %s dungeon,Collected %s items from %s dungeon,Raccolti %s oggetti da %s dungeon,%s Gegenstände aus %s Verlies eingesammelt,%s objets récupérés dans %s donjon
Collected %s item from %s dungeons,Collected %s item from %s dungeons,Raccolto %s oggetto da %s dungeon,%s Gegenstand aus %s Verliesen eingesammelt,%s objet récupéré dans %s donjons
Collected %s items from %s dungeons,Collected %s items from %s dungeons,Raccolti %s oggetti da %s dungeon,%s Gegenstände aus %s Verliesen eingesammelt,%s objets récupérés dans %s donjons
 · +%s gems, · +%s gems, · +%s gemme, · +%s Edelsteine, · +%s gemmes
In progress,In progress,In corso,In Arbeit,En cours
Trial ready,Trial ready,Prova pronta,Prüfung bereit,Épreuve prête
Available next reset,Available next reset,Al prossimo reset,Verfügbar beim nächsten Zurücksetzen,Disponible à la prochaine réinitialisation
Boss encounter,Boss encounter,Incontro con il boss,Boss-Begegnung,Rencontre de boss
Encounters,Encounters,Incontri,Begegnungen,Rencontres
Stopped,Stopped,Fermato,Gestoppt,Arrêté
Running | %s/%s heroes,Running | %s/%s heroes,In corso | %s/%s eroi,Läuft | %s/%s Helden,En cours | %s/%s héros
 | Mist %s%%, | Mist %s%%, | Nebbia %s%%, | Nebel %s%%, | Brume %s%%
%s | %s pending items,%s | %s pending items,%s | %s oggetti in attesa,%s | %s ausstehende Gegenstände,%s | %s objets en attente
Stopped · %s items ready,Stopped · %s items ready,Fermato · %s oggetti pronti,Angehalten · %s Gegenstände bereit,Arrêté · %s objets prêts
Empty · Team limit %s,Empty · Team limit %s,Vuoto · Limite gruppo %s,Leer · Teamlimit %s,Vide · Limite d'équipe %s
Story complete,Story complete,Storia completata,Geschichte abgeschlossen,Histoire terminée
Story complete | Boss revealed,Story complete | Boss revealed,Storia completata | Boss rivelato,Geschichte abgeschlossen | Boss enthüllt,Histoire terminée | Boss révélé
Story complete | %s [%s/%s],Story complete | %s [%s/%s],Storia completata | %s [%s/%s],Geschichte abgeschlossen | %s [%s/%s],Histoire terminée | %s [%s/%s]
Boss revealed,Boss revealed,Boss rivelato,Boss enthüllt,Boss révélé
%s [%s/%s],%s [%s/%s],%s [%s/%s],%s [%s/%s],%s [%s/%s]
%s pending items,%s pending items,%s oggetti in attesa,%s ausstehende Gegenstände,%s objets en attente
Mist %s%% | %s pending items,Mist %s%% | %s pending items,Nebbia %s%% | %s oggetti in attesa,Nebel %s%% | %s ausstehende Gegenstände,Brume %s%% | %s objets en attente
Encounters %s/%s | Kills %s | Boss damage %s%% | Deaths %s | XP lost %s | Runes %s | Materials %s | Rare %s,Encounters %s/%s | Kills %s | Boss damage %s%% | Deaths %s | XP lost %s | Runes %s | Materials %s | Rare %s,Incontri %s/%s | Uccisioni %s | Danni al boss %s%% | Morti %s | PE persi %s | Rune %s | Materiali %s | Oggetti rari %s,Begegnungen %s/%s | Siege %s | Bossschaden %s%% | Tode %s | Verlorene EP %s | Runen %s | Materialien %s | Selten %s,Rencontres %s/%s | Victoires %s | Dégâts au boss %s%% | Morts %s | XP perdus %s | Runes %s | Matériaux %s | Rares %s
Living nodes: %s,Living nodes: %s,Nodi viventi: %s,Lebende Knoten: %s,Nœuds vivants : %s
Pressure: %s/100,Pressure: %s/100,Pressione: %s/100,Druck: %s/100,Pression : %s/100
%s sign | Alignment %s/%s | %s hero actions left | Star Hunger %s,%s sign | Alignment %s/%s | %s hero actions left | Star Hunger %s,Segno %s | Allineamento %s/%s | %s azioni eroe rimaste | Fame Stellare %s,Zeichen %s | Ausrichtung %s/%s | %s Heldenaktionen übrig | Sternenhunger %s,Signe %s | Alignement %s/%s | %s actions de héros restantes | Faim stellaire %s
%s | %s hero actions left | Lastlight %s/100,%s | %s hero actions left | Lastlight %s/100,%s | %s azioni eroe rimaste | Ultimaluce %s/100,%s | %s Heldenaktionen übrig | Letztlicht %s/100,%s | %s actions de héros restantes | Dernière lueur %s/100
One-time purchase · %s,One-time purchase · %s,Acquisto una tantum · %s,Einmaliger Kauf · %s,Achat unique · %s
Rewards ready,Rewards ready,Ricompense pronte,Belohnungen bereit,Récompenses prêtes
Running,Running,In corso,Läuft,En cours
Inspect %s · %s,Inspect %s · %s,Ispeziona %s · %s,%s · %s untersuchen,Inspecter %s · %s
TIER %s,TIER %s,GRADO %s,GRAD %s,PALIER %s
%s/%s heroes,%s/%s heroes,%s/%s eroi,%s/%s Helden,%s/%s héros
Rewards waiting,Rewards waiting,Ricompense in attesa,Belohnungen warten,Récompenses en attente
No party assigned,No party assigned,Nessun gruppo assegnato,Keine Gruppe zugewiesen,Aucun groupe assigné
"Dungeon reward running time: %s day, %s","Dungeon reward running time: %s day, %s","Tempo di accumulo delle ricompense del dungeon: %s giorno, %s","Laufzeit der Verlies-Belohnungen: %s Tag, %s","Durée d'accumulation des récompenses de donjon : %s jour, %s"
"Dungeon reward running time: %s days, %s","Dungeon reward running time: %s days, %s","Tempo di accumulo delle ricompense del dungeon: %s giorni, %s","Laufzeit der Verlies-Belohnungen: %s Tage, %s","Durée d'accumulation des récompenses de donjon : %s jours, %s"
Dungeon reward running time: %s,Dungeon reward running time: %s,Tempo di accumulo delle ricompense del dungeon: %s,Laufzeit der Verlies-Belohnungen: %s,Durée d'accumulation des récompenses de donjon : %s
Mist %s%%,Mist %s%%,Nebbia %s%%,Nebel %s%%,Brume %s%%
Inspect %s in the %s slot,Inspect %s in the %s slot,Ispeziona %s nello slot %s,%s im Platz %s untersuchen,Inspecter %s dans l'emplacement %s
%s slot is empty,%s slot is empty,Lo slot %s è vuoto,Platz %s ist leer,L'emplacement %s est vide
Manage %s,Manage %s,Gestisci %s,%s verwalten,Gérer %s
NEW — %s,NEW — %s,NUOVA — %s,NEU — %s,NOUVEAU — %s
"Rune pieces can drop from any non-node enemy, with improved odds later in the raid. The boss always drops its material. The first unique accessory starts at %s%% and gains +5 percentage points after each successful clear without it, guaranteeing the first copy by clear 10. After discovery, duplicate rolls return to %s%%. Duplicate accessories may be equipped by different heroes, but one hero cannot equip two copies of the same unique accessory.","Rune pieces can drop from any non-node enemy, with improved odds later in the raid. The boss always drops its material. The first unique accessory starts at %s%% and gains +5 percentage points after each successful clear without it, guaranteeing the first copy by clear 10. After discovery, duplicate rolls return to %s%%. Duplicate accessories may be equipped by different heroes, but one hero cannot equip two copies of the same unique accessory.","I Frammenti runici possono essere ottenuti da qualsiasi nemico che non sia un nodo, con probabilità migliori nelle fasi avanzate del raid. Il boss lascia sempre il proprio materiale. Il primo accessorio unico parte dal %s%% e guadagna +5 punti percentuali dopo ogni vittoria in cui non viene ottenuto, garantendo la prima copia entro la decima vittoria. Dopo la scoperta, le probabilità dei duplicati tornano al %s%%. Gli accessori duplicati possono essere equipaggiati da eroi diversi, ma un singolo eroe non può equipaggiare due copie dello stesso accessorio unico.","Runenfragmente können von jedem Gegner fallen, der kein Knoten ist, mit besseren Chancen im späteren Verlauf des Raids. Der Boss lässt immer sein Material fallen. Das erste einzigartige Accessoire startet bei %s%% und gewinnt nach jedem erfolgreichen Abschluss ohne das Accessoire +5 Prozentpunkte, sodass die erste Kopie spätestens beim 10. Abschluss garantiert ist. Nach der Entdeckung kehren die Würfe für Duplikate zu %s%% zurück. Doppelte Accessoires dürfen von verschiedenen Helden getragen werden, aber ein Held kann nicht zwei Kopien desselben einzigartigen Accessoires ausrüsten.","Les fragments de rune peuvent être lâchés par tout ennemi qui n'est pas un nœud, avec de meilleures chances plus loin dans le raid. Le boss lâche toujours son matériau. Le premier accessoire unique commence à %s%% et gagne +5 points de pourcentage après chaque victoire sans lui, garantissant le premier exemplaire au plus tard à la 10e victoire. Après sa découverte, les tirages de doublons reviennent à %s%%. Des accessoires en double peuvent être équipés par des héros différents, mais un même héros ne peut pas équiper deux exemplaires du même accessoire unique."
CITY,CITY,CITTÀ,STADT,VILLE
HEROES,HEROES,EROI,HELDEN,HÉROS
DUNGEONS,DUNGEONS,DUNGEON,VERLIESE,DONJONS
RAIDS,RAIDS,RAID,RAIDS,RAIDS
SETTINGS,SETTINGS,IMPOSTAZIONI,OPTIONEN,OPTIONS
City,City,Città,Stadt,Ville
Heroes,Heroes,Eroi,Helden,Héros
Dungeons,Dungeons,Dungeon,Verliese,Donjons
Raids,Raids,Raid,Raids,Raids
Settings,Settings,Opzioni,Optionen,Options
Language,Language,Lingua,Sprache,Langue
Choose the game language,Choose the game language,Scegli la lingua del gioco,Wähle die Spielsprache,Choisis la langue du jeu
Choose the language used throughout the game. Changes take effect immediately and are remembered on this device.,Choose the language used throughout the game. Changes take effect immediately and are remembered on this device.,Scegli la lingua usata in tutto il gioco. Le modifiche hanno effetto immediato e vengono memorizzate su questo dispositivo.,Wähle die im gesamten Spiel verwendete Sprache. Änderungen wirken sofort und werden auf diesem Gerät gespeichert.,Choisis la langue utilisée dans tout le jeu. Les changements prennent effet immédiatement et sont mémorisés sur cet appareil.
English,English,Inglese,English,English
Italiano,Italiano,Italiano,Italiano,Italiano
Switch language to English,Switch language to English,Passa all'inglese,Sprache auf Englisch umstellen,Passer la langue à l'anglais
Switch language to Italian,Switch language to Italian,Passa all'italiano,Sprache auf Italienisch umstellen,Passer la langue à l'italien
Platinum coins,Platinum coins,Monete di platino,Platinmünzen,Pièces de platine
Gold coins,Gold coins,Monete d'oro,Goldmünzen,Pièces d'or
Silver coins,Silver coins,Monete d'argento,Silbermünzen,Pièces d'argent
Copper coins,Copper coins,Monete di rame,Kupfermünzen,Pièces de cuivre
Open the Gem Treasury,Open the Gem Treasury,Apri la Tesoreria delle gemme,Edelstein-Schatzkammer öffnen,Ouvrir le Trésor des gemmes
GEMS   0,GEMS   0,GEMME   0,EDELSTEINE   0,GEMMES   0
Tavern,Tavern,Taverna,Taverne,Taverne
Shop,Shop,Negozio,Laden,Boutique
Inventory,Inventory,Inventario,Inventar,Inventaire
Craft,Craft,Crea,Fertigen,Créer
PETS,PETS,FAMIGLI,BEGLEITER,FAMILIERS
Switch to hero grid view,Switch to hero grid view,Passa alla visualizzazione a griglia degli eroi,Zur Rasteransicht der Helden wechseln,Passer à l'affichage en grille des héros
Switch to hero list view,Switch to hero list view,Passa alla visualizzazione a elenco degli eroi,Zur Listenansicht der Helden wechseln,Passer à l'affichage en liste des héros
Sort heroes by base class,Sort heroes by base class,Ordina gli eroi per classe base,Helden nach Basisklasse sortieren,Trier les héros par classe de base
Manage hero order and roster,Manage hero order and roster,Gestisci l'ordine degli eroi e l'organico,Heldenreihenfolge und Kader verwalten,Gérer l'ordre des héros et l'effectif
Remove hero,Remove hero,Rimuovi eroe,Held entfernen,Retirer le héros
Remove this hero from the roster?,Remove this hero from the roster?,Rimuovere questo eroe dall'organico?,Diesen Helden aus dem Kader entfernen?,Retirer ce héros de l'effectif ?
Cancel,Cancel,Annulla,Abbrechen,Annuler
Remove,Remove,Rimuovi,Entfernen,Retirer
Collect every unclaimed reward from all dungeons,Collect every unclaimed reward from all dungeons,Raccogli tutte le ricompense non riscosse da ogni dungeon,Sammle jede nicht abgeholte Belohnung aus allen Verliesen ein,Récupère toutes les récompenses non réclamées de tous les donjons
Collect All,Collect All,Raccogli tutto,Alles einsammeln,Tout récupérer
RAID PATHWAYS  -  One independent entry per unlocked raid each UTC day,RAID PATHWAYS  -  One independent entry per unlocked raid each UTC day,PERCORSI DEI RAID  -  Un ingresso indipendente per ogni raid sbloccato ogni giorno UTC,RAID-PFADE  -  Ein unabhängiger Zutritt pro freigeschaltetem Raid an jedem UTC-Tag,VOIES DE RAID  -  Une entrée indépendante par raid débloqué chaque jour UTC
Sound,Sound,Audio,Ton,Son
Battery Savings,Battery Savings,Risparmio batteria,Akkusparmodus,Économie de batterie
Save power and extend battery life,Save power and extend battery life,Risparmia energia e prolunga la durata della batteria,Strom sparen und die Akkulaufzeit verlängern,Économiser l'énergie et prolonger l'autonomie
"Caps the game at 30 FPS, reduces background UI refreshes, disables combat animations, and dims the screen. Gameplay progress and combat timing are unchanged.","Caps the game at 30 FPS, reduces background UI refreshes, disables combat animations, and dims the screen. Gameplay progress and combat timing are unchanged.","Limita il gioco a 30 FPS, riduce gli aggiornamenti dell'interfaccia in background, disattiva le animazioni di combattimento e oscura lo schermo. I progressi di gioco e i tempi di combattimento restano invariati.","Begrenzt das Spiel auf 30 FPS, reduziert Oberflächen-Aktualisierungen im Hintergrund, deaktiviert Kampfanimationen und dimmt den Bildschirm. Spielfortschritt und Kampf-Timing bleiben unverändert.","Limite le jeu à 30 FPS, réduit les rafraîchissements d'interface en arrière-plan, désactive les animations de combat et assombrit l'écran. La progression et le rythme des combats restent inchangés."
Recommended when your device is running low on battery.,Recommended when your device is running low on battery.,Consigliata quando la batteria del dispositivo è quasi scarica.,"Empfohlen, wenn der Akku deines Geräts zur Neige geht.",Recommandé lorsque la batterie de ton appareil est faible.
Enable Battery Savings,Enable Battery Savings,Attiva Risparmio batteria,Akkusparmodus aktivieren,Activer l'économie de batterie
Use less power while keeping gameplay active,Use less power while keeping gameplay active,Riduci il consumo energetico mantenendo il gioco attivo,Weniger Energie verbrauchen und das Spiel trotzdem aktiv halten,Consomme moins d'énergie tout en gardant le jeu actif
Emberflow · endless tavern soundtrack,Emberflow · endless tavern soundtrack,Emberflow · colonna sonora infinita della taverna,Emberflow · endloser Tavernen-Soundtrack,Emberflow · bande-son de taverne sans fin
Emberflow · muted,Emberflow · muted,Emberflow · audio disattivato,Emberflow · stummgeschaltet,Emberflow · son coupé
Master,Master,Generale,Meister,Maître
Music,Music,Musica,Musik,Musique
Mute all audio,Mute all audio,Disattiva tutto l'audio,Gesamten Ton stummschalten,Couper tout le son
Mailbox,Mailbox,Posta,Postfach,Boîte aux lettres
Help,Help,Aiuto,Hilfe,Aide
Bestiary,Bestiary,Bestiario,Bestiarium,Bestiaire
Item Catalog,Item Catalog,Catalogo oggetti,Gegenstandskatalog,Catalogue d'objets
Class Catalog,Class Catalog,Catalogo classi,Klassenkatalog,Catalogue des classes
Statuses,Statuses,Stati,Zustände,États
Play Games,Play Games,Play Games,Play Games,Play Games
"Google Play Games profile, achievements, and leaderboards","Google Play Games profile, achievements, and leaderboards","Profilo, obiettivi e classifiche di Google Play Games","Google-Play-Games-Profil, Erfolge und Bestenlisten","Profil, succès et classements Google Play Games"
About Me,About Me,Chi sono,Über mich,À propos
A note from the developer,A note from the developer,Una nota dello sviluppatore,Eine Notiz vom Entwickler,Un mot du développeur
Join Discord,Join Discord,Discord,Discord,Discord
Join the Idle Party Dungeon community on Discord,Join the Idle Party Dungeon community on Discord,Unisciti alla comunità di Idle Party Dungeon su Discord,Tritt der Idle-Party-Dungeon-Community auf Discord bei,Rejoins la communauté Idle Party Dungeon sur Discord
Wiki,Wiki,Wiki,Wiki,Wiki
Open the Idle Party Dungeon wiki,Open the Idle Party Dungeon wiki,Apri la wiki di Idle Party Dungeon,Das Idle-Party-Dungeon-Wiki öffnen,Ouvrir le Wiki d'Idle Party Dungeon
Privacy,Privacy,Privacy,Datenschutz,Confidentialité
Privacy policy and advertising consent choices,Privacy policy and advertising consent choices,Informativa sulla privacy e scelte sul consenso pubblicitario,Datenschutzerklärung und Optionen zur Werbeeinwilligung,Politique de confidentialité et choix de consentement publicitaire
Dungeon,Dungeon,Dungeon,Verlies,Donjon
Empty,Empty,Vuoto,Leer,Vide
Close,Close,Chiudi,Schließen,Fermer
Choose a hero,Choose a hero,Scegli un eroe,Held wählen,Choisir un héros
Team slot 1,Team slot 1,Slot squadra 1,Teamplatz 1,Emplacement d'équipe 1
Clear slot,Clear slot,Svuota slot,Platz leeren,Vider l'emplacement
Back,Back,Indietro,Zurück,Retour
Feature,Feature,Funzione,Funktion,Fonction
About this feature,About this feature,Informazioni su questa funzione,Über diese Funktion,À propos de cette fonctionnalité
Promote,Promote,Promuovi,Befördern,Promouvoir
Recipes,Recipes,Ricette,Rezepte,Recettes
Feature Help,Feature Help,Aiuto sulla funzione,Funktionshilfe,Aide sur la fonction
Feature guidance,Feature guidance,Guida alla funzione,Funktionshinweise,Guide de la fonctionnalité
Dungeon Catalog,Dungeon Catalog,Catalogo dei dungeon,Verlieskatalog,Catalogue des donjons
Encounter enemies and collect their drops to reveal this catalog.,Encounter enemies and collect their drops to reveal this catalog.,Affronta i nemici e raccogli il loro bottino per svelare questo catalogo.,"Begegne Gegnern und sammle ihre Beute ein, um diesen Katalog zu enthüllen.",Rencontre des ennemis et récupère leur butin pour révéler ce catalogue.
Back to Bestiary,Back to Bestiary,Torna al Bestiario,Zurück zum Bestiarium,Retour au Bestiaire
A Letter,A Letter,Una lettera,Ein Brief,Une lettre
From: Unknown Sender,From: Unknown Sender,Da: Mittente sconosciuto,Von: Unbekannter Absender,De : Expéditeur inconnu
Letter body,Letter body,Corpo della lettera,Brieftext,Corps de la lettre
Next objective,Next objective,Prossimo obiettivo,Nächstes Ziel,Prochain objectif
Back to Mailbox,Back to Mailbox,Torna alla posta,Zurück zum Postfach,Retour à la Boîte aux lettres
Save Team,Save Team,Salva squadra,Team speichern,Sauver l'équipe
Load Team,Load Team,Carica squadra,Team laden,Charger l'équipe
Begin Daily Raid,Begin Daily Raid,Avvia raid giornaliero,Täglichen Raid starten,Lancer le raid quotidien
"Raid position - Row 1, Column 1","Raid position - Row 1, Column 1","Posizione raid - Riga 1, Colonna 1","Raid-Position - Reihe 1, Spalte 1","Position de raid - Rangée 1, Colonne 1"
Crafting Recipes,Crafting Recipes,Ricette di creazione,Handwerksrezepte,Recettes d'artisanat
Rename hero,Rename hero,Rinomina eroe,Held umbenennen,Renommer le héros
Hero name,Hero name,Nome dell'eroe,Heldenname,Nom du héros
Name cannot be empty.,Name cannot be empty.,Il nome non può essere vuoto.,Der Name darf nicht leer sein.,Le nom ne peut pas être vide.
Confirm,Confirm,Conferma,Bestätigen,Confirmer
Craft item,Craft item,Crea oggetto,Gegenstand herstellen,Fabriquer l'objet
Choose the number of crafts to add as one batch.,Choose the number of crafts to add as one batch.,Scegli quante creazioni aggiungere come lotto unico.,"Wähle die Anzahl der Herstellungen, die als eine Charge hinzugefügt werden.",Choisis le nombre de fabrications à ajouter en un seul lot.
Batch time: 00:01:00,Batch time: 00:01:00,Durata lotto: 00:01:00,Chargenzeit: 00:01:00,Durée du lot : 00:01:00
Cancel crafting batch?,Cancel crafting batch?,Annullare il lotto di creazione?,Handwerkscharge abbrechen?,Annuler le lot d'artisanat ?
"Delete this batch from the crafting queue?

All reserved materials will be refunded.","Delete this batch from the crafting queue?

All reserved materials will be refunded.","Eliminare questo lotto dalla coda di creazione?

Tutti i materiali riservati saranno rimborsati.","Diese Charge aus der Handwerks-Warteschlange löschen?

Alle reservierten Materialien werden erstattet.","Supprimer ce lot de la file d'artisanat ?

Tous les matériaux réservés seront remboursés."
Keep Craft,Keep Craft,Mantieni lotto,Los behalten,Conserver le lot
Delete & Refund,Delete & Refund,Elimina e rimborsa,Löschen & erstatten,Supprimer et rembourser
Refresh raid entry?,Refresh raid entry?,Rinnovare l'ingresso al raid?,Raid-Zutritt erneuern?,Renouveler l'entrée de raid ?
Buy another entry for this Raid?,Buy another entry for this Raid?,Acquistare un altro ingresso per questo raid?,Einen weiteren Zugang für diesen Raid kaufen?,Acheter une autre entrée pour ce Raid ?
Buy Entry,Buy Entry,Acquista ingresso,Zutritt kaufen,Acheter l'entrée
Watch an ad?,Watch an ad?,Guardare una pubblicità?,Werbung ansehen?,Regarder une publicité ?
"Watch a short ad to receive 35 gems?

The reward can be claimed once per day.","Watch a short ad to receive 35 gems?

The reward can be claimed once per day.","Guardare una breve pubblicità per ricevere 35 gemme?

La ricompensa può essere riscossa una volta al giorno.","Eine kurze Werbung ansehen, um 35 Edelsteine zu erhalten?

Die Belohnung kann einmal pro Tag abgeholt werden.","Regarder une courte publicité pour recevoir 35 gemmes ?

La récompense peut être réclamée une fois par jour."
Not Now,Not Now,Non ora,Später,Plus tard
Watch Ad · +35 Gems,Watch Ad · +35 Gems,Guarda pubblicità · +35 gemme,Werbung ansehen · +35 Edelsteine,Regarder une pub · +35 Gemmes
Seal this formation?,Seal this formation?,Sigillare questa formazione?,Diese Formation besiegeln?,Sceller cette formation ?
"Save this exact formation, including empty positions?","Save this exact formation, including empty positions?","Salvare questa formazione esatta, incluse le posizioni vuote?","Diese Formation exakt so speichern, einschließlich leerer Positionen?","Enregistrer cette formation telle quelle, y compris les positions vides ?"
Keep Current Save,Keep Current Save,Mantieni il salvataggio attuale,Aktuellen Speicherstand behalten,Conserver la sauvegarde actuelle
Seal Formation,Seal Formation,Sigilla formazione,Formation besiegeln,Sceller la formation
Formation Partially Restored,Formation Partially Restored,Formazione ripristinata in parte,Formation teilweise wiederhergestellt,Formation partiellement rétablie
Unavailable heroes,Unavailable heroes,Eroi non disponibili,Nicht verfügbare Helden,Héros indisponibles
Review Formation,Review Formation,Rivedi formazione,Formation prüfen,Vérifier la formation
Delete all user data?,Delete all user data?,Eliminare tutti i dati utente?,Alle Nutzerdaten löschen?,Supprimer toutes les données utilisateur ?
"This permanently deletes all progress and settings stored on this device, all encrypted recovery copies, and the private Google Play Games cloud save.

This cannot be undone.","This permanently deletes all progress and settings stored on this device, all encrypted recovery copies, and the private Google Play Games cloud save.

This cannot be undone.","Elimina definitivamente progressi, impostazioni, copie di recupero cifrate e il salvataggio cloud privato di Google Play Games.

Operazione irreversibile.","Dadurch werden alle auf diesem Gerät gespeicherten Fortschritte und Einstellungen, alle verschlüsselten Wiederherstellungskopien und der private Cloud-Speicherstand von Google Play Games dauerhaft gelöscht.

Dies kann nicht rückgängig gemacht werden.","Cette action supprime définitivement toute la progression et tous les paramètres enregistrés sur cet appareil, toutes les copies de récupération chiffrées et la sauvegarde cloud privée Google Play Games.

Cette action est irréversible."
Delete Everything,Delete Everything,Elimina tutto,Alles löschen,Tout supprimer
"Welcome, Adventurer!","Welcome, Adventurer!","Benvenuto, avventuriero!","Willkommen, Abenteurer!","Bienvenue, aventurier !"
"Build a party, brave the dungeons, and grow stronger even while you are away. Your first expedition is only a few steps away.","Build a party, brave the dungeons, and grow stronger even while you are away. Your first expedition is only a few steps away.","Forma un gruppo, affronta i dungeon e diventa più forte anche quando non giochi. La tua prima spedizione è a pochi passi.","Stelle eine Gruppe auf, trotze den Verliesen und werde stärker, selbst wenn du weg bist. Deine erste Expedition ist nur wenige Schritte entfernt.","Constitue un groupe, brave les donjons et deviens plus fort même quand tu n'es pas là. Ta première expédition n'est qu'à quelques pas."
Your First Steps,Your First Steps,I tuoi primi passi,Deine ersten Schritte,Tes premiers pas
1. CITY  •  Open the Tavern and recruit your first hero.,1. CITY  •  Open the Tavern and recruit your first hero.,1. CITTÀ  •  Apri la Taverna e recluta il tuo primo eroe.,1. STADT  •  Öffne die Taverne und rekrutiere deinen ersten Helden.,1. VILLE  •  Ouvre la Taverne et recrute ton premier héros.
"2. DUNGEONS  •  Choose an unlocked dungeon, add your hero to the party, and begin the run.","2. DUNGEONS  •  Choose an unlocked dungeon, add your hero to the party, and begin the run.","2. DUNGEON  •  Scegli un dungeon sbloccato, aggiungi il tuo eroe al gruppo e avvia la spedizione.","2. VERLIESE  •  Wähle ein freigeschaltetes Verlies, füge deinen Helden der Gruppe hinzu und starte den Lauf.","2. DONJONS  •  Choisis un donjon débloqué, ajoute ton héros au groupe et lance l'expédition."
"3. REWARDS  •  Return to collect completed runs, then open Heroes to equip your new loot.","3. REWARDS  •  Return to collect completed runs, then open Heroes to equip your new loot.","3. RICOMPENSE  •  Torna a riscuotere le spedizioni completate, poi apri Eroi per equipaggiare il nuovo bottino.","3. BELOHNUNGEN  •  Kehre zurück, um abgeschlossene Läufe einzusammeln, und öffne dann Helden, um deine neue Beute auszurüsten.","3. RÉCOMPENSES  •  Reviens récupérer les expéditions terminées, puis ouvre Héros pour équiper ton nouveau butin."
"STEP FOUR · COINS & HEROES  •  Open Inventory, select spare items, and sell them for Coins. Spend those Coins at the Tavern to recruit more heroes.","STEP FOUR · COINS & HEROES  •  Open Inventory, select spare items, and sell them for Coins. Spend those Coins at the Tavern to recruit more heroes.","PASSAGGIO QUATTRO · MONETE ED EROI  •  Apri l'Inventario, seleziona gli oggetti in più e vendili per ottenere Monete. Spendile alla Taverna per reclutare altri eroi.","SCHRITT VIER · MÜNZEN & HELDEN  •  Öffne das Inventar, wähle überzählige Gegenstände aus und verkaufe sie für Münzen. Gib diese Münzen in der Taverne aus, um weitere Helden zu rekrutieren.","ÉTAPE QUATRE · PIÈCES ET HÉROS  •  Ouvre l'Inventaire, sélectionne les objets en trop et vends-les contre des Pièces. Dépense ces Pièces à la Taverne pour recruter d'autres héros."
"5. GROW  •  Recruit a balanced party, craft upgrades in the City, and unlock deeper challenges.","5. GROW  •  Recruit a balanced party, craft upgrades in the City, and unlock deeper challenges.","5. CRESCI  •  Recluta un gruppo equilibrato, crea potenziamenti in Città e sblocca sfide più profonde.","5. WACHSE  •  Rekrutiere eine ausgewogene Gruppe, stelle Verbesserungen in der Stadt her und schalte tiefere Herausforderungen frei.","5. GRANDIS  •  Recrute un groupe équilibré, fabrique des améliorations en Ville et débloque des défis plus profonds."
Tip: Combat and crafting continue while the game is closed.,Tip: Combat and crafting continue while the game is closed.,Suggerimento: il combattimento e la creazione continuano mentre il gioco è chiuso.,"Tipp: Kampf und Handwerk laufen weiter, während das Spiel geschlossen ist.",Astuce : le combat et l'artisanat continuent lorsque le jeu est fermé.
Begin Your Adventure,Begin Your Adventure,Inizia la tua avventura,Beginne dein Abenteuer,Commence ton aventure
Pet name,Pet name,Nome del famiglio,Begleitername,Nom du familier
"Rare Species
Family","Rare Species
Family","Specie rara
Famiglia","Seltene Art
Familie","Espèce rare
Famille"
Level 1 / 20,Level 1 / 20,Livello 1 / 20,Stufe 1 / 20,Niveau 1 / 20
Available for an expedition,Available for an expedition,Disponibile per una spedizione,Verfügbar für eine Expedition,Disponible pour une expédition
ACTION,ACTION,AZIONE,AKTION,ACTION
Weapon,Weapon,Arma,Waffe,Arme
WPN,WPN,ARMA,WAF,ARME
EQUIPMENT_SLOT_WEAPON_SHORT,WPN,AR,WAF,ARME
EQUIPMENT_SLOT_ARMOR_SHORT,ARM,CO,RÜS,ARM
EQUIPMENT_SLOT_ACCESSORY_1_SHORT,A1,A1,A1,A1
EQUIPMENT_SLOT_ACCESSORY_2_SHORT,A2,A2,A2,A2
Manage,Manage,Gestisci,Verwalten,Gérer
Notification message,Notification message,Messaggio di notifica,Benachrichtigungstext,Message de notification
Open dungeon report,Open dungeon report,Apri il rapporto del dungeon,Verliesbericht öffnen,Ouvrir le rapport du donjon
Dungeon reward running time,Dungeon reward running time,Tempo attivo delle ricompense del dungeon,Laufzeit der Verlies-Belohnungen,Durée d'accumulation des récompenses de donjon
Lv.1,Lv.1,Liv.1,St.1,Niv.1
Common,Common,Comune,Gewöhnlich,Commun
Rare,Rare,Raro,Selten,Rare
Epic,Epic,Epico,Episch,Épique
Legendary,Legendary,Leggendario,Legendär,Légendaire
RARE,RARE,RARO,SELTEN,RARE
"Species
2 bonuses","Species
2 bonuses","Specie
2 bonus","Art
2 Boni","Espèce
2 bonus"
AVAILABLE,AVAILABLE,DISPONIBILE,VERFÜGBAR,DISPONIBLE
Crafted Item x1,Crafted Item x1,Oggetto creato x1,Hergestellter Gegenstand x1,Objet fabriqué x1
Waiting · 00:01:00,Waiting · 00:01:00,In attesa · 00:01:00,Wartet · 00:01:00,En attente · 00:01:00
Cancel craft and refund materials,Cancel craft and refund materials,Annulla la creazione e rimborsa i materiali,Herstellung abbrechen und Materialien erstatten,Annuler la fabrication et rembourser les matériaux
Raid,Raid,Raid,Raid,Raid
Entry ready,Entry ready,Ingresso pronto,Zutritt bereit,Entrée prête
Raid unlocked,Raid unlocked,Raid sbloccato,Raid freigeschaltet,Raid débloqué
8 heroes - 15 encounters,8 heroes - 15 encounters,8 eroi - 15 scontri,8 Helden - 15 Begegnungen,8 héros - 15 rencontres
Dungeon Report,Dungeon Report,Rapporto del dungeon,Verliesbericht,Rapport de donjon
Collect loot,Collect loot,Raccogli bottino,Beute einsammeln,Récupérer le butin
Stop,Stop,Ferma,Stopp,Arrêter
Class,Class,Classe,Klasse,Classe
Entity name,Entity name,Nome entità,Entitätsname,Nom de l'entité
Base class,Base class,Classe base,Basisklasse,Classe de base
Equip,Equip,Equipaggia,Ausrüsten,Équiper
Base,Base,Base,Basis,Base
Advanced,Advanced,Avanzate,Erweitert,Avancé
Skills,Skills,Abilità,Fähigkeiten,Compétences
Runes,Runes,Rune,Runen,Runes
Inspect,Inspect,Esamina,Ansehen,Examiner
"Select the class, an item, a stat, or a skill to read its description.","Select the class, an item, a stat, or a skill to read its description.","Seleziona la classe, un oggetto, una statistica o un'abilità per leggerne la descrizione.","Wähle die Klasse, einen Gegenstand, einen Wert oder eine Fähigkeit, um die Beschreibung zu lesen.","Sélectionne la classe, un objet, une statistique ou une compétence pour lire sa description."
Mist 10%: enemies gain +10% Evade.,Mist 10%: enemies gain +10% Evade.,Nebbia 10%: i nemici ottengono +10% Schivata.,Nebel 10%: Gegner erhalten +10% Ausweichen.,Brume 10% : les ennemis gagnent +10% Esquive.
Mist 0%,Mist 0%,Nebbia 0%,Nebel 0%,Brume 0%
"ANY
WPN","ANY
WPN","QUALSIASI
ARMA","BEL.
WAF","TOUTE
ARME"
Raid set,Raid set,Set da raid,Raid-Set,Panoplie de raid
Class Name,Class Name,Nome classe,Klassenname,Nom de classe
SPECIALIZED CLASS,SPECIALIZED CLASS,CLASSE SPECIALIZZATA,SPEZIALISIERTE KLASSE,CLASSE SPÉCIALISÉE
Class description,Class description,Descrizione della classe,Klassenbeschreibung,Description de la classe
Choose,Choose,Scegli,Wählen,Choisir
ACTIVE SKILL,ACTIVE SKILL,ABILITÀ ATTIVA,AKTIVE FÄHIGKEIT,COMPÉTENCE ACTIVE
PASSIVE SKILL,PASSIVE SKILL,ABILITÀ PASSIVA,PASSIVE FÄHIGKEIT,COMPÉTENCE PASSIVE
Skill Name,Skill Name,Nome abilità,Fähigkeitsname,Nom de compétence
Skill description,Skill description,Descrizione dell'abilità,Fähigkeitsbeschreibung,Description de la compétence
Stat Name,Stat Name,Nome statistica,Wertname,Nom de la stat
RAW,RAW,GREZ,ROH,BRUT
Item name,Item name,Nome oggetto,Gegenstandsname,Nom de l'objet
Rune,Rune,Runa,Rune,Rune
Rank 0/4,Rank 0/4,Grado 0/4,Rang 0/4,Rang 0/4
Effect +0%,Effect +0%,Effetto +0%,Effekt +0%,Effet +0%
"UPGRADE
GUARANTEED","UPGRADE
GUARANTEED","POTENZIA
GARANTITO","VERBESSERN
GARANTIERT","AMÉLIORER
GARANTI"
TAB,TAB,SCHEDA,TAB,TAB
Section title,Section title,Titolo sezione,Abschnittstitel,Titre de section
Basic,Basic,Base,Basis,Base
Eggs,Eggs,Uova,Eier,Œufs
Premium,Premium,Premium,Premium,Premium
Hero Choices,Hero Choices,Scelte eroe,Heldenauswahl,Choix du héros
Upgrades,Upgrades,Migliorie,Ausbau,Améliorer
Queue,Queue,Coda,Warteschlange,File d'attente
Battle,Battle,Battaglia,Kampf,Combat
Info,Info,Informazioni,Info,Infos
Collection,Collection,Collezione,Sammlung,Collection
All,All,Tutti,Alle,Tout
%s x%s crafted,%s x%s crafted,Creato %s x%s,%s x%s hergestellt,%s x%s fabriqué
New mail: %s,New mail: %s,Nuova posta: %s,Neue Post: %s,Nouveau courrier : %s
A new UTC day has begun — raid entries and Echo laws/rewards refreshed,A new UTC day has begun — raid entries and Echo laws/rewards refreshed,"È iniziato un nuovo giorno UTC — ingressi ai raid, leggi e ricompense dell'Eco aggiornati",Ein neuer UTC-Tag hat begonnen — Raid-Zugänge sowie Echo-Gesetze und -Belohnungen aufgefrischt,Un nouveau jour UTC a commencé — entrées de raid et lois/récompenses d'Écho actualisées
Raid %s: %s,Raid %s: %s,Raid %s: %s,Raid %s: %s,Raid %s : %s
New material stock is available in the Shop,New material stock is available in the Shop,Nel Negozio sono disponibili nuove scorte di materiali,Neuer Materialvorrat ist im Laden verfügbar,De nouveaux stocks de matériaux sont disponibles dans la Boutique
Weekly Gem Specials have refreshed,Weekly Gem Specials have refreshed,Le offerte settimanali in gemme sono state aggiornate,Die wöchentlichen Edelstein-Angebote wurden aktualisiert,Les offres hebdomadaires en gemmes ont été actualisées
Choose Your Save,Choose Your Save,Scegli il salvataggio,Wähle deinen Speicherstand,Choisis ta sauvegarde
This Device,This Device,Questo dispositivo,Dieses Gerät,Cet appareil
Google Cloud,Google Cloud,Google Cloud,Google Cloud,Google Cloud
Keep This Device,Keep This Device,Usa questo dispositivo,Dieses Gerät behalten,Conserver cet appareil
Decide Later,Decide Later,Decidi più tardi,Später entscheiden,Décider plus tard
Use Google Cloud,Use Google Cloud,Usa Google Cloud,Google Cloud verwenden,Utiliser Google Cloud
"These saves have different histories and cannot be merged safely. Both remain available as encrypted recovery copies.

THIS DEVICE
%s

GOOGLE CLOUD
%s","These saves have different histories and cannot be merged safely. Both remain available as encrypted recovery copies.

THIS DEVICE
%s

GOOGLE CLOUD
%s","Questi salvataggi hanno cronologie diverse e non possono essere uniti in sicurezza. Entrambi restano disponibili come copie di recupero cifrate.

QUESTO DISPOSITIVO
%s

GOOGLE CLOUD
%s","Diese Speicherstände haben unterschiedliche Verläufe und können nicht sicher zusammengeführt werden. Beide bleiben als verschlüsselte Wiederherstellungskopien verfügbar.

DIESES GERÄT
%s

GOOGLE CLOUD
%s","Ces sauvegardes ont des historiques différents et ne peuvent pas être fusionnées en toute sécurité. Les deux restent disponibles sous forme de copies de récupération chiffrées.

CET APPAREIL
%s

GOOGLE CLOUD
%s"
Unknown time,Unknown time,Ora sconosciuta,Unbekannte Zeit,Heure inconnue
"Saved: %s
Revision: %d | Heroes: %d | Coins: %d | Gems: %d","Saved: %s
Revision: %d | Heroes: %d | Coins: %d | Gems: %d","Salvato: %s
Revisione: %d | Eroi: %d | Monete: %d | Gemme: %d","Gespeichert: %s
Revision: %d | Helden: %d | Münzen: %d | Edelsteine: %d","Enregistré : %s
Révision : %d | Héros : %d | Pièces : %d | Gemmes : %d"
Deleting local and Google Play Games cloud save data…,Deleting local and Google Play Games cloud save data…,Eliminazione dei dati locali e del salvataggio cloud di Google Play Games…,Lokale und Google Play Games-Cloud-Speicherdaten werden gelöscht…,Suppression des données de sauvegarde locales et cloud Google Play Games…
Some local user-data files could not be removed.,Some local user-data files could not be removed.,Non è stato possibile rimuovere alcuni file di dati utente locali.,Einige lokale Nutzerdatendateien konnten nicht entfernt werden.,Certains fichiers de données utilisateur locales n'ont pas pu être supprimés.
Discord invite URL has not been configured.,Discord invite URL has not been configured.,L'indirizzo di invito a Discord non è stato configurato.,Die Discord-Einladungs-URL wurde nicht konfiguriert.,L'URL d'invitation Discord n'a pas été configurée.
Could not open the Discord invite (error %s).,Could not open the Discord invite (error %s).,Impossibile aprire l'invito a Discord (errore %s).,Die Discord-Einladung konnte nicht geöffnet werden (Fehler %s).,Impossible d'ouvrir l'invitation Discord (erreur %s).
"I've loved playing games for as long as I can remember, and now I'm a first-time game developer creating Idle Party Dungeon, my very first game. If you'd like to help make it even better, come join us on Discord to share your feedback, report a bug, or simply say hello. I'd be happy to hear from you!","I've loved playing games for as long as I can remember, and now I'm a first-time game developer creating Idle Party Dungeon, my very first game. If you'd like to help make it even better, come join us on Discord to share your feedback, report a bug, or simply say hello. I'd be happy to hear from you!","Amo i videogiochi da sempre e ora, come sviluppatore alle prime armi, sto creando Idle Party Dungeon, il mio primo gioco. Se vuoi aiutarmi a migliorarlo, unisciti a noi su Discord per condividere le tue opinioni, segnalare un problema o semplicemente salutare. Mi farà piacere sentirti!","Ich liebe Videospiele, solange ich denken kann, und jetzt erschaffe ich als Neuling in der Spieleentwicklung Idle Party Dungeon, mein allererstes Spiel. Wenn du helfen möchtest, es noch besser zu machen, komm zu uns auf Discord: Teile dein Feedback, melde einen Fehler oder sag einfach Hallo. Ich freue mich, von dir zu hören!","J'adore les jeux vidéo depuis toujours et, développeur débutant, je crée aujourd'hui Idle Party Dungeon, mon tout premier jeu. Si tu veux m'aider à l'améliorer encore, rejoins-nous sur Discord pour partager tes retours, signaler un bug ou simplement dire bonjour. J'aurai plaisir à te lire !"
"Special thanks to aimf0x, dennys96, antares, lerrywise, and all the closed beta testers for all their help during development!","Special thanks to aimf0x, dennys96, antares, lerrywise, and all the closed beta testers for all their help during development!","Un ringraziamento speciale ad aimf0x, dennys96, antares, lerrywise e a tutti i tester della beta chiusa per tutto l'aiuto durante lo sviluppo!","Besonderer Dank geht an aimf0x, dennys96, antares, lerrywise und alle Tester der geschlossenen Beta für ihre Hilfe während der Entwicklung!","Un merci tout particulier à aimf0x, dennys96, antares, lerrywise et à tous les testeurs de la bêta fermée pour leur aide pendant le développement !"
Hop onto Discord,Hop onto Discord,Vieni su Discord,Komm auf Discord vorbei,Rejoins-nous sur Discord
Privacy & Consent,Privacy & Consent,Privacy e consenso,Datenschutz & Einwilligung,Confidentialité et consentement
Review the public privacy policy. Google's advertising privacy choices appear here only when UMP reports that this device requires an entry point.,Review the public privacy policy. Google's advertising privacy choices appear here only when UMP reports that this device requires an entry point.,Consulta l'informativa pubblica sulla privacy. Le scelte sulla privacy pubblicitaria di Google compaiono qui solo quando UMP segnala che questo dispositivo richiede un punto di accesso.,"Sieh dir die öffentliche Datenschutzerklärung an. Die Datenschutzoptionen für Google-Werbung erscheinen hier nur, wenn UMP meldet, dass dieses Gerät einen Einstiegspunkt benötigt.",Consulte la politique de confidentialité publique. Les choix de confidentialité publicitaire de Google n'apparaissent ici que si UMP indique que cet appareil nécessite un point d'accès.
Review privacy choices,Review privacy choices,Rivedi le scelte sulla privacy,Datenschutzoptionen prüfen,Examiner les choix de confidentialité
Open privacy policy,Open privacy policy,Apri l'informativa sulla privacy,Datenschutzerklärung öffnen,Ouvrir la politique de confidentialité
Could not open the privacy policy (error %s).,Could not open the privacy policy (error %s).,Impossibile aprire l'informativa sulla privacy (errore %s).,Die Datenschutzerklärung konnte nicht geöffnet werden (Fehler %s).,Impossible d'ouvrir la politique de confidentialité (erreur %s).
Privacy choices reviewed,Privacy choices reviewed,Scelte sulla privacy aggiornate,Datenschutzoptionen geprüft,Choix de confidentialité examinés
Privacy choices are unavailable right now. No consent change was made.,Privacy choices are unavailable right now. No consent change was made.,Le scelte sulla privacy non sono disponibili al momento. Il consenso non è stato modificato.,Die Datenschutzoptionen sind derzeit nicht verfügbar. Die Einwilligung wurde nicht geändert.,Les choix de confidentialité ne sont pas disponibles pour le moment. Aucun changement de consentement n'a été effectué.
"Set the overall volume, balance the music beneath other audio, or mute the game completely. Changes take effect immediately and are remembered on this device.","Set the overall volume, balance the music beneath other audio, or mute the game completely. Changes take effect immediately and are remembered on this device.","Regola il volume generale, bilancia la musica rispetto agli altri suoni o disattiva completamente l'audio. Le modifiche hanno effetto immediato e vengono memorizzate su questo dispositivo.","Stelle die Gesamtlautstärke ein, mische die Musik unter die übrigen Klänge oder schalte das Spiel komplett stumm. Änderungen wirken sofort und werden auf diesem Gerät gespeichert.","Règle le volume général, équilibre la musique par rapport aux autres sons ou coupe complètement le son du jeu. Les modifications prennent effet immédiatement et sont mémorisées sur cet appareil."
Google Play Games,Google Play Games,Google Play Games,Google Play Games,Google Play Games
"Use your Google Play Games profile for achievements, leaderboards, and private cloud progress. Android handles platform sign-in automatically; the button below retries only when account setup or consent is required.","Use your Google Play Games profile for achievements, leaderboards, and private cloud progress. Android handles platform sign-in automatically; the button below retries only when account setup or consent is required.","Usa il profilo Google Play Games per obiettivi, classifiche e progressi privati nel cloud. Android gestisce automaticamente l'accesso alla piattaforma; il pulsante seguente riprova solo quando è necessario configurare l'account o fornire il consenso.","Nutze dein Google Play Games-Profil für Erfolge, Bestenlisten und privaten Cloud-Fortschritt. Android übernimmt die Plattform-Anmeldung automatisch; die Schaltfläche unten versucht es nur erneut, wenn eine Kontoeinrichtung oder Zustimmung erforderlich ist.","Utilise ton profil Google Play Games pour les succès, les classements et la progression cloud privée. Android gère automatiquement la connexion à la plateforme ; le bouton ci-dessous ne réessaie que si une configuration de compte ou un consentement est nécessaire."
Sign in to Play Games,Sign in to Play Games,Accedi a Play Games,Bei Play Games anmelden,Se connecter à Play Games
Achievements,Achievements,Obiettivi,Erfolge,Succès
Leaderboards,Leaderboards,Classifiche,Bestenlisten,Classements
Sync now,Sync now,Sincronizza ora,Jetzt sync.,Synchroniser
Cloud saves,Cloud saves,Salvataggi cloud,Cloud-Speicherstände,Sauvegardes cloud
Delete Data,Delete Data,Elimina dati,Daten löschen,Supprimer les données
Permanently delete local and Google Play Games cloud save data,Permanently delete local and Google Play Games cloud save data,Elimina definitivamente i dati locali e il salvataggio cloud di Google Play Games,Lokale Speicherdaten und Google-Play-Games-Cloud-Speicherstände dauerhaft löschen,Supprimer définitivement les données de sauvegarde locales et cloud Google Play Games
Google Play Games is available in Android builds.,Google Play Games is available in Android builds.,Google Play Games è disponibile nelle versioni Android.,Google Play Games ist in Android-Versionen verfügbar.,Google Play Games est disponible dans les versions Android.
Checking your Play Games profile...,Checking your Play Games profile...,Controllo del profilo Play Games...,Dein Play Games-Profil wird geprüft...,Vérification de ton profil Play Games...
Waiting for Google Play Games sign-in...,Waiting for Google Play Games sign-in...,In attesa dell'accesso a Google Play Games...,Warte auf die Anmeldung bei Google Play Games...,En attente de la connexion à Google Play Games...
Confirming the signed-in Play Games profile...,Confirming the signed-in Play Games profile...,Verifica del profilo Play Games connesso...,Angemeldetes Play Games-Profil wird bestätigt...,Confirmation du profil Play Games connecté...
Play Games needs an account or profile confirmation.,Play Games needs an account or profile confirmation.,Play Games richiede la conferma dell'account o del profilo.,Play Games benötigt eine Konto- oder Profilbestätigung.,Play Games a besoin d'une confirmation de compte ou de profil.
Play Games could not safely confirm this profile.,Play Games could not safely confirm this profile.,Play Games non ha potuto confermare questo profilo in sicurezza.,Play Games konnte dieses Profil nicht sicher bestätigen.,Play Games n'a pas pu confirmer ce profil en toute sécurité.
This local save belongs to another Play Games profile.,This local save belongs to another Play Games profile.,Questo salvataggio locale appartiene a un altro profilo Play Games.,Dieser lokale Speicherstand gehört zu einem anderen Play Games-Profil.,Cette sauvegarde locale appartient à un autre profil Play Games.
Connected to Google Play Games,Connected to Google Play Games,Connesso a Google Play Games,Mit Google Play Games verbunden,Connecté à Google Play Games
Play Games status: %s,Play Games status: %s,Stato Play Games: %s,Play-Games-Status: %s,État de Play Games : %s
Player: %s,Player: %s,Giocatore: %s,Spieler: %s,Joueur : %s
Retry / switch Play Games profile,Retry / switch Play Games profile,Riprova / cambia profilo Play Games,Play-Games-Profil erneut versuchen / wechseln,Réessayer / changer de profil Play Games
Cloud saves are available in Android builds.,Cloud saves are available in Android builds.,I salvataggi cloud sono disponibili nelle versioni Android.,Cloud-Speicherstände sind in Android-Versionen verfügbar.,Les sauvegardes cloud sont disponibles dans les versions Android.
Checking Google Play cloud progress...,Checking Google Play cloud progress...,Controllo dei progressi su Google Play cloud...,Google Play Cloud-Fortschritt wird geprüft...,Vérification de la progression cloud Google Play...
Cloud progress is up to date.,Cloud progress is up to date.,I progressi nel cloud sono aggiornati.,Der Cloud-Fortschritt ist aktuell.,La progression cloud est à jour.
This device's progress was uploaded.,This device's progress was uploaded.,I progressi di questo dispositivo sono stati caricati.,Der Fortschritt dieses Geräts wurde hochgeladen.,La progression de cet appareil a été envoyée.
Google cloud progress was restored.,Google cloud progress was restored.,I progressi di Google cloud sono stati ripristinati.,Der Google-Cloud-Fortschritt wurde wiederhergestellt.,La progression du cloud Google a été restaurée.
Cloud sync is waiting for Play Games sign-in.,Cloud sync is waiting for Play Games sign-in.,La sincronizzazione cloud attende l'accesso a Play Games.,Die Cloud-Synchronisierung wartet auf die Play Games-Anmeldung.,La synchronisation cloud attend la connexion à Play Games.
Choose which save history to keep.,Choose which save history to keep.,Scegli quale cronologia di salvataggio mantenere.,"Wähle, welchen Speicherverlauf du behalten möchtest.",Choisis quel historique de sauvegarde conserver.
Cloud upload failed; local progress is safe and will retry.,Cloud upload failed; local progress is safe and will retry.,Il caricamento cloud non è riuscito; i progressi locali sono al sicuro e verrà effettuato un nuovo tentativo.,Cloud-Upload fehlgeschlagen; der lokale Fortschritt ist sicher und es wird erneut versucht.,L'envoi vers le cloud a échoué ; la progression locale est intacte et une nouvelle tentative aura lieu.
Cloud data was rejected; local progress is safe.,Cloud data was rejected; local progress is safe.,I dati cloud sono stati rifiutati; i progressi locali sono al sicuro.,Cloud-Daten wurden abgelehnt; der lokale Fortschritt ist sicher.,Les données cloud ont été rejetées ; la progression locale est intacte.
Cloud status: %s,Cloud status: %s,Stato cloud: %s,Cloud-Status: %s,État du cloud : %s
"New adventurer? Start with the quick guide below, then use each section as a reference while you build your party.","New adventurer? Start with the quick guide below, then use each section as a reference while you build your party.","Nuovo avventuriero? Inizia con la guida rapida qui sotto, poi consulta ogni sezione mentre costruisci il tuo gruppo.","Neu im Abenteuer? Beginne mit der Kurzanleitung unten und nutze dann jeden Abschnitt als Nachschlagewerk, während du deine Gruppe aufbaust.","Nouvel aventurier ? Commence par le guide rapide ci-dessous, puis utilise chaque section comme référence pendant que tu constitues ton groupe."
Quick start,Quick start,Guida rapida,Schnellstart,Démarrage rapide
Main navigation,Main navigation,Navigazione principale,Hauptnavigation,Navigation principale
"Heroes, classes, and specialization","Heroes, classes, and specialization","Eroi, classi e specializzazioni","Helden, Klassen und Spezialisierung","Héros, classes et spécialisation"
Roster management,Roster management,Gestione dell'organico,Kaderverwaltung,Gestion de l'effectif
Innate titles,Innate titles,Titoli innati,Angeborene Titel,Titres innés
"Combat, health, mana, and skills","Combat, health, mana, and skills","Combattimento, salute, mana e abilità","Kampf, Leben, Mana und Fähigkeiten","Combat, vie, mana et compétences"
Stats and survival,Stats and survival,Statistiche e sopravvivenza,Werte und Überleben,Statistiques et survie
Equipment and inventory,Equipment and inventory,Equipaggiamento e inventario,Ausrüstung und Inventar,Équipement et inventaire
Runes and Ascension,Runes and Ascension,Rune e Ascensione,Runen und Aufstieg,Runes et Ascension
Crafting and the workshop,Crafting and the workshop,Creazione e laboratorio,Handwerk und Werkstatt,L'artisanat et l'atelier
"Dungeons, raids, and loot","Dungeons, raids, and loot","Dungeon, raid e bottino","Verliese, Raids und Beute","Donjons, raids et butin"
"Tavern, coins, and catalogs","Tavern, coins, and catalogs","Taverna, monete e cataloghi","Taverne, Münzen und Kataloge","Taverne, pièces et catalogues"
"Gems, rewards, and purchases","Gems, rewards, and purchases","Gemme, ricompense e acquisti","Edelsteine, Belohnungen und Käufe","Gemmes, récompenses et achats"
"Saving, offline progress, and services","Saving, offline progress, and services","Salvataggio, progressi offline e servizi","Speichern, Offline-Fortschritt und Dienste","Sauvegarde, progression hors ligne et services"
"Recruit heroes in the Tavern, equip them from the Heroes page, then choose an unlocked dungeon and fill its party slots. A running dungeon or raid continues while the game is closed, with combat progress credited for up to 12 hours away. Return to a dungeon's chest to review its report and collect stored loot; collecting does not stop the expedition. The crafting queue uses the same 12-hour catch-up limit.","Recruit heroes in the Tavern, equip them from the Heroes page, then choose an unlocked dungeon and fill its party slots. A running dungeon or raid continues while the game is closed, with combat progress credited for up to 12 hours away. Return to a dungeon's chest to review its report and collect stored loot; collecting does not stop the expedition. The crafting queue uses the same 12-hour catch-up limit.","Recluta eroi nella Taverna, equipaggiali dalla pagina Eroi, poi scegli un dungeon sbloccato e riempi gli spazi del gruppo. Dungeon e raid attivi continuano mentre il gioco è chiuso, con progressi di combattimento riconosciuti per un massimo di 12 ore. Torna al forziere del dungeon per consultare il rapporto e raccogliere il bottino accumulato; la raccolta non interrompe la spedizione. La coda di creazione usa lo stesso limite di recupero di 12 ore.","Rekrutiere Helden in der Taverne, rüste sie auf der Heldenseite aus, wähle dann ein freigeschaltetes Verlies und fülle seine Gruppenplätze. Ein laufendes Verlies oder ein laufender Raid geht auch bei geschlossenem Spiel weiter; der Kampffortschritt wird für bis zu 12 Stunden Abwesenheit gutgeschrieben. Kehre zur Truhe eines Verlieses zurück, um den Bericht zu lesen und die gelagerte Beute abzuholen; das Abholen beendet die Expedition nicht. Für die Herstellungs-Warteschlange gilt dieselbe Aufholgrenze von 12 Stunden.","Recrute des héros à la Taverne, équipe-les depuis la page Héros, puis choisis un donjon débloqué et remplis les emplacements de son groupe. Un donjon ou un raid en cours continue même quand le jeu est fermé, avec une progression de combat créditée jusqu'à 12 heures d'absence. Reviens au coffre d'un donjon pour consulter son rapport et récupérer le butin stocké ; la récupération n'interrompt pas l'expédition. La file de fabrication utilise la même limite de rattrapage de 12 heures."
"City contains the Tavern, Shop, Inventory, and Crafting. Heroes is where you manage the roster, equipment, levels, and promotions. Dungeons and Raids let you assemble teams and track battles. Settings contains audio, mail, Google Play Games, and the game reference catalogs.","City contains the Tavern, Shop, Inventory, and Crafting. Heroes is where you manage the roster, equipment, levels, and promotions. Dungeons and Raids let you assemble teams and track battles. Settings contains audio, mail, Google Play Games, and the game reference catalogs.","La Città contiene Taverna, Negozio, Inventario e Creazione. In Eroi gestisci organico, equipaggiamento, livelli e promozioni. Dungeon e Raid consentono di comporre squadre e seguire le battaglie. In Impostazioni trovi audio, posta, Google Play Games e i cataloghi di riferimento del gioco.","Die Stadt enthält Taverne, Laden, Inventar und Handwerk. Unter Helden verwaltest du Kader, Ausrüstung, Stufen und Beförderungen. In Verliese und Raids stellst du Teams auf und verfolgst die Kämpfe. Die Einstellungen enthalten Audio, Post, Google Play Games und die Nachschlagekataloge des Spiels.","La Ville contient la Taverne, la Boutique, l'Inventaire et l'Artisanat. Héros est l'endroit où tu gères l'effectif, l'équipement, les niveaux et les promotions. Donjons et Raids te permettent de composer des équipes et de suivre les batailles. Paramètres contient l'audio, le courrier, Google Play Games et les catalogues de référence du jeu."
"The Heroes header switches between grid and list layouts. Open roster settings to reorder heroes, sort them by base class, or remove an undeployed hero. Open a hero's detail card to rename them. Removing a hero returns every equipped item and all Rune Pieces invested in that hero, but the removed hero and their level, promotion, title, and Ascension progress cannot be recovered.","The Heroes header switches between grid and list layouts. Open roster settings to reorder heroes, sort them by base class, or remove an undeployed hero. Open a hero's detail card to rename them. Removing a hero returns every equipped item and all Rune Pieces invested in that hero, but the removed hero and their level, promotion, title, and Ascension progress cannot be recovered.","L'intestazione Eroi alterna le viste a griglia e a elenco. Apri le impostazioni dell'organico per riordinare gli eroi, ordinarli per classe base o rimuovere un eroe non schierato. Apri la scheda dettagli di un eroe per rinominarlo. La rimozione restituisce ogni oggetto equipaggiato e tutti i Frammenti runici investiti, ma l'eroe rimosso e i suoi livello, promozione, titolo e progressi di Ascensione non possono essere recuperati.","Die Kopfzeile der Heldenseite wechselt zwischen Raster- und Listenansicht. Öffne die Kadereinstellungen, um Helden neu zu ordnen, sie nach Basisklasse zu sortieren oder einen nicht eingesetzten Helden zu entfernen. Öffne die Detailkarte eines Helden, um ihn umzubenennen. Beim Entfernen kehren alle ausgerüsteten Gegenstände und sämtliche in diesen Helden investierten Runenfragmente zurück, doch der entfernte Held und seine Stufe, seine Beförderung, sein Titel sowie sein Aufstiegsfortschritt lassen sich nicht wiederherstellen.","L'en-tête Héros bascule entre l'affichage en grille et en liste. Ouvre les paramètres de l'effectif pour réorganiser les héros, les trier par classe de base ou retirer un héros non déployé. Ouvre la fiche détaillée d'un héros pour le renommer. Retirer un héros rend tous les objets équipés et tous les Fragments de rune investis en lui, mais le héros retiré, son niveau, sa promotion, son titre et sa progression d'Ascension sont définitivement perdus."
"Each new Tavern arrival has a 25% chance to possess an innate title. A title stays with that hero through renaming and promotion. The Stalwart grants +10 Defense; The Warded grants +10 Magic Defense; The Nimble grants +10 Evade; and Keen-Eyed grants +10 Critical Chance, all as flat points. The Vigorous grants +10% Health and The Forceful grants +10% Attack as multipliers.","Each new Tavern arrival has a 25% chance to possess an innate title. A title stays with that hero through renaming and promotion. The Stalwart grants +10 Defense; The Warded grants +10 Magic Defense; The Nimble grants +10 Evade; and Keen-Eyed grants +10 Critical Chance, all as flat points. The Vigorous grants +10% Health and The Forceful grants +10% Attack as multipliers.","Ogni nuovo arrivo in Taverna ha il 25% di probabilità di possedere un titolo innato. Il titolo resta con quell'eroe anche dopo rinomina e promozione. Il Tenace conferisce +10 Difesa; Il Protetto +10 Difesa magica; L'Agile +10 Schivata; e Occhio di falco +10 Probabilità critica, tutti come punti fissi. Il Vigoroso conferisce +10% Salute e Il Possente +10% Attacco come moltiplicatori.","Jeder neue Tavernenankömmling hat eine Chance von 25%, einen angeborenen Titel zu besitzen. Ein Titel bleibt diesem Helden über Umbenennung und Beförderung hinweg erhalten. Der Standhafte gewährt +10 Verteidigung; Der Beschirmte gewährt +10 Magieverteidigung; Der Flinke gewährt +10 Ausweichen; und Scharfäugig gewährt +10 Kritische Chance, alle als feste Punkte. Der Kräftige gewährt +10% Leben und Der Wuchtige +10% Angriff als Multiplikatoren.","Chaque nouvelle recrue de la Taverne a 25% de chances de posséder un titre inné. Un titre reste attaché à ce héros malgré les renommages et les promotions. L'Inébranlable accorde +10 Défense ; Le Protégé accorde +10 Défense magique ; L'Agile accorde +10 Esquive ; et L'Œil vif accorde +10 Chance critique, tous en points fixes. Le Vigoureux accorde +10% Vie et Le Puissant +10% Attaque en multiplicateurs."
"Strength also increases Health. Melee heroes draw Attack from Strength, Ranged heroes from Dexterity, and Magic heroes from Intelligence. Intelligence also increases Mana Gain. Combatants act in Dexterity order. A basic attack grants the displayed Mana Gain even when the hit is evaded; at 100 mana, the hero spends the meter to attempt their active skill instead of a basic attack unless Silenced. If a skill has no valid action, the mana is kept and a basic attack is used. Passive skills trigger automatically from their stated conditions.","Strength also increases Health. Melee heroes draw Attack from Strength, Ranged heroes from Dexterity, and Magic heroes from Intelligence. Intelligence also increases Mana Gain. Combatants act in Dexterity order. A basic attack grants the displayed Mana Gain even when the hit is evaded; at 100 mana, the hero spends the meter to attempt their active skill instead of a basic attack unless Silenced. If a skill has no valid action, the mana is kept and a basic attack is used. Passive skills trigger automatically from their stated conditions.","Anche la Forza aumenta la Salute. Gli eroi da mischia ricavano l'Attacco dalla Forza, quelli a distanza dalla Destrezza e quelli magici dall'Intelligenza. L'Intelligenza aumenta anche il Guadagno mana. I combattenti agiscono in ordine di Destrezza. Un attacco base concede il Guadagno mana mostrato anche se viene schivato; a 100 mana l'eroe consuma la barra per tentare l'abilità attiva al posto dell'attacco base, salvo Silenzio. Se l'abilità non ha un'azione valida, il mana viene conservato e si usa un attacco base. Le abilità passive si attivano automaticamente alle condizioni indicate.","Stärke erhöht außerdem das Leben. Nahkampfhelden beziehen ihren Angriff aus Stärke, Fernkampfhelden aus Geschicklichkeit und Magiehelden aus Intelligenz. Intelligenz erhöht zusätzlich den Mana-Gewinn. Die Kämpfer handeln in der Reihenfolge ihrer Geschicklichkeit. Ein Standardangriff gewährt den angezeigten Mana-Gewinn auch dann, wenn dem Treffer ausgewichen wird; bei 100 Mana verbraucht der Held die Leiste, um statt eines Standardangriffs seine aktive Fähigkeit einzusetzen - es sei denn, er ist von Stille betroffen. Hat eine Fähigkeit keine gültige Aktion, bleibt das Mana erhalten und es wird ein Standardangriff ausgeführt. Passive Fähigkeiten lösen automatisch unter den angegebenen Bedingungen aus.","La Force augmente aussi la Vie. Les héros de Mêlée tirent leur Attaque de la Force, les héros À distance de la Dextérité et les héros de Magie de l'Intelligence. L'Intelligence augmente également le Gain de mana. Les combattants agissent par ordre de Dextérité. Une attaque de base accorde le Gain de mana affiché même si le coup est esquivé ; à 100 mana, le héros dépense la jauge pour tenter sa compétence active au lieu d'une attaque de base, sauf s'il est sous Silence. Si une compétence n'a aucune action valide, le mana est conservé et une attaque de base est utilisée. Les compétences passives se déclenchent automatiquement selon les conditions indiquées."
"Defense reduces Melee and Ranged damage, while Magic Defense reduces Magic damage. Threat weights who direct attacks choose. Evade can avoid basic attacks and damaging skills; Immunity can resist a newly applied harmful status. Critical Chance controls critical frequency and Critical Damage its multiplier. Counter Chance can answer a surviving, Health-damaging Melee or Ranged basic hit; Magic Counter is the equivalent chance against Magic basic hits, and Counter Damage returns that percentage of Health damage taken. Lifesteal heals from Health damage dealt by basic attacks. Regeneration heals and Decay damages their owner at the end of each turn in which they act, whether that was a basic attack or an active skill. Healing scales healing this hero performs, including healing skills and Lifesteal, but not the flat Regeneration stat; EXP Rate scales XP earned.","Defense reduces Melee and Ranged damage, while Magic Defense reduces Magic damage. Threat weights who direct attacks choose. Evade can avoid basic attacks and damaging skills; Immunity can resist a newly applied harmful status. Critical Chance controls critical frequency and Critical Damage its multiplier. Counter Chance can answer a surviving, Health-damaging Melee or Ranged basic hit; Magic Counter is the equivalent chance against Magic basic hits, and Counter Damage returns that percentage of Health damage taken. Lifesteal heals from Health damage dealt by basic attacks. Regeneration heals and Decay damages their owner at the end of each turn in which they act, whether that was a basic attack or an active skill. Healing scales healing this hero performs, including healing skills and Lifesteal, but not the flat Regeneration stat; EXP Rate scales XP earned.","La Difesa riduce i danni da Mischia e a Distanza, mentre la Difesa magica riduce quelli Magici. La Minaccia pesa nella scelta dei bersagli degli attacchi diretti. La Schivata può evitare attacchi base e abilità dannose; l'Immunità può resistere a un nuovo stato negativo. Probabilità critica determina la frequenza dei critici e Danno critico il moltiplicatore. Probabilità di contrattacco può rispondere a un colpo base da Mischia o a Distanza che infligge danni alla Salute senza uccidere; Contrattacco magico è l'equivalente contro i colpi base Magici, mentre Danno da contrattacco restituisce quella percentuale dei danni alla Salute subiti. Rubavita cura in base ai danni alla Salute inflitti dagli attacchi base. Rigenerazione cura e Decadimento danneggia il proprietario alla fine di ogni turno in cui agisce, sia con un attacco base sia con un'abilità attiva. Cura amplifica le cure effettuate da questo eroe, incluse abilità curative e Rubavita, ma non la statistica fissa Rigenerazione; Tasso PE moltiplica i PE ottenuti.","Verteidigung reduziert Nahkampf- und Fernkampfschaden, Magieverteidigung reduziert Magieschaden. Bedrohung gewichtet, wen direkte Angriffe wählen. Ausweichen kann Standardangriffen und schädigenden Fähigkeiten entgehen; Immunität kann einem neu zugefügten schädlichen Status widerstehen. Kritische Chance bestimmt die Häufigkeit kritischer Treffer und Kritischer Schaden deren Multiplikator. Konterchance kann auf einen überlebten Nahkampf- oder Fernkampf-Standardtreffer antworten, der Leben abzieht; Magiekonter ist die entsprechende Chance gegen magische Standardtreffer, und Konterschaden gibt diesen Prozentsatz des erlittenen Lebensschadens zurück. Lebensraub heilt anhand des Lebensschadens von Standardangriffen. Regeneration heilt und Zerfall schadet ihrem Träger am Ende jedes Zuges, in dem er handelt, ob durch Standardangriff oder aktive Fähigkeit. Heilung skaliert die Heilung, die dieser Held ausführt, einschließlich Heilfähigkeiten und Lebensraub, nicht aber den festen Wert Regeneration; die EXP-Rate skaliert die erhaltenen EP.","La Défense réduit les dégâts de Mêlée et À distance, tandis que la Défense magique réduit les dégâts Magiques. La Menace pondère le choix des cibles des attaques directes. L'Esquive peut éviter les attaques de base et les compétences offensives ; l'Immunité peut résister à un état néfaste nouvellement appliqué. La Chance critique contrôle la fréquence des coups critiques et les Dégâts critiques leur multiplicateur. La Chance de riposte peut répondre à un coup de base de Mêlée ou À distance survécu qui a entamé la Vie ; la Riposte magique est la chance équivalente contre les coups de base Magiques, et les Dégâts de riposte renvoient ce pourcentage des dégâts de Vie subis. Le Vol de vie soigne à partir des dégâts de Vie infligés par les attaques de base. La Régénération soigne et le Déclin blesse leur porteur à la fin de chaque tour où il agit, que ce soit par attaque de base ou par compétence active. Les Soins amplifient les soins prodigués par ce héros, y compris les compétences de soin et le Vol de vie, mais pas la stat fixe Régénération ; le Taux d'EXP multiplie l'XP obtenue."
"Open a hero to manage one Weapon, one Armor, and two Accessory slots. Weapons and armor must match the hero's exact class proficiency; accessories are broadly usable, but an item marked unique-equipped cannot occupy both accessory slots on the same hero. Stat changes update a deployed hero immediately, and some Raid gear adds triggered effects beyond its visible totals. Inventory contains owned materials and unequipped gear; item details show bonuses, recipe relationships, quantity, and sell value. Selling is permanent.","Open a hero to manage one Weapon, one Armor, and two Accessory slots. Weapons and armor must match the hero's exact class proficiency; accessories are broadly usable, but an item marked unique-equipped cannot occupy both accessory slots on the same hero. Stat changes update a deployed hero immediately, and some Raid gear adds triggered effects beyond its visible totals. Inventory contains owned materials and unequipped gear; item details show bonuses, recipe relationships, quantity, and sell value. Selling is permanent.","Apri un eroe per gestire un'Arma, un'Armatura e due spazi Accessorio. Armi e armature devono corrispondere esattamente alla competenza della classe; gli accessori sono in genere utilizzabili da tutti, ma un oggetto con equipaggiamento unico non può occupare entrambi gli spazi accessorio sullo stesso eroe. Le modifiche alle statistiche aggiornano subito un eroe schierato e alcuni equipaggiamenti da raid aggiungono effetti attivati oltre ai totali visibili. L'Inventario contiene materiali posseduti ed equipaggiamento non indossato; i dettagli degli oggetti mostrano bonus, relazioni con ricette, quantità e valore di vendita. La vendita è definitiva.","Öffne einen Helden, um einen Waffen-, einen Rüstungs- und zwei Accessoire-Plätze zu verwalten. Waffen und Rüstungen müssen genau zur Klassenbefähigung des Helden passen; Accessoires sind weitgehend frei nutzbar, aber ein als einzigartig ausgerüstet markierter Gegenstand kann nicht beide Accessoire-Plätze desselben Helden belegen. Wertänderungen aktualisieren einen eingesetzten Helden sofort, und manche Raid-Ausrüstung fügt über ihre sichtbaren Werte hinaus ausgelöste Effekte hinzu. Das Inventar enthält besessene Materialien und nicht ausgerüstete Ausrüstung; die Gegenstandsdetails zeigen Boni, Rezeptbeziehungen, Menge und Verkaufswert. Der Verkauf ist endgültig.","Ouvre un héros pour gérer un emplacement d'Arme, un d'Armure et deux d'Accessoire. Les armes et les armures doivent correspondre exactement à la maîtrise de classe du héros ; les accessoires sont largement utilisables, mais un objet marqué comme équipement unique ne peut pas occuper les deux emplacements d'accessoire d'un même héros. Les changements de statistiques mettent immédiatement à jour un héros déployé, et certains équipements de Raid ajoutent des effets déclenchés au-delà de leurs totaux visibles. L'Inventaire contient les matériaux possédés et l'équipement non porté ; les détails d'un objet indiquent les bonus, les liens avec les recettes, la quantité et la valeur de vente. La vente est définitive."
"Choose Craft in the City and open Recipes. Discovering any ingredient reveals a recipe; crafting also requires its dungeon tier, any required Raid first clear, enough ingredients, and the coin cost. Queuing a batch deducts those resources immediately. The Workshop processes jobs in order, one at a time, and larger batches take proportionally longer. Capacity adds waiting queue slots; Speed shortens current and future jobs. Canceling any queued job refunds all of its ingredients and coins. Crafting continues while closed, with queue progress credited for up to 12 hours away — the same limit as combat.","Choose Craft in the City and open Recipes. Discovering any ingredient reveals a recipe; crafting also requires its dungeon tier, any required Raid first clear, enough ingredients, and the coin cost. Queuing a batch deducts those resources immediately. The Workshop processes jobs in order, one at a time, and larger batches take proportionally longer. Capacity adds waiting queue slots; Speed shortens current and future jobs. Canceling any queued job refunds all of its ingredients and coins. Crafting continues while closed, with queue progress credited for up to 12 hours away — the same limit as combat.","Scegli Creazione nella Città e apri Ricette. Scoprire un qualsiasi ingrediente rivela una ricetta; per creare servono anche il grado del dungeon, l'eventuale prima vittoria nel Raid, ingredienti sufficienti e il costo in monete. Mettere in coda un lotto sottrae subito tali risorse. Il Laboratorio elabora i lavori in ordine, uno alla volta, e i lotti più grandi richiedono proporzionalmente più tempo. Capacità aggiunge spazi alla coda d'attesa; Velocità accorcia i lavori attuali e futuri. Annullare un lavoro in coda rimborsa tutti gli ingredienti e le monete. La creazione continua mentre il gioco è chiuso, con i progressi della coda riconosciuti per un massimo di 12 ore: lo stesso limite del combattimento.","Wähle in der Stadt Herstellen und öffne die Rezepte. Sobald du eine Zutat entdeckst, wird ein Rezept sichtbar; zum Herstellen brauchst du außerdem den Verliesgrad, einen etwaigen ersten Raid-Abschluss, genügend Zutaten und die Münzkosten. Das Einreihen einer Charge zieht diese Ressourcen sofort ab. Die Werkstatt bearbeitet Aufträge der Reihe nach, einen nach dem anderen, und größere Chargen dauern entsprechend länger. Kapazität fügt Warteplätze hinzu; Tempo verkürzt laufende und künftige Aufträge. Das Abbrechen eines eingereihten Auftrags erstattet alle seine Zutaten und Münzen. Das Handwerk läuft auch bei geschlossenem Spiel weiter, wobei der Fortschritt der Warteschlange für bis zu 12 Stunden Abwesenheit angerechnet wird — dieselbe Grenze wie im Kampf.","Choisis Fabriquer en Ville et ouvre les Recettes. Découvrir un ingrédient révèle une recette ; la fabrication exige aussi le palier de donjon correspondant, la première victoire de Raid éventuellement requise, assez d'ingrédients et le coût en pièces. Mettre un lot en file déduit ces ressources immédiatement. L'Atelier traite les travaux dans l'ordre, un par un, et les lots plus grands prennent proportionnellement plus de temps. La Capacité ajoute des emplacements d'attente ; la Vitesse raccourcit les travaux en cours et à venir. Annuler un travail en file rembourse tous ses ingrédients et ses pièces. L'artisanat continue jeu fermé, la progression de la file étant créditée jusqu'à 12 heures d'absence — la même limite que le combat."
"Choose an unlocked activity, assign eligible heroes, and start the run. Save Team stores that activity's exact formation, including empty positions; Load Team restores free saved heroes and reports any who were removed or deployed elsewhere. Dungeon chests collect accumulated loot without stopping the expedition. Mist directly adds enemy Evade. On defense, Mist Reduction shields its owner from enemy bonuses that scale with mist; on offense, an attacker's Mist Reduction cancels that same share of the mist-derived Evade on its target. Mist Damage converts the mist affecting a target into extra basic-attack damage. A normal Raid consumes its daily entry when started, even if failed or abandoned, and resets at 00:00 UTC. Raid enemies can drop their Rune Piece during a run; killing the boss adds its exclusive material and a chance at the rare accessory.","Choose an unlocked activity, assign eligible heroes, and start the run. Save Team stores that activity's exact formation, including empty positions; Load Team restores free saved heroes and reports any who were removed or deployed elsewhere. Dungeon chests collect accumulated loot without stopping the expedition. Mist directly adds enemy Evade. On defense, Mist Reduction shields its owner from enemy bonuses that scale with mist; on offense, an attacker's Mist Reduction cancels that same share of the mist-derived Evade on its target. Mist Damage converts the mist affecting a target into extra basic-attack damage. A normal Raid consumes its daily entry when started, even if failed or abandoned, and resets at 00:00 UTC. Raid enemies can drop their Rune Piece during a run; killing the boss adds its exclusive material and a chance at the rare accessory.","Scegli un'attività sbloccata, assegna eroi idonei e avvia la spedizione. Salva squadra memorizza la formazione esatta dell'attività, comprese le posizioni vuote; Carica squadra ripristina gli eroi salvati disponibili e segnala quelli rimossi o schierati altrove. I forzieri dei dungeon raccolgono il bottino accumulato senza interrompere la spedizione. La Nebbia aggiunge direttamente Schivata ai nemici. In difesa, Riduzione nebbia protegge il proprietario dai bonus nemici che scalano con la nebbia; in attacco, la Riduzione nebbia dell'attaccante annulla la stessa quota di Schivata derivata dalla nebbia sul bersaglio. Danno da nebbia converte la nebbia sul bersaglio in danni extra degli attacchi base. Un Raid normale consuma l'ingresso giornaliero all'avvio, anche se fallito o abbandonato, e si azzera alle 00:00 UTC. I nemici del Raid possono lasciare il proprio Frammento runico durante la spedizione; uccidere il boss aggiunge il suo materiale esclusivo e una probabilità di ottenere l'accessorio raro.","Wähle eine freigeschaltete Aktivität, weise geeignete Helden zu und starte den Lauf. Team speichern sichert die exakte Formation dieser Aktivität samt leerer Positionen; Team laden stellt freie gespeicherte Helden wieder her und meldet alle, die entfernt oder anderswo eingesetzt wurden. Verlies-Truhen sammeln angesammelte Beute ein, ohne die Expedition zu stoppen. Nebel erhöht direkt das Ausweichen der Gegner. In der Verteidigung schützt Nebelminderung ihren Träger vor gegnerischen Boni, die mit Nebel skalieren; im Angriff hebt die Nebelminderung des Angreifers denselben Anteil des nebelbedingten Ausweichens beim Ziel auf. Nebelschaden wandelt den Nebel auf einem Ziel in zusätzlichen Schaden von Standardangriffen um. Ein normaler Raid verbraucht seinen Tageszugang beim Start, selbst bei Niederlage oder Abbruch, und setzt sich um 00:00 UTC zurück. Raid-Gegner können während eines Laufs ihr Runenfragment fallen lassen; das Töten des Bosses fügt sein exklusives Material und eine Chance auf das seltene Accessoire hinzu.","Choisis une activité débloquée, assigne des héros éligibles et lance l'expédition. Sauvegarder l'équipe enregistre la formation exacte de cette activité, positions vides comprises ; Charger l'équipe restaure les héros sauvegardés disponibles et signale ceux qui ont été retirés ou déployés ailleurs. Les coffres de donjon récupèrent le butin accumulé sans interrompre l'expédition. La Brume ajoute directement de l'Esquive aux ennemis. En défense, la Réduction de brume protège son porteur des bonus ennemis qui augmentent avec la brume ; en attaque, la Réduction de brume de l'attaquant annule cette même part de l'Esquive issue de la brume chez sa cible. Les Dégâts de brume convertissent la brume affectant une cible en dégâts supplémentaires d'attaque de base. Un Raid normal consomme son entrée quotidienne dès son lancement, même en cas d'échec ou d'abandon, et se réinitialise à 00:00 UTC. Les ennemis de raid peuvent lâcher leur Fragment de rune pendant une expédition ; tuer le boss ajoute son matériau exclusif et une chance d'obtenir l'accessoire rare."
"The Tavern refreshes all remaining offers together every three hours before upgrades, always including a healer when one is available. Recruiting removes that offer, and the coin price rises with current roster size. Tavern upgrades add roster capacity, accelerate the current and future timer, or add choices; later ranks can require progression items. The Shop's four coin bundles refresh every three hours, while gem-funded Tavern and Workshop capacity each have one weekly stock and cap at rank 3. Copper, silver, gold, and platinum are denominations of the same coin wallet. Catalog names and loot reveal through encounters and drops.","The Tavern refreshes all remaining offers together every three hours before upgrades, always including a healer when one is available. Recruiting removes that offer, and the coin price rises with current roster size. Tavern upgrades add roster capacity, accelerate the current and future timer, or add choices; later ranks can require progression items. The Shop's four coin bundles refresh every three hours, while gem-funded Tavern and Workshop capacity each have one weekly stock and cap at rank 3. Copper, silver, gold, and platinum are denominations of the same coin wallet. Catalog names and loot reveal through encounters and drops.","La Taverna aggiorna insieme tutte le offerte rimaste ogni tre ore prima dei potenziamenti, includendo sempre un guaritore quando disponibile. Reclutare rimuove quell'offerta e il prezzo in monete cresce con la dimensione attuale dell'organico. I potenziamenti della Taverna aumentano la capienza, accelerano il timer attuale e quelli futuri oppure aggiungono scelte; i gradi successivi possono richiedere oggetti di progressione. I quattro pacchetti in monete del Negozio si aggiornano ogni tre ore, mentre gli aumenti di capienza di Taverna e Laboratorio acquistati con gemme hanno ciascuno una disponibilità settimanale e arrivano al grado 3. Rame, argento, oro e platino sono tagli dello stesso portafoglio di monete. Nomi e bottini dei cataloghi si svelano tramite incontri e ritrovamenti.","Die Taverne erneuert alle verbleibenden Angebote gemeinsam alle drei Stunden vor Upgrades und enthält immer einen Heiler, sofern verfügbar. Eine Rekrutierung entfernt dieses Angebot, und der Münzpreis steigt mit der aktuellen Aufgebotsgröße. Tavernen-Upgrades erhöhen die Aufgebotsgröße, beschleunigen den aktuellen und künftige Timer oder fügen Auswahlmöglichkeiten hinzu; spätere Ränge können Fortschrittsgegenstände erfordern. Die vier Münzpakete des Ladens erneuern sich alle drei Stunden, während mit Edelsteinen bezahlte Tavernen- und Werkstattkapazität je einen wöchentlichen Bestand haben und bei Rang 3 enden. Kupfer, Silber, Gold und Platin sind Stückelungen derselben Münzbörse. Katalognamen und Beute enthüllen sich durch Begegnungen und Beutefunde.","La Taverne actualise ensemble toutes les offres restantes toutes les trois heures avant application des améliorations, en incluant toujours un soigneur lorsqu'il y en a un de disponible. Recruter retire cette offre, et le prix en pièces augmente avec la taille actuelle de l'effectif. Les améliorations de Taverne augmentent la capacité de l'effectif, accélèrent le minuteur actuel et les suivants, ou ajoutent des choix ; les rangs supérieurs peuvent exiger des objets de progression. Les quatre lots de pièces de la Boutique se renouvellent toutes les trois heures, tandis que les capacités de Taverne et d'Atelier payées en gemmes disposent chacune d'un stock hebdomadaire et plafonnent au rang 3. Cuivre, argent, or et platine sont des coupures du même porte-monnaie de pièces. Les noms des catalogues et le butin se dévoilent au fil des rencontres et des trouvailles."
"After a daily Raid entry is used, 50 gems buys one replacement entry for that Raid. The Premium shop offers 35 gems once per UTC day after a rewarded ad; owning the Welcome Premium Pack makes that daily claim instant and ad-free. The one-time pack also grants the hero, equipment, permanent bonuses, and Collect All feature shown on its card, and needs an open roster slot for delivery. The gem counter opens optional Google Play bundles. Purchases may remain pending until Google Play approves payment; delivered entitlements are restored from the store. Advertising consent and the privacy policy are in Settings > Privacy.","After a daily Raid entry is used, 50 gems buys one replacement entry for that Raid. The Premium shop offers 35 gems once per UTC day after a rewarded ad; owning the Welcome Premium Pack makes that daily claim instant and ad-free. The one-time pack also grants the hero, equipment, permanent bonuses, and Collect All feature shown on its card, and needs an open roster slot for delivery. The gem counter opens optional Google Play bundles. Purchases may remain pending until Google Play approves payment; delivered entitlements are restored from the store. Advertising consent and the privacy policy are in Settings > Privacy.","Dopo aver usato l'ingresso giornaliero di un Raid, 50 gemme ne acquistano uno sostitutivo per quel Raid. Il Negozio Premium offre 35 gemme una volta al giorno UTC dopo una pubblicità con ricompensa; possedere il Pacchetto Premium di Benvenuto rende la riscossione giornaliera immediata e senza pubblicità. Il pacchetto, acquistabile una sola volta, concede anche l'eroe, l'equipaggiamento, i bonus permanenti e la funzione Raccogli tutto mostrati sulla scheda e richiede uno spazio libero nell'organico. Il contatore delle gemme apre i pacchetti opzionali di Google Play. Gli acquisti possono restare in sospeso finché Google Play non approva il pagamento; i contenuti consegnati vengono ripristinati dal negozio. Il consenso pubblicitario e l'informativa sulla privacy sono in Impostazioni > Privacy.","Nachdem der tägliche Raid-Zugang verbraucht ist, kaufen 50 Edelsteine einen Ersatzzugang für diesen Raid. Der Premium-Laden bietet einmal pro UTC-Tag 35 Edelsteine nach einer Belohnungswerbung; mit dem Premium-Willkommenspaket ist diese tägliche Abholung sofort und werbefrei. Das einmalige Paket gewährt außerdem den Helden, die Ausrüstung, die dauerhaften Boni und die Funktion Alles einsammeln von seiner Karte und benötigt für die Lieferung einen freien Kaderplatz. Der Edelsteinzähler öffnet optionale Google Play-Pakete. Käufe können ausstehend bleiben, bis Google Play die Zahlung bestätigt; gelieferte Berechtigungen werden aus dem Store wiederhergestellt. Werbeeinwilligung und Datenschutzerklärung findest du unter Einstellungen > Datenschutz.","Une fois l'entrée quotidienne d'un Raid utilisée, 50 gemmes achètent une entrée de remplacement pour ce Raid. La boutique Premium offre 35 gemmes une fois par jour UTC après une publicité avec récompense ; posséder le Pack Premium de Bienvenue rend cette récupération quotidienne instantanée et sans publicité. Le pack unique accorde aussi le héros, l'équipement, les bonus permanents et la fonction Tout récupérer indiqués sur sa carte, et nécessite un emplacement libre dans l'effectif pour la livraison. Le compteur de gemmes ouvre les packs Google Play facultatifs. Les achats peuvent rester en attente jusqu'à ce que Google Play approuve le paiement ; les contenus livrés sont restaurés depuis la boutique. Le consentement publicitaire et la politique de confidentialité se trouvent dans Paramètres > Confidentialité."
"The game saves automatically and keeps a backup of the previous valid local save. Closed-game combat and the sequential crafting queue each advance for at most 12 hours away. Google Play Games provides the profile, achievements, leaderboards, and private cloud progress shown in Settings when the Android service is available. If local and cloud histories diverge, the game asks which one to keep and saves recovery copies. Mail records story objectives and unlock guidance; reading a letter never claims a separate reward.","The game saves automatically and keeps a backup of the previous valid local save. Closed-game combat and the sequential crafting queue each advance for at most 12 hours away. Google Play Games provides the profile, achievements, leaderboards, and private cloud progress shown in Settings when the Android service is available. If local and cloud histories diverge, the game asks which one to keep and saves recovery copies. Mail records story objectives and unlock guidance; reading a letter never claims a separate reward.","Il gioco salva automaticamente e conserva un backup dell'ultimo salvataggio locale valido. Il combattimento a gioco chiuso e la coda di creazione sequenziale avanzano ciascuno per un massimo di 12 ore. Google Play Games fornisce profilo, obiettivi, classifiche e progressi cloud privati mostrati in Impostazioni quando il servizio Android è disponibile. Se le cronologie locale e cloud divergono, il gioco chiede quale conservare e crea copie di recupero. La posta registra obiettivi narrativi e indicazioni sugli sblocchi; leggere una lettera non riscuote alcuna ricompensa separata.","Das Spiel speichert automatisch und behält eine Sicherung des letzten gültigen lokalen Speicherstands. Kampf bei geschlossenem Spiel und die sequenzielle Handwerks-Warteschlange laufen jeweils für höchstens 12 Stunden Abwesenheit weiter. Google Play Games liefert Profil, Erfolge, Bestenlisten und den privaten Cloud-Fortschritt, die in den Einstellungen angezeigt werden, sofern der Android-Dienst verfügbar ist. Weichen lokale und Cloud-Verläufe voneinander ab, fragt das Spiel, welcher behalten werden soll, und legt Wiederherstellungskopien an. Die Post hält Story-Ziele und Freischalthinweise fest; das Lesen eines Briefes holt niemals eine eigene Belohnung ab.","Le jeu enregistre automatiquement et conserve une copie de la dernière sauvegarde locale valide. Le combat jeu fermé et la file d'artisanat séquentielle progressent chacun pendant 12 heures d'absence au maximum. Google Play Games fournit le profil, les succès, les classements et la progression cloud privée affichés dans les Paramètres lorsque le service Android est disponible. Si les historiques local et cloud divergent, le jeu demande lequel conserver et enregistre des copies de récupération. Le courrier consigne les objectifs de l'histoire et les indications de déblocage ; lire une lettre ne réclame jamais de récompense distincte."
"Status icons appear below Health and mana bars during combat. Green icons are helpful buffs, red icons are harmful debuffs, and purple icons track special rules. Inspect an active icon to see its exact strength and remaining turns. Cleanses remove harmful statuses, dispels remove helpful statuses, and Immunity can prevent a harmful status when it is first applied. Regeneration uses separate icons when active skills and healer passives apply it, so each source, strength, and duration remains visible.","Status icons appear below Health and mana bars during combat. Green icons are helpful buffs, red icons are harmful debuffs, and purple icons track special rules. Inspect an active icon to see its exact strength and remaining turns. Cleanses remove harmful statuses, dispels remove helpful statuses, and Immunity can prevent a harmful status when it is first applied. Regeneration uses separate icons when active skills and healer passives apply it, so each source, strength, and duration remains visible.","Le icone di stato appaiono sotto le barre di Salute e mana durante il combattimento. Le icone verdi indicano potenziamenti utili, quelle rosse penalità dannose e quelle viola regole speciali. Esamina un'icona attiva per vedere intensità esatta e turni rimanenti. Le purificazioni rimuovono gli stati dannosi, le dissoluzioni quelli utili e l'Immunità può impedire uno stato dannoso alla prima applicazione. Rigenerazione usa icone separate quando viene applicata da abilità attive e passive dei guaritori, così fonte, intensità e durata restano visibili.","Statussymbole erscheinen im Kampf unter den Lebens- und Manaleisten. Grüne Symbole sind hilfreiche Buffs, rote Symbole schädliche Debuffs, und violette Symbole zeigen Sonderregeln an. Untersuche ein aktives Symbol, um seine genaue Intensität und die verbleibenden Züge zu sehen. Reinigungen entfernen schädliche Zustände, Bannungen entfernen hilfreiche Zustände, und Immunität kann einen schädlichen Zustand bei der ersten Anwendung verhindern. Regeneration nutzt getrennte Symbole, wenn aktive Fähigkeiten und passive Heilerfähigkeiten sie anwenden, sodass Quelle, Intensität und Dauer jeweils sichtbar bleiben.","Les icônes de statut apparaissent sous les barres de Vie et de mana pendant le combat. Les icônes vertes sont des améliorations bénéfiques, les rouges des affaiblissements néfastes, et les violettes suivent des règles spéciales. Inspecte une icône active pour voir sa puissance exacte et les tours restants. Les purifications retirent les statuts néfastes, les dissipations retirent les statuts bénéfiques, et l'Immunité peut empêcher un statut néfaste lors de sa première application. La Régénération utilise des icônes distinctes selon qu'elle provient de compétences actives ou de passifs de guérisseur, afin que la source, la puissance et la durée restent visibles."
"Choose a dungeon to review its enemies and loot. An enemy is revealed when it appears in combat, and a loot entry is revealed as soon as that item drops; it does not need to be collected first.","Choose a dungeon to review its enemies and loot. An enemy is revealed when it appears in combat, and a loot entry is revealed as soon as that item drops; it does not need to be collected first.","Scegli un dungeon per esaminarne nemici e bottino. Un nemico viene svelato quando appare in combattimento e una voce del bottino viene svelata appena l'oggetto viene lasciato, anche prima di raccoglierlo.","Wähle ein Verlies, um seine Gegner und Beute zu prüfen. Ein Gegner wird enthüllt, sobald er im Kampf auftaucht, und ein Beuteeintrag, sobald der Gegenstand fällt; er muss nicht erst eingesammelt werden.","Choisis un donjon pour examiner ses ennemis et son butin. Un ennemi est révélé dès qu'il apparaît en combat, et une entrée de butin dès que l'objet tombe ; il n'a pas besoin d'être récupéré d'abord."
Open %s catalog,Open %s catalog,Apri il catalogo di %s,%s-Katalog öffnen,Ouvrir le catalogue %s
Raid Catalog,Raid Catalog,Catalogo dei raid,Raid-Katalog,Catalogue des raids
"Choose a raid to review its mechanic, enemies, boss, and exclusive rewards. Enemies reveal when they appear in combat, and reward entries reveal as soon as their items drop, even before collection.","Choose a raid to review its mechanic, enemies, boss, and exclusive rewards. Enemies reveal when they appear in combat, and reward entries reveal as soon as their items drop, even before collection.","Scegli un raid per esaminarne meccanica, nemici, boss e ricompense esclusive. I nemici vengono svelati quando appaiono in combattimento e le ricompense appena vengono lasciate, anche prima di raccoglierle.","Wähle einen Raid, um Mechanik, Gegner, Boss und exklusive Belohnungen zu prüfen. Gegner werden enthüllt, sobald sie im Kampf auftauchen, und Belohnungseinträge, sobald ihre Gegenstände fallen, noch vor dem Einsammeln.","Choisis un raid pour examiner sa mécanique, ses ennemis, son boss et ses récompenses exclusives. Les ennemis se révèlent dès qu'ils apparaissent en combat, et les récompenses dès que leurs objets tombent, avant même d'être récupérés."
"%s

Recommended: Career Lv. %s · Tier %s gear

Mechanic: %s","%s

Recommended: Career Lv. %s · Tier %s gear

Mechanic: %s","%s

Consigliato: carriera liv. %s · equipaggiamento grado %s

Meccanica: %s","%s

Empfohlen: Karrierestufe %s · Ausrüstung Grad %s

Mechanik: %s","%s

Recommandé : Niv. de carrière %s · Équipement palier %s

Mécanique : %s"
Boss - %s,Boss - %s,Boss - %s,Boss - %s,Boss - %s
Unknown boss,Unknown boss,Boss sconosciuto,Unbekannter Boss,Boss inconnu
Unknown enemy,Unknown enemy,Nemico sconosciuto,Unbekannter Feind,Ennemi inconnu
Encounter this enemy to reveal it.,Encounter this enemy to reveal it.,Affronta questo nemico per svelarlo.,"Begegne diesem Gegner, um ihn zu enthüllen.",Rencontre cet ennemi pour le révéler.
Loot,Loot,Bottino,Beute,Butin
Raid-exclusive rewards,Raid-exclusive rewards,Ricompense esclusive del raid,Raid-exklusive Belohnungen,Récompenses exclusives aux raids
Boss: 100%,Boss: 100%,Boss: 100%,Boss: 100%,Boss : 100%
"First %s%%+
Dupe %s%%","First %s%%+
Dupe %s%%","Prima copia %s%%+
Duplicati %s%%","Erste %s%%+
Duplikat %s%%","Première %s%%+
Doublon %s%%"
%s - %s drop chance,%s - %s drop chance,%s - probabilità di bottino %s,%s - %s Beutechance,%s - %s de chance de butin
Unknown raid reward,Unknown raid reward,Ricompensa raid sconosciuta,Unbekannte Raid-Belohnung,Récompense de raid inconnue
? chance,? chance,Probabilità ?,? Chance,? chance
View %s,View %s,Visualizza %s,%s ansehen,Voir %s
Move %s up,Move %s up,Sposta %s in alto,%s nach oben,Monter %s
Move %s down,Move %s down,Sposta %s in basso,%s nach unten,Descendre %s
Remove %s from the roster,Remove %s from the roster,Rimuovi %s dall'organico,%s aus dem Kader entfernen,Retirer %s de l'effectif
Stop the active dungeon before removing %s,Stop the active dungeon before removing %s,Ferma il dungeon attivo prima di rimuovere %s,"Beende das aktive Verlies, bevor du %s entfernst",Arrête le donjon en cours avant de retirer %s
Unassigned,Unassigned,Non assegnato,Nicht zugewiesen,Non assigné
"Remove %s from the roster?
Their equipped items and all invested Rune Pieces return to inventory. One tavern slot becomes available. This cannot be undone.","Remove %s from the roster?
Their equipped items and all invested Rune Pieces return to inventory. One tavern slot becomes available. This cannot be undone.","Rimuovere %s dall'organico?
Gli oggetti equipaggiati e tutti i Frammenti runici investiti torneranno nell'inventario. Si libererà un posto nella taverna. L'operazione non può essere annullata.","%s aus dem Kader entfernen?
Die ausgerüsteten Gegenstände und alle investierten Runenfragmente kehren ins Inventar zurück. Ein Tavernenplatz wird frei. Das lässt sich nicht rückgängig machen.","Retirer %s de l'effectif ?
Ses objets équipés et tous les Fragments de rune investis retournent à l'inventaire. Un emplacement de taverne se libère. Cette action est irréversible."
Level %s,Level %s,Livello %s,Stufe %s,Niveau %s
%s class,%s class,Classe %s,Klasse %s,Classe %s
No class is assigned.,No class is assigned.,Nessuna classe assegnata.,Keine Klasse zugewiesen.,Aucune classe n'est assignée.
Choose Ascension,Choose Ascension,Scegli l'Ascensione,Aufstieg wählen,Choisir l'Ascension
Equipment,Equipment,Equipaggiamento,Ausrüstung,Équipement
Attributes,Attributes,Attributi,Attribute,Attributs
"Each hero has six permanent rune tracks. Every upgrade is guaranteed and costs 1 matching raid material: Verdant, Tidal, Astral, then Eclipse Rune Pieces per track. Rune bonuses remain on this hero; removing the hero refunds every invested Rune Piece.","Each hero has six permanent rune tracks. Every upgrade is guaranteed and costs 1 matching raid material: Verdant, Tidal, Astral, then Eclipse Rune Pieces per track. Rune bonuses remain on this hero; removing the hero refunds every invested Rune Piece.","Ogni eroe ha sei percorsi runici permanenti. Ogni potenziamento è garantito e costa 1 materiale da raid corrispondente: Frammenti runici Verdeggianti, Mareali, Astrali e infine dell'Eclissi per ciascun percorso. I bonus restano sull'eroe; rimuoverlo rimborsa ogni Frammento runico investito.","Jeder Held hat sechs dauerhafte Runenpfade. Jede Verbesserung ist garantiert und kostet 1 passendes Raid-Material: pro Pfad Grünende, Gezeiten-, Astral- und schließlich Finsternis-Runenfragmente. Runenboni bleiben bei diesem Helden; wird der Held entfernt, wird jedes investierte Runenfragment erstattet.","Chaque héros dispose de six voies de runes permanentes. Chaque amélioration est garantie et coûte 1 matériau de raid correspondant : Fragments de rune Verdoyants, de Marée, Astraux, puis de l'Éclipse pour chaque voie. Les bonus de rune restent sur ce héros ; le retirer rembourse chaque Fragment de rune investi."
Level,Level,Livello,Stufe,Niveau
MAX,MAX,MAX,MAX,MAX
Experience,Experience,Esperienza,Erfahrung,Expérience
Health,Health,Salute,Leben,Vie
Mana Gain,Mana Gain,Guadagno mana,Mana-Gewinn,Gain de mana
Strength,Strength,Forza,Stärke,Force
Dexterity,Dexterity,Destrezza,Geschicklichkeit,Dextérité
Intelligence,Intelligence,Intelligenza,Intelligenz,Intelligence
Defense,Defense,Difesa,Verteidigung,Défense
Magic Defense,Magic Defense,Difesa magica,Magieverteidigung,Défense magique
Attack,Attack,Attacco,Angriff,Attaque
Damage,Damage,Danno,Schaden,Dégâts
Attack Type,Attack Type,Tipo di attacco,Angriffsart,Type d'attaque
Threat,Threat,Minaccia,Bedrohung,Menace
Evade,Evade,Schivata,Ausweichen,Esquive
Critical Chance,Critical Chance,Probabilità critica,Kritische Chance,Chance critique
Critical Damage,Critical Damage,Danno critico,Kritischer Schaden,Dégâts critiques
Immunity,Immunity,Immunità,Immunität,Immunité
Counter Chance,Counter Chance,Probabilità di contrattacco,Konterchance,Chance de riposte
Counter Damage,Counter Damage,Danno da contrattacco,Konterschaden,Dégâts de riposte
Magic Counter,Magic Counter,Contrattacco magico,Magiekonter,Riposte magique
Lifesteal,Lifesteal,Rubavita,Lebensraub,Vol de vie
Regeneration,Regeneration,Rigenerazione,Regeneration,Régénération
Mist Damage,Mist Damage,Danno da nebbia,Nebelschaden,Dégâts de brume
Mist Reduction,Mist Reduction,Riduzione nebbia,Nebelminderung,Réduction de brume
Healing,Healing,Cure,Heilung,Soins
EXP Rate,EXP Rate,Tasso PE,EXP-Rate,Taux d'EXP
Decay,Decay,Decadimento,Zerfall,Déclin
Active skills trigger automatically when the hero fills their mana meter. Passive skills are always in effect.,Active skills trigger automatically when the hero fills their mana meter. Passive skills are always in effect.,Le abilità attive si attivano automaticamente quando l'eroe riempie la barra del mana. Le abilità passive sono sempre attive.,"Aktive Fähigkeiten lösen automatisch aus, sobald der Held seine Mana-Leiste füllt. Passive Fähigkeiten wirken immer.",Les compétences actives se déclenchent automatiquement lorsque le héros remplit sa jauge de mana. Les compétences passives sont toujours actives.
No item is equipped in this slot.,No item is equipped in this slot.,Nessun oggetto equipaggiato in questo slot.,Auf diesem Platz ist kein Gegenstand ausgerüstet.,Aucun objet n'est équipé dans cet emplacement.
No description available.,No description available.,Nessuna descrizione disponibile.,Keine Beschreibung verfügbar.,Aucune description disponible.
ACTIVE 2/2,ACTIVE 2/2,ATTIVO 2/2,AKTIV 2/2,ACTIF 2/2
INACTIVE 1/2,INACTIVE 1/2,INATTIVO 1/2,INAKTIV 1/2,INACTIF 1/2
ANY crafted weapon from %s,ANY crafted weapon from %s,QUALSIASI arma creata di %s,BELIEBIGE hergestellte Waffe aus %s,N'IMPORTE QUELLE arme fabriquée de %s
"RAID SET · %s
%s
%s
%s","RAID SET · %s
%s
%s
%s","SET RAID · %s
%s
%s
%s","RAID-SET · %s
%s
%s
%s","SET DE RAID · %s
%s
%s
%s"
Equipped,Equipped,Equipaggiato,Ausgerüstet,Équipé
Nothing equipped.,Nothing equipped.,Nessun oggetto equipaggiato.,Nichts ausgerüstet.,Rien d'équipé.
✓ EQUIPPED · %s,✓ EQUIPPED · %s,✓ EQUIPAGGIATO · %s,✓ AUSGERÜSTET · %s,✓ ÉQUIPÉ · %s
Unequip %s,Unequip %s,Rimuovi %s,%s ablegen,Déséquiper %s
Available,Available,Disponibile,Verfügbar,Disponible
No compatible equipment in inventory.,No compatible equipment in inventory.,Nessun equipaggiamento compatibile nell'inventario.,Keine passende Ausrüstung im Inventar.,Aucun équipement compatible dans l'inventaire.
Armor,Armor,Armatura,Rüstung,Armure
Accessory 1,Accessory 1,Accessorio 1,Accessoire 1,Accessoire 1
Accessory 2,Accessory 2,Accessorio 2,Accessoire 2,Accessoire 2
Locked,Locked,Bloccato,Gesperrt,Verrouillé
Complete the previous dungeon story objective,Complete the previous dungeon story objective,Completa l'obiettivo narrativo del dungeon precedente,Schließe das vorherige Story-Ziel des Verlieses ab,Termine l'objectif d'histoire du donjon précédent
Not started,Not started,Non iniziato,Nicht begonnen,Non commencé
Lv %s · T%s gear · from %s,Lv %s · T%s gear · from %s,Liv. %s · equip. G%s · da %s,St. %s · G%s-Ausrüstung · aus %s,Niv. %s · équip. T%s · de %s
Complete,Complete,Completato,Abschließen,Terminer
Lv %s · T%s gear · %s heroes,Lv %s · T%s gear · %s heroes,Liv. %s · equip. G%s · %s eroi,St. %s · G%s-Ausrüstung · %s Helden,Niv. %s · équip. T%s · %s héros
Quest active,Quest active,Missione attiva,Auftrag aktiv,Quête active
Concordance ready,Concordance ready,Concordanza pronta,Konkordanz bereit,Concordance prête
Current trial,Current trial,Prova attuale,Aktuelle Prüfung,Épreuve actuelle
Trial %s/%s - %s,Trial %s/%s - %s,Prova %s/%s - %s,Prüfung %s/%s - %s,Épreuve %s/%s - %s
Craft key -> %s-hero raid,Craft key -> %s-hero raid,Crea chiave -> raid da %s eroi,Schlüssel herstellen -> Raid mit %s Helden,Fabriquer la clé -> raid à %s héros
ready to unlock,ready to unlock,pronto da sbloccare,bereit zum Freischalten,prêt à débloquer
%s/%s objectives,%s/%s objectives,%s/%s obiettivi,%s/%s Ziele,%s/%s objectifs
gather key materials,gather key materials,raccogli i materiali della chiave,Materialien für den Schlüssel sammeln,rassembler les matériaux de la clé
%s | %s,%s | %s,%s | %s,%s | %s,%s | %s
"%s
%s | Boss phase: %s","%s
%s | Boss phase: %s","%s
%s | Fase boss: %s","%s
%s | Bossphase: %s","%s
%s | Phase de boss : %s"
Collect Raid Rewards,Collect Raid Rewards,Raccogli ricompense del raid,Raid-Belohnungen einsammeln,Récupérer les récompenses de raid
Today's entry has been used. The next entry begins at 00:00 UTC.,Today's entry has been used. The next entry begins at 00:00 UTC.,L'ingresso di oggi è stato usato. Il prossimo sarà disponibile alle 00:00 UTC.,Der heutige Eintritt wurde verbraucht. Der nächste Eintritt beginnt um 00:00 UTC.,L'entrée du jour a été utilisée. La prochaine entrée débute à 00:00 UTC.
Refresh Entry,Refresh Entry,Rinnova ingresso,Zutritt erneuern,Renouveler l'entrée
Buy another entry for this raid today.,Buy another entry for this raid today.,Acquista un altro ingresso per questo raid oggi.,Kaufe heute einen weiteren Zugang für diesen Raid.,Achète une autre entrée pour ce raid aujourd'hui.
"Buy another entry for this Raid?

Refresh %s now?","Buy another entry for this Raid?

Refresh %s now?","Acquistare un altro ingresso per questo raid?

Rinnovare subito %s?","Einen weiteren Zugang für diesen Raid kaufen?

%s jetzt auffrischen?","Acheter une autre entrée pour ce Raid ?

Actualiser %s maintenant ?"
"%s

Recommended: Career Lv. %s · Tier %s gear

%s
Formation capacity: up to %s heroes, %s per row
Progress: %s
Successful clears: %s","%s

Recommended: Career Lv. %s · Tier %s gear

%s
Formation capacity: up to %s heroes, %s per row
Progress: %s
Successful clears: %s","%s

Consigliato: carriera liv. %s · equipaggiamento grado %s

%s
Capacità formazione: fino a %s eroi, %s per riga
Progresso: %s
Completamenti riusciti: %s","%s

Empfohlen: Karrierestufe %s · Ausrüstung Grad %s

%s
Formationskapazität: bis zu %s Helden, %s pro Reihe
Fortschritt: %s
Erfolgreiche Abschlüsse: %s","%s

Recommandé : Niv. de carrière %s · Équipement palier %s

%s
Capacité de formation : jusqu'à %s héros, %s par rangée
Progression : %s
Réussites : %s"
"%s

Recommended: Career Lv. %s · Tier %s gear

%s
Formation: exactly 5 heroes and up to 2 companions
Progress: %s
Successful clears: %s","%s

Recommended: Career Lv. %s · Tier %s gear

%s
Formation: exactly 5 heroes and up to 2 companions
Progress: %s
Successful clears: %s","%s

Consigliato: carriera liv. %s · equipaggiamento grado %s

%s
Formazione: esattamente 5 eroi e fino a 2 famigli
Progresso: %s
Completamenti riusciti: %s","%s

Empfohlen: Karrierestufe %s · Ausrüstung Grad %s

%s
Formation: genau 5 Helden und bis zu 2 Begleiter
Fortschritt: %s
Erfolgreiche Abschlüsse: %s","%s

Recommandé : Niv. de carrière %s · Équipement palier %s

%s
Formation : exactement 5 héros et jusqu'à 2 compagnons
Progression : %s
Réussites : %s"
"Abandon Trial
(Free retry)","Abandon Trial
(Free retry)","Abbandona prova
(Nuovo tentativo gratuito)","Prüfung abbrechen
(Kostenloser neuer Versuch)","Abandonner l'épreuve
(Nouvel essai gratuit)"
"Abandon Raid
(Entry stays used)","Abandon Raid
(Entry stays used)","Abbandona raid
(L'ingresso resta usato)","Raid abbrechen
(Zugang bleibt verbraucht)","Abandonner le raid
(L'entrée reste utilisée)"
Free retry,Free retry,Nuovo tentativo gratuito,Gratis-Wiederholung,Nouvel essai gratuit
The raid entry remains consumed,The raid entry remains consumed,L'ingresso al raid resta consumato,Der Raid-Eintritt bleibt verbraucht,L'entrée de raid reste consommée
Raid mechanics,Raid mechanics,Meccaniche del raid,Raid-Mechaniken,Mécaniques de raid
Complete %s to receive this raid's unlock quest.,Complete %s to receive this raid's unlock quest.,Completa %s per ricevere la missione di sblocco di questo raid.,"Schließe %s ab, um den Freischaltauftrag dieses Raids zu erhalten.",Termine %s pour recevoir la quête de déblocage de ce raid.
Raid quest,Raid quest,Missione del raid,Raid-Auftrag,Quête de raid
Objectives,Objectives,Obiettivi,Ziele,Objectifs
Kill %s %s (%s/%s),Kill %s %s (%s/%s),Uccidi %s %s (%s/%s),%s %s töten (%s/%s),Tuer %s %s (%s/%s)
Complete %s marked encounters in %s (%s/%s),Complete %s marked encounters in %s (%s/%s),Completa %s scontri contrassegnati in %s (%s/%s),Schließe %s markierte Begegnungen in %s ab (%s/%s),Termine %s rencontres marquées dans %s (%s/%s)
Quest key,Quest key,Chiave della missione,Auftragsschlüssel,Clé de quête
Craft 1 %s using the requirements below,Craft 1 %s using the requirements below,Crea 1 %s usando i requisiti seguenti,Stelle 1 %s mit den unten stehenden Voraussetzungen her,Fabrique 1 %s avec les conditions ci-dessous
Crafting requirements,Crafting requirements,Requisiti di creazione,Handwerksvoraussetzungen,Conditions d'artisanat
Use %s %s (owned %s/%s),Use %s %s (owned %s/%s),Usa %s %s (posseduti %s/%s),%s %s verwenden (im Besitz %s/%s),Utiliser %s %s (possédés %s/%s)
%s Pay,%s Pay,Paga %s,%s Zahlen,%s Payer
[Done],[Done],[Completato],[Fertig],[Terminé]
Craft Key and Open Raid,Craft Key and Open Raid,Crea la chiave e apri il raid,Schlüssel herstellen und Raid öffnen,Fabriquer la clé et ouvrir le raid
Road to the Last Road - %s/%s trials complete,Road to the Last Road - %s/%s trials complete,Verso l'Ultima Via - %s/%s prove completate,Zum Letzten Weg - %s/%s Prüfungen abgeschlossen,Chemin vers la Dernière Route - %s/%s épreuves terminées
[Current],[Current],[Attuale],[Aktuell],[Actuel]
[Locked],[Locked],[Bloccato],[Gesperrt],[Verrouillé]
"%s %s - %s heroes, %s encounters","%s %s - %s heroes, %s encounters","%s %s - %s eroi, %s scontri","%s %s - %s Helden, %s Begegnungen","%s %s - %s héros, %s rencontres"
Trial,Trial,Prova,Prüfung,Épreuve
Selected,Selected,Selezionata,Ausgewählt,Sélectionné
Practice,Practice,Allenamento,Übung,Entraînement
Select,Select,Seleziona,Wählen,Sélectionner
Assemble the Concordance and Open The Last Road,Assemble the Concordance and Open The Last Road,Assembla la Concordanza e apri l'Ultima Via,Setze die Konkordanz zusammen und öffne den Letzten Weg,Assemble la Concordance et ouvre La Dernière Route
Practice replay,Practice replay,Ripetizione di allenamento,Übungswiederholung,Rejouer l'entraînement
Complete %s,Complete %s,Completa %s,%s abschließen,Terminer %s
Defeat %s,Defeat %s,Sconfiggi %s,%s besiegen,Vaincre %s
One-time preparation,One-time preparation,Preparazione unica,Einmalige Vorbereitung,Préparation unique
%s %s (owned %s/%s),%s %s (owned %s/%s),%s %s (posseduti %s/%s),%s %s (besessen %s/%s),%s %s (possédés %s/%s)
Prepare Trial,Prepare Trial,Prepara prova,Prüfung vorbereiten,Préparer l'épreuve
Trial conditions,Trial conditions,Condizioni della prova,Prüfungsbedingungen,Conditions de l'épreuve
Optional mastery: finish with no hero deaths,Optional mastery: finish with no hero deaths,Maestria facoltativa: termina senza perdite tra gli eroi,Optionale Meisterschaft: ohne Heldenverluste beenden,Maîtrise facultative : termine sans perdre de héros
Physical damage must contribute at least %s%%,Physical damage must contribute at least %s%%,Il danno fisico deve contribuire almeno per il %s%%,Physischer Schaden muss mindestens %s%% beitragen,Les dégâts physiques doivent contribuer pour au moins %s%%
Magic damage must contribute at least %s%%,Magic damage must contribute at least %s%%,Il danno magico deve contribuire almeno per il %s%%,Magieschaden muss mindestens %s%% beitragen,Les dégâts magiques doivent contribuer pour au moins %s%%
Bring heroes from at least %s base class families,Bring heroes from at least %s base class families,Porta eroi di almeno %s famiglie di classi base,Bringe Helden aus mindestens %s Basisklassenfamilien mit,Amène des héros d'au moins %s familles de classes de base
Finish with at least %s surviving heroes,Finish with at least %s surviving heroes,Termina con almeno %s eroi sopravvissuti,Beende den Kampf mit mindestens %s überlebenden Helden,Termine avec au moins %s héros survivants
Build Lastlight to at least %s during the trial,Build Lastlight to at least %s during the trial,Porta Ultimaluce almeno a %s durante la prova,Steigere Letztlicht während der Prüfung auf mindestens %s,Fais monter Dernière lueur à au moins %s pendant l'épreuve
Defeat the required boss without any hero deaths,Defeat the required boss without any hero deaths,Sconfiggi il boss richiesto senza perdite tra gli eroi,Besiege den geforderten Boss ohne Heldenverluste,Vaincs le boss requis sans aucune mort de héros
Defeat the required boss with heroes from 6 class families,Defeat the required boss with heroes from 6 class families,Sconfiggi il boss richiesto con eroi di 6 famiglie di classi,Besiege den geforderten Boss mit Helden aus 6 Klassenfamilien,Vaincs le boss requis avec des héros de 6 familles de classes
"Defeat the required boss with Melee, Ranged, and Magic each dealing at least 20% of the damage","Defeat the required boss with Melee, Ranged, and Magic each dealing at least 20% of the damage","Sconfiggi il boss richiesto facendo infliggere almeno il 20% dei danni a Mischia, Distanza e Magia ciascuno","Besiege den geforderten Boss, wobei Nahkampf, Fernkampf und Magie je mindestens 20% des Schadens verursachen","Vaincs le boss requis en infligeant au moins 20% des dégâts avec chacun des types Mêlée, À distance et Magie"
%s/%s formation slots filled,%s/%s formation slots filled,%s/%s posizioni della formazione occupate,%s/%s Formationsplätze belegt,%s/%s emplacements de formation occupés
Arrange Raid Formation,Arrange Raid Formation,Organizza formazione del raid,Raid-Formation aufstellen,Organiser la formation de raid
SELECTED COMPANION,SELECTED COMPANION,FAMIGLIO SELEZIONATO,AUSGEWÄHLTER BEGLEITER,FAMILIER SÉLECTIONNÉ
CHANGE,CHANGE,CAMBIA,ÄNDERN,CHANGER
Choose a different companion,Choose a different companion,Scegli un altro famiglio,Einen anderen Begleiter wählen,Choisir un autre compagnon
CHOOSE A COMPANION,CHOOSE A COMPANION,SCEGLI UN FAMIGLIO,EINEN BEGLEITER WÄHLEN,CHOISIR UN COMPAGNON
Choose one available expedition companion,Choose one available expedition companion,Scegli un famiglio disponibile per la spedizione,Wähle einen verfügbaren Expeditionsbegleiter,Choisis un compagnon d'expédition disponible
Choose a Companion,Choose a Companion,Scegli un famiglio,Einen Begleiter wählen,Choisir un compagnon
No Companion,No Companion,Nessun famiglio,Kein Begleiter,Aucun familier
SELECT,SELECT,SCEGLI,WÄHLEN,SÉLECTIONNER
Select %s,Select %s,Seleziona %s,%s wählen,Sélectionner %s
Begin Runway Trial,Begin Runway Trial,Avvia prova del percorso,Wegprüfung starten,Lancer l'épreuve de parcours
"Row %s, column %s","Row %s, column %s","Riga %s, colonna %s","Reihe %s, Spalte %s","Rangée %s, colonne %s"
Empty slot,Empty slot,Posizione vuota,Leerer Platz,Libre
R%s - C%s,R%s - C%s,R%s - C%s,R%s - C%s,R%s - C%s
"Raid position - Row %s, Column %s","Raid position - Row %s, Column %s","Posizione raid - Riga %s, Colonna %s","Raid-Position - Reihe %s, Spalte %s","Position de raid - Rangée %s, Colonne %s"
Leave this raid position empty,Leave this raid position empty,Lascia vuota questa posizione del raid,Diese Raid-Position leer lassen,Laisser cette position de raid vide
Empty hero slot,Empty hero slot,Posizione eroe vuota,Leerer Heldenplatz,Emplacement de héros vide
"Save this exact %s formation, including every empty position?

This replaces the previously saved team for this activity.","Save this exact %s formation, including every empty position?

This replaces the previously saved team for this activity.","Salvare questa formazione di %s esattamente com'è, incluse tutte le posizioni vuote?

La squadra salvata in precedenza per questa attività verrà sostituita.","Diese %s-Formation exakt so speichern, einschließlich jeder leeren Position?

Das ersetzt das zuvor gespeicherte Team für diese Aktivität.","Enregistrer cette formation de %s telle quelle, y compris chaque position vide ?

Cela remplace l'équipe précédemment enregistrée pour cette activité."
Formation saved for %s,Formation saved for %s,Formazione salvata per %s,Formation für %s gespeichert,Formation enregistrée pour %s
Formation could not be saved - please try again,Formation could not be saved - please try again,Impossibile salvare la formazione - riprova,Formation konnte nicht gespeichert werden - bitte erneut versuchen,Impossible d'enregistrer la formation - réessaie
No saved formation for this activity,No saved formation for this activity,Nessuna formazione salvata per questa attività,Keine gespeicherte Formation für diese Aktivität,Aucune formation enregistrée pour cette activité
Unknown hero,Unknown hero,Eroe sconosciuto,Unbekannter Held,Héros inconnu
%s - no longer in the roster,%s - no longer in the roster,%s - non è più nell'organico,%s - nicht mehr im Kader,%s - ne fait plus partie de l'effectif
%s - already fighting elsewhere,%s - already fighting elsewhere,%s - sta già combattendo altrove,%s - kämpft bereits anderswo,%s - combat déjà ailleurs
%s - duplicated in the saved formation,%s - duplicated in the saved formation,%s - duplicato nella formazione salvata,%s - in der gespeicherten Formation doppelt,%s - en double dans la formation sauvegardée
Saved formation loaded for %s,Saved formation loaded for %s,Formazione salvata caricata per %s,Gespeicherte Formation für %s geladen,Formation enregistrée chargée pour %s
"Every available saved hero was restored to their position.

These heroes could not join:
%s","Every available saved hero was restored to their position.

These heroes could not join:
%s","Ogni eroe disponibile del salvataggio è stato ripristinato nella propria posizione.

Questi eroi non hanno potuto unirsi:
%s","Jeder verfügbare gespeicherte Held wurde auf seine Position zurückgesetzt.

Diese Helden konnten nicht beitreten:
%s","Chaque héros sauvegardé disponible a été rétabli à sa position.

Ces héros n'ont pas pu rejoindre le groupe :
%s"
Unclaimed raid rewards,Unclaimed raid rewards,Ricompense del raid non riscosse,Nicht abgeholte Raid-Belohnungen,Récompenses de raid non réclamées
Select your team,Select your team,Scegli la tua squadra,Wähle dein Team,Choisis ton équipe
%s/%s selected,%s/%s selected,%s/%s selezionati,%s/%s ausgewählt,%s/%s sélectionnés
Start dungeon,Start dungeon,Avvia dungeon,Verlies starten,Lancer le donjon
Choose a hero for slot %s,Choose a hero for slot %s,Scegli un eroe per lo slot %s,Wähle einen Helden für Platz %s,Choisis un héros pour l'emplacement %s
Team slot %s,Team slot %s,Slot squadra %s,Teamplatz %s,Emplacement d'équipe %s
Tap to select - hold for hero details,Tap to select - hold for hero details,Tocca per selezionare - tieni premuto per i dettagli dell'eroe,Tippen zum Auswählen - gedrückt halten für Heldendetails,Touche pour sélectionner - maintiens pour les détails du héros
No heroes are currently available.,No heroes are currently available.,Al momento non ci sono eroi disponibili.,Derzeit sind keine Helden verfügbar.,Aucun héros n'est disponible actuellement.
ACTIVE COMPANION,ACTIVE COMPANION,FAMIGLIO ATTIVO,AKTIVER BEGLEITER,COMPAGNON ACTIF
Battle report,Battle report,Rapporto di battaglia,Kampfbericht,Rapport de bataille
COMPANION,COMPANION,FAMIGLIO,BEGLEITER,COMPAGNON
Back to Companion Picker,Back to Companion Picker,Torna alla scelta del famiglio,Zurück zur Begleiterauswahl,Retour au choix du compagnon
Back to Activity,Back to Activity,Torna all'attività,Zurück zur Aktivität,Retour à l'activité
GEMS   %s,GEMS   %s,GEMME   %s,EDELSTEINE   %s,GEMMES   %s
Open the Gem Treasury · %s gems,Open the Gem Treasury · %s gems,Apri la Tesoreria delle gemme · %s gemme,Edelstein-Schatzkammer öffnen · %s Edelsteine,Ouvrir le Trésor des gemmes · %s gemmes
Open the Premium shop · paid gem packs require Google Play on Android · %s gems,Open the Premium shop · paid gem packs require Google Play on Android · %s gems,Apri il negozio Premium · i pacchetti di gemme a pagamento richiedono Google Play su Android · %s gemme,Premium-Laden öffnen · kostenpflichtige Edelsteinpakete erfordern Google Play auf Android · %s Edelsteine,Ouvrir la boutique Premium · les packs de gemmes payants nécessitent Google Play sur Android · %s gemmes
Open the Gem Shop,Open the Gem Shop,Apri il negozio delle gemme,Edelsteinladen öffnen,Ouvrir la Boutique de gemmes
Complete Tier %s,Complete Tier %s,Completa il grado %s,Schließe Grad %s ab,Termine le palier %s
Platinum,Platinum,Platino,Platin,Platine
Gold,Gold,Oro,Gold,Or
Silver,Silver,Argento,Silber,Argent
Copper,Copper,Rame,Kupfer,Cuivre
%s coins,%s coins,%s monete,%s Münzen,%s pièces
Gem purchases are available through Google Play on Android.,Gem purchases are available through Google Play on Android.,Gli acquisti di gemme sono disponibili tramite Google Play su Android.,Edelsteinkäufe sind über Google Play auf Android verfügbar.,Les achats de gemmes sont disponibles via Google Play sur Android.
Gem Treasury,Gem Treasury,Tesoreria delle gemme,Edelsteinkammer,Trésorerie de gemmes
Recharge Gems,Recharge Gems,Ricarica gemme,Edelsteine aufladen,Recharger les gemmes
Current balance · %s gems,Current balance · %s gems,Saldo attuale · %s gemme,Aktueller Stand · %s Edelsteine,Solde actuel · %s gemmes
Choose a coffer. Larger bundles include more gems for every euro spent.,Choose a coffer. Larger bundles include more gems for every euro spent.,Scegli uno scrigno. I pacchetti più grandi offrono più gemme per ogni euro speso.,Wähle eine Truhe. Größere Pakete enthalten mehr Edelsteine pro ausgegebenem Euro.,Choisis un coffre. Les packs plus grands contiennent plus de gemmes par euro dépensé.
Secure checkout and localized prices are provided by Google Play.,Secure checkout and localized prices are provided by Google Play.,Il pagamento sicuro e i prezzi localizzati sono forniti da Google Play.,Sicherer Bezahlvorgang und lokalisierte Preise werden von Google Play bereitgestellt.,Le paiement sécurisé et les prix localisés sont fournis par Google Play.
Refresh Google Play,Refresh Google Play,Aggiorna Google Play,Google Play aktualisieren,Actualiser Google Play
%s GEMS,%s GEMS,%s GEMME,%s EDELSTEINE,%s GEMMES
Price,Price,Prezzo,Preis,Prix
BEST VALUE,BEST VALUE,MIGLIOR VALORE,BESTES ANGEBOT,MEILLEURE OFFRE
Opening secure Google Play checkout…,Opening secure Google Play checkout…,Apertura del pagamento sicuro di Google Play…,Sicherer Google-Play-Bezahlvorgang wird geöffnet…,Ouverture du paiement sécurisé Google Play…
Purchases are currently unavailable,Purchases are currently unavailable,Gli acquisti non sono disponibili al momento,Käufe sind derzeit nicht verfügbar,Les achats sont actuellement indisponibles
Gem purchase was not completed,Gem purchase was not completed,L'acquisto di gemme non è stato completato,Der Edelsteinkauf wurde nicht abgeschlossen,L'achat de gemmes n'a pas été finalisé
Treasury recharged · +%s gems,Treasury recharged · +%s gems,Tesoreria ricaricata · +%s gemme,Schatzkammer aufgeladen · +%s Edelsteine,Trésorerie rechargée · +%s gemmes
Purchase pending · gems arrive after Google Play approves payment,Purchase pending · gems arrive after Google Play approves payment,Acquisto in sospeso · le gemme arriveranno dopo l'approvazione del pagamento da parte di Google Play,"Kauf ausstehend · die Edelsteine treffen ein, sobald Google Play die Zahlung genehmigt",Achat en attente · les gemmes arrivent après l'approbation du paiement par Google Play
PROCESSING…,PROCESSING…,ELABORAZIONE…,VERARBEITUNG…,TRAITEMENT…
PENDING APPROVAL,PENDING APPROVAL,IN ATTESA DI APPROVAZIONE,GENEHMIGUNG AUSSTEHEND,EN ATTENTE D'APPROBATION
FINALIZING…,FINALIZING…,COMPLETAMENTO…,ABSCHLUSS…,FINALISATION…
Connecting to Google Play,Connecting to Google Play,Connessione a Google Play,Verbindung zu Google Play wird hergestellt,Connexion à Google Play
Purchase is in progress,Purchase is in progress,Acquisto in corso,Kauf läuft,Achat en cours
Payment is pending Google Play approval,Payment is pending Google Play approval,Il pagamento attende l'approvazione di Google Play,Die Zahlung wartet auf die Genehmigung durch Google Play,Le paiement est en attente d'approbation par Google Play
Gems delivered; Google Play is finalizing the purchase,Gems delivered; Google Play is finalizing the purchase,Gemme consegnate; Google Play sta completando l'acquisto,Edelsteine geliefert; Google Play schließt den Kauf ab,Gemmes livrées ; Google Play finalise l'achat
Purchase %s gems,Purchase %s gems,Acquista %s gemme,%s Edelsteine kaufen,Acheter %s gemmes
Material Market,Material Market,Mercato dei materiali,Materialmarkt,Marché des matériaux
New stock in %s,New stock in %s,Nuove scorte tra %s,Neuer Vorrat in %s,Nouveaux stocks dans %s
One-craft bundles from your latest unlocked dungeons. Each stack costs 20% more than its sell value.,One-craft bundles from your latest unlocked dungeons. Each stack costs 20% more than its sell value.,Pacchetti per una creazione provenienti dagli ultimi dungeon sbloccati. Ogni scorta costa il 20% in più del suo valore di vendita.,Pakete für je eine Herstellung aus deinen zuletzt freigeschalteten Verliesen. Jeder Stapel kostet 20% mehr als sein Verkaufswert.,Lots pour une seule fabrication issus de tes derniers donjons débloqués. Chaque lot coûte 20% de plus que sa valeur de vente.
Weekly Gem Specials,Weekly Gem Specials,Offerte settimanali in gemme,Wöchentliche Edelstein-Angebote,Offres hebdomadaires en gemmes
Weekly reset in %s,Weekly reset in %s,Ripristino settimanale tra %s,Wöchentliches Zurücksetzen in %s,Réinitialisation hebdomadaire dans %s
"Guaranteed permanent capacity upgrades. Each has one in stock per week, and its icon-formatted price stays fixed up to rank 3.","Guaranteed permanent capacity upgrades. Each has one in stock per week, and its icon-formatted price stays fixed up to rank 3.",Potenziamenti permanenti garantiti della capacità. Ce n'è uno disponibile a settimana e il prezzo indicato dalle icone resta fisso fino al grado 3.,"Garantierte dauerhafte Kapazitätsverbesserungen. Von jeder gibt es einen Vorrat pro Woche, und der als Symbol angezeigte Preis bleibt bis Rang 3 gleich.","Améliorations de capacité permanentes garanties. Chacune est disponible en un exemplaire par semaine, et son prix affiché en icônes reste fixe jusqu'au rang 3."
Pet Egg Market,Pet Egg Market,Mercato delle uova dei famigli,Begleiter-Eier-Markt,Marché des œufs de familier
Prices scale by tier. Eggs go to PETS > Eggs; rarity is rolled when hatched.,Prices scale by tier. Eggs go to PETS > Eggs; rarity is rolled when hatched.,I prezzi aumentano con il grado. Le uova vanno in FAMIGLI > Uova; la rarità viene determinata alla schiusa.,Die Preise steigen mit dem Grad. Eier landen unter BEGLEITER > Eier; die Seltenheit wird beim Schlüpfen ausgewürfelt.,Les prix augmentent avec le palier. Les œufs vont dans FAMILIERS > Œufs ; la rareté est tirée à l'éclosion.
Pet Egg,Pet Egg,Uovo di famiglio,Begleiter-Ei,Œuf de familier
Inspect or buy %s for %s gems - %s,Inspect or buy %s for %s gems - %s,Esamina o acquista %s per %s gemme - %s,%s für %s Edelsteine ansehen oder kaufen - %s,Inspecter ou acheter %s pour %s gemmes - %s
BUY,BUY,ACQUISTA,KAUFEN,ACHETER
Buy %s for %s gems,Buy %s for %s gems,Acquista %s per %s gemme,%s für %s Edelsteine kaufen,Acheter %s pour %s gemmes
Buy,Buy,Acquista,Kaufen,Acheter
Gem Packs,Gem Packs,Pacchetti di gemme,Edelsteinpakete,Packs de gemmes
ANDROID · GOOGLE PLAY,ANDROID · GOOGLE PLAY,ANDROID · GOOGLE PLAY,ANDROID · GOOGLE PLAY,ANDROID · GOOGLE PLAY
"Paid gem packs, the Welcome Premium Pack, and the Legendary Pet Pack are available only through Google Play on Android.","Paid gem packs, the Welcome Premium Pack, and the Legendary Pet Pack are available only through Google Play on Android.","I pacchetti di gemme a pagamento, il Pacchetto Premium di benvenuto e il Pacchetto Famiglio Leggendario sono disponibili solo tramite Google Play su Android.","Kostenpflichtige Edelsteinpakete, das Premium-Willkommenspaket und das Legendäre Begleiter-Paket sind nur über Google Play auf Android verfügbar.","Les packs de gemmes payants, le Pack Premium de bienvenue et le Pack Familier Légendaire sont disponibles uniquement via Google Play sur Android."
Daily Gem Reward,Daily Gem Reward,Ricompensa giornaliera in gemme,Tägliche Edelsteinbelohnung,Récompense quotidienne en gemmes
Claim 35 gems instantly each day — no ad required.,Claim 35 gems instantly each day — no ad required.,Riscatta subito 35 gemme ogni giorno — senza pubblicità.,Hole jeden Tag sofort 35 Edelsteine ab — ohne Werbung.,Récupère instantanément 35 gemmes chaque jour — sans publicité.
Watch one rewarded ad each day to support the game and receive 35 gems.,Watch one rewarded ad each day to support the game and receive 35 gems.,Guarda una pubblicità con ricompensa al giorno per sostenere il gioco e ricevere 35 gemme.,"Sieh dir täglich eine Belohnungswerbung an, um das Spiel zu unterstützen und 35 Edelsteine zu erhalten.",Regarde une publicité avec récompense par jour pour soutenir le jeu et recevoir 35 gemmes.
OWNED · Permanent bonuses active,OWNED · Permanent bonuses active,POSSEDUTO · Bonus permanenti attivi,BESESSEN · Dauerhafte Boni aktiv,POSSÉDÉ · Bonus permanents actifs
"Unlock the complete welcome bundle, including its hero, equipment, and permanent bonuses.","Unlock the complete welcome bundle, including its hero, equipment, and permanent bonuses.","Sblocca il pacchetto di benvenuto completo, inclusi eroe, equipaggiamento e bonus permanenti.","Schalte das komplette Willkommenspaket frei, einschließlich Held, Ausrüstung und dauerhaften Boni.","Débloque le lot de bienvenue complet, avec son héros, son équipement et ses bonus permanents."
Welcome Premium Pack,Welcome Premium Pack,Pacchetto Premium di benvenuto,Premium-Willkommenspaket,Pack Premium de Bienvenue
LEVEL 25 TRICKSTER · TIER 3 WEAPON + ARMOR,LEVEL 25 TRICKSTER · TIER 3 WEAPON + ARMOR,IMBROGLIONE LIVELLO 25 · ARMA + ARMATURA GRADO 3,TRICKSTER STUFE 25 · WAFFE + RÜSTUNG GRAD 3,FILOU NIVEAU 25 · ARME + ARMURE DE PALIER 3
+10% EXP · +10% DROP CHANCE · AD-FREE DAILY GEMS,+10% EXP · +10% DROP CHANCE · AD-FREE DAILY GEMS,+10% PE · +10% PROBABILITÀ BOTTINO · GEMME GIORNALIERE SENZA PUBBLICITÀ,+10% EXP · +10% BEUTECHANCE · TÄGLICHE EDELSTEINE OHNE WERBUNG,+10% EXP · +10% CHANCE DE BUTIN · GEMMES QUOTIDIENNES SANS PUB
COLLECT ALL DUNGEON REWARDS,COLLECT ALL DUNGEON REWARDS,RACCOGLI TUTTE LE RICOMPENSE DEI DUNGEON,ALLE VERLIES-BELOHNUNGEN EINSAMMELN,RÉCUPÉRER TOUTES LES RÉCOMPENSES DE DONJON
CLAIMED,CLAIMED,RISCATTATO,ABGEHOLT,RÉCUPÉRÉ
OWNED,OWNED,POSSEDUTO,BESESSEN,POSSÉDÉ
Purchase the Welcome Premium Pack,Purchase the Welcome Premium Pack,Acquista il Pacchetto Premium di benvenuto,Das Premium-Willkommenspaket kaufen,Acheter le Pack Premium de bienvenue
Pack delivered; Google Play is finalizing the purchase,Pack delivered; Google Play is finalizing the purchase,Pacchetto consegnato; Google Play sta completando l'acquisto,Paket geliefert; Google Play schließt den Kauf ab,Pack livré ; Google Play finalise l'achat
Welcome Premium Pack unlocked · Trickster joined your roster,Welcome Premium Pack unlocked · Trickster joined your roster,Pacchetto Premium di benvenuto sbloccato · l'Ingannatore si è unito all'organico,Premium-Willkommenspaket freigeschaltet · Der Gaukler ist deinem Aufgebot beigetreten,Pack Premium de Bienvenue débloqué · Le Filou a rejoint ton effectif
Permanent account entitlement,Permanent account entitlement,Diritto permanente dell'account,Dauerhafter Kontoanspruch,Droit permanent du compte
Legendary Pet Pack,Legendary Pet Pack,Pacchetto Famiglio Leggendario,Legendäres Begleiter-Paket,Pack Familier Légendaire
"Unlock the tier-6 Lightless Legendary Dreadbell Whale — a level 1 companion that rolls 5 random bonuses from its family's pool of 6: Magic Defense, Healing, Immunity, Mana Gain, Mist Reduction, and Regeneration. Statistically identical to a hatched Legendary, never better. Includes 1,000 Gems.","Unlock the tier-6 Lightless Legendary Dreadbell Whale — a level 1 companion that rolls 5 random bonuses from its family's pool of 6: Magic Defense, Healing, Immunity, Mana Gain, Mist Reduction, and Regeneration. Statistically identical to a hatched Legendary, never better. Includes 1,000 Gems.","Sblocca la Leggendaria Balena della campana funesta della famiglia Senza Luce (grado 6) — un compagno di livello 1 che ottiene 5 bonus casuali dal gruppo di 6 della famiglia: Difesa magica, Cura, Immunità, Guadagno di mana, Riduzione nebbia e Rigenerazione. Statisticamente identico a un esemplare Leggendario ottenuto per schiusa, mai superiore. Include 1.000 Gemme.","Schalte den Legendären Schreckensglockenwal der Familie Lichtlos (Grad 6) frei — einen Begleiter der Stufe 1, der 5 zufällige Boni aus dem 6er-Pool seiner Familie erhält: Magieverteidigung, Heilung, Immunität, Mana-Gewinn, Nebelminderung und Regeneration. Statistisch identisch mit einem ausgebrüteten Legendären, niemals besser. Enthält 1.000 Edelsteine.","Débloque la Baleine du glas funeste Légendaire de la famille Sans Lumière (palier 6) — un familier de niveau 1 qui tire 5 bonus aléatoires dans le pool de 6 de sa famille : Défense magique, Soins, Immunité, Gain de mana, Réduction de brume et Régénération. Statistiquement identique à un Légendaire éclos, jamais meilleur. Inclut 1 000 Gemmes."
OWNED · Awaiting a free stable slot,OWNED · Awaiting a free stable slot,POSSEDUTO · In attesa di un posto libero nella stalla,BESESSEN · Wartet auf einen freien Stallplatz,POSSÉDÉ · En attente d'un emplacement libre à l'écurie
LIGHTLESS LEGENDARY · DREADBELL WHALE · LEVEL 1,LIGHTLESS LEGENDARY · DREADBELL WHALE · LEVEL 1,SENZA LUCE LEGGENDARIO · BALENA DELLA CAMPANA FUNESTA · LIVELLO 1,LICHTLOS LEGENDÄR · SCHRECKENSGLOCKEN-WAL · STUFE 1,LÉGENDAIRE SANS LUMIÈRE · BALEINE DE LA CLOCHE FUNESTE · NIVEAU 1
5 OF 6 FAMILY BONUSES · SAME ODDS AS A HATCH,5 OF 6 FAMILY BONUSES · SAME ODDS AS A HATCH,5 BONUS SU 6 DELLA FAMIGLIA · STESSE PROBABILITÀ DI UNA SCHIUSA,5 VON 6 FAMILIENBONI · GLEICHE CHANCEN WIE BEIM SCHLÜPFEN,5 BONUS DE FAMILLE SUR 6 · MÊMES CHANCES QU'UNE ÉCLOSION
"+1,000","+1,000","+1.000",+1.000,+1 000
OWNED · PENDING SLOT,OWNED · PENDING SLOT,POSSEDUTO · IN ATTESA DI POSTO,BESESSEN · PLATZ AUSSTEHEND,POSSÉDÉ · EMPLACEMENT EN ATTENTE
STABLE FULL,STABLE FULL,STALLA PIENA,STALL VOLL,ÉCURIE PLEINE
"The Legendary Pet Pack is owned. Dreadbell Whale and 1,000 Gems will be delivered together automatically as soon as a stable slot is free.","The Legendary Pet Pack is owned. Dreadbell Whale and 1,000 Gems will be delivered together automatically as soon as a stable slot is free.",Il Pacchetto Famiglio Leggendario è posseduto. La Balena della campana funesta e 1.000 Gemme verranno consegnate insieme automaticamente non appena si libererà un posto nella stalla.,"Das Legendäre Begleiter-Paket ist vorhanden. Schreckensglockenwal und 1.000 Edelsteine werden automatisch gemeinsam ausgeliefert, sobald ein Stallplatz frei ist.",Le Pack Familier Légendaire est en ta possession. La Baleine du glas funeste et 1 000 Gemmes seront livrées ensemble automatiquement dès qu'une place se libère dans l'écurie.
Free a pet stable slot before buying — Google Play checkout is blocked until a slot is available.,Free a pet stable slot before buying — Google Play checkout is blocked until a slot is available.,Libera un posto nella stalla prima di acquistare — il pagamento su Google Play è bloccato finché non c'è un posto disponibile.,"Mach einen Stallplatz frei, bevor du kaufst — der Google-Play-Bezahlvorgang ist blockiert, bis ein Platz verfügbar ist.",Libère un emplacement d'écurie avant l'achat — le paiement Google Play est bloqué tant qu'aucun emplacement n'est disponible.
"Purchase Dreadbell Whale + 1,000 Gems","Purchase Dreadbell Whale + 1,000 Gems",Acquista Balena della campana funesta + 1.000 Gemme,Schreckensglocken-Wal + 1.000 Edelsteine kaufen,Acheter Baleine de la cloche funeste + 1 000 gemmes
Legendary Pet Pack purchase was not completed,Legendary Pet Pack purchase was not completed,L'acquisto del Pacchetto Famiglio Leggendario non è stato completato,Der Kauf des Legendären Begleiter-Pakets wurde nicht abgeschlossen,L'achat du Pack Familier Légendaire n'a pas été finalisé
"Legendary Pet Pack delivered · Dreadbell Whale + 1,000 Gems","Legendary Pet Pack delivered · Dreadbell Whale + 1,000 Gems",Pacchetto Famiglio Leggendario consegnato · Balena della campana funesta + 1.000 Gemme,Legendäres Begleiter-Paket geliefert · Schreckensglocken-Wal + 1.000 Edelsteine,Pack Familier Légendaire livré · Baleine du glas funeste + 1 000 gemmes
Pet Pack purchase pending · delivery starts after Google Play approves payment,Pet Pack purchase pending · delivery starts after Google Play approves payment,Acquisto del Pacchetto Famiglio in sospeso · la consegna inizierà dopo l'approvazione del pagamento da parte di Google Play,"Kauf des Begleiter-Pakets ausstehend · die Lieferung startet, sobald Google Play die Zahlung genehmigt",Achat du Pack Familier en attente · la livraison commence après l'approbation du paiement par Google Play
Your pet stable is full. Free a slot in PETS before buying the Legendary Pet Pack — Google Play checkout is blocked until then.,Your pet stable is full. Free a slot in PETS before buying the Legendary Pet Pack — Google Play checkout is blocked until then.,La tua stalla è piena. Libera un posto in FAMIGLI prima di acquistare il Pacchetto Famiglio Leggendario — il pagamento su Google Play è bloccato fino ad allora.,"Dein Begleiterstall ist voll. Mache unter BEGLEITER einen Platz frei, bevor du das Legendäre Begleiter-Paket kaufst — bis dahin ist der Kauf über Google Play gesperrt.",Ton écurie de familiers est pleine. Libère une place dans FAMILIERS avant d'acheter le Pack Familier Légendaire — le paiement Google Play est bloqué jusque-là.
The Legendary Pet Pack is not available from Google Play yet.,The Legendary Pet Pack is not available from Google Play yet.,Il Pacchetto Famiglio Leggendario non è ancora disponibile su Google Play.,Das Legendäre Begleiter-Paket ist bei Google Play noch nicht verfügbar.,Le Pack Familier Légendaire n'est pas encore disponible sur Google Play.
The Legendary Pet Pack is not active in Google Play.,The Legendary Pet Pack is not active in Google Play.,Il Pacchetto Famiglio Leggendario non è attivo su Google Play.,Das Legendäre Begleiter-Paket ist in Google Play nicht aktiv.,Le Pack Familier Légendaire n'est pas actif dans Google Play.
"The Pet Pack is valid, but the game could not save its entitlement. Please retry.","The Pet Pack is valid, but the game could not save its entitlement. Please retry.","Il Pacchetto Famiglio è valido, ma il gioco non è riuscito a salvare il diritto. Riprova.","Das Begleiter-Paket ist gültig, aber das Spiel konnte die Berechtigung nicht speichern. Bitte versuche es erneut.","Le Pack Familier est valide, mais le jeu n'a pas pu enregistrer le droit associé. Réessaie."
"The Pet Pack is owned, but the game could not save Dreadbell Whale and 1,000 Gems. Reopen the Shop to retry delivery.","The Pet Pack is owned, but the game could not save Dreadbell Whale and 1,000 Gems. Reopen the Shop to retry delivery.","Il Pacchetto Famiglio è posseduto, ma il gioco non è riuscito a salvare la Balena della campana funesta e 1.000 Gemme. Riapri il Negozio per riprovare la consegna.","Das Begleiter-Paket ist vorhanden, aber das Spiel konnte Schreckensglockenwal und 1.000 Edelsteine nicht speichern. Öffne den Laden erneut, um die Auslieferung zu wiederholen.","Le Pack Familier est en ta possession, mais le jeu n'a pas pu enregistrer la Baleine du glas funeste et 1 000 Gemmes. Rouvre la Boutique pour réessayer la livraison."
"Dreadbell Whale and 1,000 Gems were delivered, but Google Play is still finalizing the Pet Pack.","Dreadbell Whale and 1,000 Gems were delivered, but Google Play is still finalizing the Pet Pack.","La Balena della campana funesta e 1.000 Gemme sono state consegnate, ma Google Play sta ancora completando il Pacchetto Famiglio.","Schreckensglocken-Wal und 1.000 Edelsteine wurden geliefert, aber Google Play schließt das Begleiterpaket noch ab.","La Baleine du glas funeste et 1 000 Gemmes ont été livrées, mais Google Play finalise encore le Pack Familier."
"Opening secure Google Play checkout · Dreadbell Whale + 1,000 Gems","Opening secure Google Play checkout · Dreadbell Whale + 1,000 Gems",Apertura del pagamento sicuro di Google Play · Balena della campana funesta + 1.000 Gemme,Sicherer Google-Play-Bezahlvorgang wird geöffnet · Schreckensglocken-Wal + 1.000 Edelsteine,Ouverture du paiement sécurisé Google Play · Baleine du glas funeste + 1 000 gemmes
UNAVAILABLE · WINDOWS,UNAVAILABLE · WINDOWS,NON DISPONIBILE · WINDOWS,NICHT VERFÜGBAR · WINDOWS,INDISPONIBLE · WINDOWS
UNAVAILABLE · STEAM,UNAVAILABLE · STEAM,NON DISPONIBILE · STEAM,NICHT VERFÜGBAR · STEAM,INDISPONIBLE · STEAM
UNAVAILABLE · GOOGLE PLAY,UNAVAILABLE · GOOGLE PLAY,NON DISPONIBILE · GOOGLE PLAY,NICHT VERFÜGBAR · GOOGLE PLAY,INDISPONIBLE · GOOGLE PLAY
ERROR · GOOGLE PLAY,ERROR · GOOGLE PLAY,ERRORE · GOOGLE PLAY,FEHLER · GOOGLE PLAY,ERREUR · GOOGLE PLAY
ERROR · RETRY,ERROR · RETRY,ERRORE · RIPROVA,FEHLER · ERNEUT,ERREUR · RÉESSAYER
The Legendary Pet Pack is unavailable from Google Play.,The Legendary Pet Pack is unavailable from Google Play.,Il Pacchetto Famiglio Leggendario non è disponibile su Google Play.,Das Legendäre Begleiter-Paket ist über Google Play nicht verfügbar.,Le Pack Familier Légendaire n'est pas disponible sur Google Play.
The Legendary Pet Pack is unavailable on Windows. Buy and restore it through Google Play on Android.,The Legendary Pet Pack is unavailable on Windows. Buy and restore it through Google Play on Android.,Il Pacchetto Famiglio Leggendario non è disponibile su Windows. Acquistalo e ripristinalo tramite Google Play su Android.,Das Legendäre Begleiter-Paket ist auf Windows nicht verfügbar. Kaufe und stelle es über Google Play auf Android wieder her.,Le Pack Familier Légendaire n'est pas disponible sur Windows. Achète-le et restaure-le via Google Play sur Android.
The Legendary Pet Pack is unavailable on Steam. Buy and restore it through Google Play on Android.,The Legendary Pet Pack is unavailable on Steam. Buy and restore it through Google Play on Android.,Il Pacchetto Famiglio Leggendario non è disponibile su Steam. Acquistalo e ripristinalo tramite Google Play su Android.,Das Legendäre Begleiter-Paket ist auf Steam nicht verfügbar. Kaufe und stelle es über Google Play auf Android wieder her.,Le Pack Familier Légendaire n'est pas disponible sur Steam. Achète-le et restaure-le via Google Play sur Android.
The Legendary Pet Pack is available only through Google Play on Android.,The Legendary Pet Pack is available only through Google Play on Android.,Il Pacchetto Famiglio Leggendario è disponibile solo tramite Google Play su Android.,Das Legendäre Begleiter-Paket ist nur über Google Play auf Android erhältlich.,Le Pack Familier Légendaire est disponible uniquement via Google Play sur Android.
Account Reward,Account Reward,Ricompensa account,Kontobelohnung,Récompense de compte
Get free 300 gems,Get free 300 gems,Ottieni 300 gemme gratis,300 Edelsteine gratis erhalten,Obtenir 300 gemmes gratuites
Unavailable — Google Play required,Unavailable — Google Play required,Non disponibile — Google Play richiesto,Nicht verfügbar — Google Play nötig,Indisponible — Google Play requis
300 GEMS CLAIMED,300 GEMS CLAIMED,300 GEMME RISCATTATE,300 EDELSTEINE ABGEHOLT,300 GEMMES RÉCUPÉRÉES
Unavailable — sign in and sync to verify eligibility,Unavailable — sign in and sync to verify eligibility,Non disponibile — accedi e sincronizza per verificare l'idoneità,"Nicht verfügbar — melde dich an und synchronisiere, um die Berechtigung zu prüfen",Indisponible — connecte-toi et synchronise pour vérifier l'éligibilité
You already claimed this account's one-time 300 gem reward.,You already claimed this account's one-time 300 gem reward.,Hai già riscattato la ricompensa una tantum di 300 gemme per questo account.,Du hast die einmalige Belohnung von 300 Edelsteinen für dieses Konto bereits abgeholt.,Tu as déjà réclamé la récompense unique de 300 gemmes de ce compte.
This reward is available through Google Play on Android.,This reward is available through Google Play on Android.,Questa ricompensa è disponibile tramite Google Play su Android.,Diese Belohnung ist über Google Play auf Android verfügbar.,Cette récompense est disponible via Google Play sur Android.
Sign in to Google Play Games and finish syncing before claiming this one-time reward.,Sign in to Google Play Games and finish syncing before claiming this one-time reward.,Accedi a Google Play Games e completa la sincronizzazione prima di riscattare questa ricompensa una tantum.,"Melde dich bei Google Play Games an und schließe die Synchronisierung ab, bevor du diese einmalige Belohnung einforderst.",Connecte-toi à Google Play Games et termine la synchronisation avant de réclamer cette récompense unique.
Claim a one-time 300 gem reward for this signed-in profile.,Claim a one-time 300 gem reward for this signed-in profile.,Riscatta una ricompensa una tantum di 300 gemme per questo profilo connesso.,Hole eine einmalige Belohnung von 300 Edelsteinen für dieses angemeldete Profil ab.,Récupère une récompense unique de 300 gemmes pour ce profil connecté.
The verified cloud profile changed. Sync again before claiming the reward.,The verified cloud profile changed. Sync again before claiming the reward.,Il profilo cloud verificato è cambiato. Sincronizza di nuovo prima di riscattare la ricompensa.,"Das verifizierte Cloud-Profil hat sich geändert. Synchronisiere erneut, bevor du die Belohnung abholst.",Le profil cloud vérifié a changé. Synchronise à nouveau avant de réclamer la récompense.
Account reward saved · +300 gems · syncing cloud profile,Account reward saved · +300 gems · syncing cloud profile,Ricompensa account salvata · +300 gemme · sincronizzazione del profilo cloud,Kontobelohnung gesichert · +300 Edelsteine · Cloud-Profil wird synchronisiert,Récompense de compte enregistrée · +300 gemmes · synchronisation du profil cloud
300 gem welcome reward claimed,300 gem welcome reward claimed,Ricompensa di benvenuto da 300 gemme riscattata,Willkommensbelohnung von 300 Edelsteinen abgeholt,Récompense de bienvenue de 300 gemmes récupérée
300 gems saved · cloud sync pending,300 gems saved · cloud sync pending,300 gemme salvate · sincronizzazione cloud in sospeso,300 Edelsteine gesichert · Cloud-Synchronisierung ausstehend,300 gemmes enregistrées · synchronisation cloud en attente
Retry reward cloud sync,Retry reward cloud sync,Riprova la sincronizzazione cloud della ricompensa,Cloud-Sync der Belohnung wiederholen,Réessayer la synchronisation cloud de la récompense
Your 300 gems are saved on this device. Retry cloud sync to protect the one-time claim across devices.,Your 300 gems are saved on this device. Retry cloud sync to protect the one-time claim across devices.,Le tue 300 gemme sono salvate su questo dispositivo. Riprova la sincronizzazione cloud per proteggere il riscatto una tantum tra dispositivi.,"Deine 300 Edelsteine sind auf diesem Gerät gespeichert. Wiederhole die Cloud-Synchronisierung, um die einmalige Abholung geräteübergreifend zu sichern.",Tes 300 gemmes sont enregistrées sur cet appareil. Relance la synchronisation cloud pour protéger cette récompense unique sur tous tes appareils.
Verifying Play Games profile…,Verifying Play Games profile…,Verifica del profilo Play Games in corso…,Play Games-Profil wird verifiziert…,Vérification du profil Play Games…
300 gems available · one-time reward,300 gems available · one-time reward,300 gemme disponibili · ricompensa una tantum,300 Edelsteine verfügbar · einmalige Belohnung,300 gemmes disponibles · récompense unique
"A one-time 300 gem welcome reward for every verified, signed-in Google Play profile. Reinstalling or switching devices restores your claimed state after the profile finishes syncing — it never grants twice.","A one-time 300 gem welcome reward for every verified, signed-in Google Play profile. Reinstalling or switching devices restores your claimed state after the profile finishes syncing — it never grants twice.",Una ricompensa di benvenuto una tantum di 300 gemme per ogni profilo Google Play verificato e connesso. Reinstallare o cambiare dispositivo ripristina lo stato riscattato dopo che il profilo termina la sincronizzazione — non viene mai assegnata due volte.,"Eine einmalige Willkommensbelohnung von 300 Edelsteinen für jedes verifizierte, angemeldete Google Play-Profil. Eine Neuinstallation oder ein Gerätewechsel stellt deinen Abholstatus wieder her, sobald das Profil fertig synchronisiert ist — sie wird nie zweimal gewährt.",Une récompense de bienvenue unique de 300 gemmes pour chaque profil Google Play vérifié et connecté. Réinstaller ou changer d'appareil restaure ton état de récupération une fois le profil synchronisé — elle n'est jamais accordée deux fois.
SOLD,SOLD,VENDUTO,VERKAUFT,VENDU
Already purchased,Already purchased,Già acquistato,Bereits gekauft,Déjà acheté
Buy %s x%s,Buy %s x%s,Acquista %s x%s,%s x%s kaufen,Acheter %s x%s
Claim 35 daily gems instantly.,Claim 35 daily gems instantly.,Riscatta subito 35 gemme giornaliere.,Hole 35 tägliche Edelsteine sofort ab.,Récupère instantanément 35 gemmes quotidiennes.
Watch a rewarded ad for 35 gems. Available once per day.,Watch a rewarded ad for 35 gems. Available once per day.,Guarda una pubblicità con ricompensa per 35 gemme. Disponibile una volta al giorno.,Sieh dir eine Belohnungswerbung für 35 Edelsteine an. Einmal pro Tag verfügbar.,Regarde une publicité avec récompense pour 35 gemmes. Disponible une fois par jour.
Instant Daily Gems,Instant Daily Gems,Gemme giornaliere immediate,Sofortige Tages-Edelsteine,Gemmes quotidiennes instantanées
Watch & Earn,Watch & Earn,Guarda e guadagna,Ansehen & verdienen,Regarder et gagner
+%s GEMS,+%s GEMS,+%s GEMME,+%s EDELSTEINE,+%s GEMMES
CLAIMED TODAY,CLAIMED TODAY,RISCATTATO OGGI,HEUTE ABGEHOLT,RÉCUPÉRÉ AUJOURD'HUI
Daily premium reward · +%s gems,Daily premium reward · +%s gems,Ricompensa Premium giornaliera · +%s gemme,Tägliche Premium-Belohnung · +%s Edelsteine,Récompense Premium quotidienne · +%s gemmes
Available now,Available now,Disponibile ora,Jetzt verfügbar,Disponible maintenant
Available again in %s,Available again in %s,Di nuovo disponibile tra %s,Wieder verfügbar in %s,De nouveau disponible dans %s
"Watch a short ad to receive %s gems?

The reward is granted after the ad finishes and can be claimed once per day.","Watch a short ad to receive %s gems?

The reward is granted after the ad finishes and can be claimed once per day.","Guardare una breve pubblicità per ricevere %s gemme?

La ricompensa viene concessa al termine della pubblicità e può essere riscossa una volta al giorno.","Eine kurze Werbung ansehen, um %s Edelsteine zu erhalten?

Die Belohnung wird nach dem Ende der Werbung vergeben und kann einmal pro Tag abgeholt werden.","Regarder une courte publicité pour recevoir %s gemmes ?

La récompense est accordée à la fin de la publicité et peut être réclamée une fois par jour."
Watch Ad · +%s Gems,Watch Ad · +%s Gems,Guarda pubblicità · +%s gemme,Werbung ansehen · +%s Edelsteine,Regarder une pub · +%s Gemmes
Rewarded ads are currently unavailable,Rewarded ads are currently unavailable,Le pubblicità con ricompensa non sono disponibili al momento,Belohnungsanzeigen sind derzeit nicht verfügbar,Les annonces avec récompense sont actuellement indisponibles
Ad unavailable or closed before completion — no reward claimed,Ad unavailable or closed before completion — no reward claimed,Pubblicità non disponibile o chiusa prima del termine — nessuna ricompensa riscossa,Werbung nicht verfügbar oder vor dem Ende geschlossen — keine Belohnung abgeholt,Publicité indisponible ou fermée avant la fin — aucune récompense récupérée
Daily ad complete · +%s gems,Daily ad complete · +%s gems,Pubblicità giornaliera completata · +%s gemme,Tägliche Werbung abgeschlossen · +%s Edelsteine,Publicité quotidienne terminée · +%s gemmes
Upgrade,Upgrade,Potenziamento,Verbessern,Améliorer
Gem rank %s/%s,Gem rank %s/%s,Grado gemme %s/%s,Edelsteinrang %s/%s,Rang de gemmes %s/%s
MAX RANK,MAX RANK,GRADO MASSIMO,MAX. RANG,RANG MAX
SOLD THIS WEEK,SOLD THIS WEEK,VENDUTO QUESTA SETTIMANA,DIESE WOCHE VERKAUFT,VENDU CETTE SEMAINE
Purchased %s · ready to hatch in PETS,Purchased %s · ready to hatch in PETS,Acquistato %s · pronto per la schiusa in FAMIGLI,%s gekauft · bereit zum Ausbrüten unter BEGLEITER,%s acheté · prêt à éclore dans FAMILIERS
Not enough gems for this egg,Not enough gems for this egg,Gemme insufficienti per questo uovo,Nicht genügend Edelsteine für dieses Ei,Gemmes insuffisantes pour cet œuf
Tavern improvements,Tavern improvements,Migliorie della Taverna,Verbesserungen der Taverne,Améliorations de la Taverne
"Permanent upgrades for capacity, arrival speed, and the number of heroes offered each cycle.","Permanent upgrades for capacity, arrival speed, and the number of heroes offered each cycle.","Potenziamenti permanenti per capacità, velocità degli arrivi e numero di eroi offerti a ogni ciclo.","Dauerhafte Verbesserungen für Kapazität, Ankunftstempo und die Zahl der pro Zyklus angebotenen Helden.","Améliorations permanentes de la capacité, de la vitesse d'arrivée et du nombre de héros proposés à chaque cycle."
Upgrade Tavern,Upgrade Tavern,Potenzia Taverna,Taverne verbessern,Améliorer la Taverne
Requirements pending,Requirements pending,Requisiti mancanti,Voraussetzungen offen,Conditions non remplies
Arrival Speed,Arrival Speed,Velocità degli arrivi,Ankunftstempo,Vitesse d'arrivée
Maximum reached,Maximum reached,Massimo raggiunto,Maximum erreicht,Maximum atteint
Improve Arrival Speed (+10%),Improve Arrival Speed (+10%),Migliora velocità degli arrivi (+10%),Ankunftstempo verbessern (+10%),Améliorer la vitesse d'arrivée (+10%)
Add Hero Choice (+1),Add Hero Choice (+1),Aggiungi scelta eroe (+1),Heldenauswahl hinzufügen (+1),Ajouter un choix de héros (+1)
Fresh arrivals,Fresh arrivals,Nuovi arrivi,Neuankömmlinge,Nouvelles arrivées
Choose one recruit below. The full offer list refreshes together when the arrival timer expires.,Choose one recruit below. The full offer list refreshes together when the arrival timer expires.,Scegli una recluta qui sotto. L'intero elenco delle offerte si aggiorna quando scade il timer degli arrivi.,"Wähle unten einen Rekruten aus. Die gesamte Angebotsliste wird gemeinsam aufgefrischt, wenn der Ankunftstimer abläuft.",Choisis une recrue ci-dessous. Toute la liste d'offres s'actualise en même temps quand le minuteur d'arrivée expire.
No heroes available,No heroes available,Nessun eroe disponibile,Keine Helden verfügbar,Aucun héros disponible
Recruit a %s,Recruit a %s,Recluta: %s,Anwerben: %s,Recruter : %s
Recruit,Recruit,Recluta,Anwerben,Recruter
TAVERN,TAVERN,TAVERNA,TAVERNE,TAVERNE
LEVEL %s,LEVEL %s,LIVELLO %s,STUFE %s,NIVEAU %s
GEM RANK,GEM RANK,GRADO GEMME,EDELSTEINRANG,RANG DE GEMMES
HERO ROSTER,HERO ROSTER,ORGANICO EROI,HELDENKADER,EFFECTIF DE HÉROS
Arrival speed +%s%%,Arrival speed +%s%%,Velocità degli arrivi +%s%%,Ankunftstempo +%s%%,Vitesse d'arrivée +%s%%
%s hero choices,%s hero choices,%s scelte eroe,%s Heldenauswahlen,%s choix de héros
New arrivals in %s,New arrivals in %s,Nuovi arrivi tra %s,Neuankömmlinge in %s,Nouvelles arrivées dans %s
%s unread mailbox message(s),%s unread mailbox message(s),%s messaggi non letti nella posta,%s ungelesene Postfachnachricht(en),%s message(s) non lu(s) dans la boîte aux lettres
Letters arrive as the story advances and may explain a newly unlocked objective or activity. Open a letter by tapping its full card. NEW and an exclamation mark identify unread mail; a green check marks a read notice or a story objective whose completion letter has arrived. Reading mail does not claim a separate reward.,Letters arrive as the story advances and may explain a newly unlocked objective or activity. Open a letter by tapping its full card. NEW and an exclamation mark identify unread mail; a green check marks a read notice or a story objective whose completion letter has arrived. Reading mail does not claim a separate reward.,Le lettere arrivano con l'avanzare della storia e possono spiegare un obiettivo o un'attività appena sbloccati. Apri una lettera toccando l'intera scheda. NUOVO e un punto esclamativo indicano la posta non letta; una spunta verde indica un avviso letto o un obiettivo narrativo completato. Leggere la posta non riscuote una ricompensa separata.,"Briefe treffen ein, während die Geschichte voranschreitet, und erklären mitunter ein neu freigeschaltetes Ziel oder eine neue Aktivität. Öffne einen Brief, indem du auf die gesamte Karte tippst. NEU und ein Ausrufezeichen kennzeichnen ungelesene Post; ein grüner Haken markiert eine gelesene Mitteilung oder ein Story-Ziel, dessen Abschlussbrief eingetroffen ist. Das Lesen von Post schaltet keine separate Belohnung frei.",Les lettres arrivent au fil de l'histoire et peuvent expliquer un objectif ou une activité récemment débloqués. Ouvre une lettre en touchant sa carte entière. NOUVEAU et un point d'exclamation signalent le courrier non lu ; une coche verte indique un avis lu ou un objectif d'histoire dont la lettre de fin est arrivée. Lire le courrier ne donne pas de récompense distincte.
No letters have arrived yet.,No letters have arrived yet.,Non è ancora arrivata alcuna lettera.,Bislang sind keine Briefe eingetroffen.,Aucune lettre n'est encore arrivée.
Open letter: %s,Open letter: %s,Apri lettera: %s,Brief öffnen: %s,Ouvrir la lettre : %s
UNREAD LETTER,UNREAD LETTER,LETTERA NON LETTA,UNGELESENER BRIEF,LETTRE NON LUE
READ LETTER,READ LETTER,LETTERA LETTA,BRIEF GELESEN,LETTRE LUE
NEW — ,NEW — ,NUOVO — ,NEU — ,NOUVEAU — 
From: %s,From: %s,Da: %s,Von: %s,De : %s
Unknown Sender,Unknown Sender,Mittente sconosciuto,Unbekannter Absender,Expéditeur inconnu
Tap to read the full letter.,Tap to read the full letter.,Tocca per leggere la lettera completa.,"Tippe, um den ganzen Brief zu lesen.",Touche pour lire la lettre entière.
Unread letter,Unread letter,Lettera non letta,Ungelesener Brief,Lettre non lue
Objective completed,Objective completed,Obiettivo completato,Ziel abgeschlossen,Objectif accompli
Letter read,Letter read,Lettera letta,Brief gelesen,Lettre lue
Buffs,Buffs,Benefici,Buffs,Améliorations
Helpful effects that strengthen or protect their target.,Helpful effects that strengthen or protect their target.,Effetti utili che rafforzano o proteggono il bersaglio.,"Nützliche Effekte, die ihr Ziel stärken oder schützen.",Effets bénéfiques qui renforcent ou protègent leur cible.
Debuffs,Debuffs,Malus,Debuffs,Affaiblissements
Harmful effects that weaken a target or deal DoT.,Harmful effects that weaken a target or deal DoT.,Effetti dannosi che indeboliscono un bersaglio o infliggono DoT.,"Schädliche Effekte, die ein Ziel schwächen oder DoT verursachen.",Effets néfastes qui affaiblissent une cible ou infligent des DoT.
Special timers,Special timers,Timer speciali,Besondere Timer,Minuteurs spéciaux
Rule-specific effects that track a temporary combat condition.,Rule-specific effects that track a temporary combat condition.,Effetti legati a regole specifiche che monitorano una condizione temporanea di combattimento.,"Regelspezifische Effekte, die einen temporären Kampfzustand verfolgen.",Effets liés à des règles spécifiques qui suivent une condition de combat temporaire.
No classes are available.,No classes are available.,Nessuna classe disponibile.,Keine Klassen verfügbar.,Aucune classe n'est disponible.
"Choose an origin, then tap any class to inspect its level-one stats, proficiencies, and skills. Catalog previews exclude recruited hero levels, equipment, promotions, and Ascension bonuses.","Choose an origin, then tap any class to inspect its level-one stats, proficiencies, and skills. Catalog previews exclude recruited hero levels, equipment, promotions, and Ascension bonuses.","Scegli un'origine, poi tocca una classe per esaminarne statistiche di livello uno, competenze e abilità. Le anteprime del catalogo non includono livelli degli eroi reclutati, equipaggiamento, promozioni e bonus dell'Ascensione.","Wähle einen Ursprung und tippe dann eine Klasse an, um ihre Werte auf Stufe eins, ihre Kompetenzen und Fähigkeiten zu prüfen. Katalogvorschauen enthalten keine Stufen rekrutierter Helden, keine Ausrüstung, Beförderungen oder Aufstiegsboni.","Choisis une origine, puis touche une classe pour examiner ses stats de niveau un, ses maîtrises et ses compétences. Les aperçus du catalogue excluent les niveaux des héros recrutés, l'équipement, les promotions et les bonus d'Ascension."
%s lineage,%s lineage,Stirpe %s,Linie %s,Lignée %s
< %s specialization tree,< %s specialization tree,< %s,< Spezialisierungsbaum %s,< Arbre de spécialisation %s
Base stat preview,Base stat preview,Anteprima statistiche base,Vorschau der Basiswerte,Aperçu des stats de base
%s class · Level 1 baseline,%s class · Level 1 baseline,Classe %s · Valori base livello 1,Klasse %s · Basiswerte Stufe 1,Classe %s · Valeurs de base niveau 1
%s · %s drop chance,%s · %s drop chance,%s · probabilità di bottino %s,%s · %s Beutechance,%s · %s de chance de butin
Unknown drop,Unknown drop,Bottino sconosciuto,Unbekannte Beute,Butin inconnu
%s chance,%s chance,Probabilità %s,%s Chance,%s de chance
"Browse every item, filter by type, then tap a card for its description, stats, equipment rules, and recipes. A recipe appears after you discover one of its materials.","Browse every item, filter by type, then tap a card for its description, stats, equipment rules, and recipes. A recipe appears after you discover one of its materials.","Esplora tutti gli oggetti, filtrali per tipo e tocca una scheda per vederne descrizione, statistiche, regole di equipaggiamento e ricette. Una ricetta appare dopo aver scoperto uno dei suoi materiali.","Durchstöbere alle Gegenstände, filtere nach Typ und tippe dann eine Karte an, um Beschreibung, Werte, Ausrüstungsregeln und Rezepte zu sehen. Ein Rezept erscheint, sobald du eines seiner Materialien entdeckst.","Parcours tous les objets, filtre par type, puis touche une carte pour voir sa description, ses stats, ses règles d'équipement et ses recettes. Une recette apparaît dès que tu découvres l'un de ses matériaux."
No catalog items match this filter.,No catalog items match this filter.,Nessun oggetto del catalogo corrisponde a questo filtro.,Keine Katalogeinträge entsprechen diesem Filter.,Aucun objet du catalogue ne correspond à ce filtre.
%s/%s pets · %s eggs,%s/%s pets · %s eggs,%s/%s famigli · %s uova,%s/%s Begleiter · %s Eier,%s/%s familiers · %s œufs
%s %s%% (%s bonuses),%s %s%% (%s bonuses),%s %s%% (%s bonus),%s %s%% (%s Boni),%s %s%% (%s bonus)
No pets hatched yet. Boss eggs can be opened from the Eggs tab.,No pets hatched yet. Boss eggs can be opened from the Eggs tab.,Nessun famiglio è ancora nato. Le uova dei boss possono essere aperte dalla scheda Uova.,Noch sind keine Begleiter geschlüpft. Boss-Eier lassen sich im Reiter Eier öffnen.,Aucun familier n'a encore éclos. Les œufs de boss peuvent être ouverts depuis l'onglet Œufs.
%s%% on an eligible dungeon boss and %s%% on a Raid boss,%s%% on an eligible dungeon boss and %s%% on a Raid boss,%s%% su un boss di dungeon idoneo e %s%% su un boss di Raid,%s%% bei einem geeigneten Verlies-Boss und %s%% bei einem Raid-Boss,%s%% sur un boss de donjon éligible et %s%% sur un boss de Raid
Boss eggs drop at %s. Hatch odds (rarity / party bonuses): %s.,Boss eggs drop at %s. Hatch odds (rarity / party bonuses): %s.,Le uova dei boss cadono con probabilità %s. Probabilità di schiusa (rarità / bonus al gruppo): %s.,Boss-Eier fallen mit %s. Schlupfchancen (Seltenheit / Gruppenboni): %s.,Les œufs de boss tombent à %s. Chances d'éclosion (rareté / bonus de groupe) : %s.
Legendary pity: %s/%s,Legendary pity: %s/%s,Garanzia Leggendario: %s/%s,Legendär-Garantie: %s/%s,Garantie légendaire : %s/%s
HATCH,HATCH,SCHIUDI,AUSBRÜTEN,ÉCLORE
Hatch %s,Hatch %s,Schiudi %s,%s ausbrüten,Faire éclore %s
No egg available or stable is full,No egg available or stable is full,Nessun uovo disponibile o stalla piena,Kein Ei verfügbar oder Stall voll,Aucun œuf disponible ou écurie pleine
Pet Hatchery,Pet Hatchery,Incubatoio dei Famigli,Begleiter-Brutstätte,Couveuse de familiers
Permanent upgrades for stable capacity and egg hatch rarity.,Permanent upgrades for stable capacity and egg hatch rarity.,Potenziamenti permanenti per la capacità della stalla e la rarità di schiusa delle uova.,Dauerhafte Verbesserungen für Stallkapazität und Seltenheit beim Ausbrüten von Eiern.,Améliorations permanentes de la capacité de l'écurie et de la rareté à l'éclosion des œufs.
HATCHERY,HATCHERY,INCUBATOIO,BRUTSTÄTTE,COUVEUSE
CAPACITY,CAPACITY,CAPACITÀ,KAPAZITÄT,CAPACITÉ
LEGENDARY ODDS,LEGENDARY ODDS,PROBABILITÀ LEGGENDARIO,LEGENDÄR-CHANCEN,CHANCES DE LÉGENDAIRE
Upgrade Hatchery,Upgrade Hatchery,Potenzia Incubatoio,Brutstätte verbessern,Améliorer la Couveuse
Next: %s slots · %s%% Legendary,Next: %s slots · %s%% Legendary,Prossimo: %s posti · %s%% Leggendario,Nächste: %s Plätze · %s%% Legendär,Suivant : %s emplacements · %s%% Légendaire
Unable to hatch this egg,Unable to hatch this egg,Impossibile schiudere questo uovo,Dieses Ei kann nicht ausgebrütet werden,Impossible de faire éclore cet œuf
Hatched %s %s · %s!,Hatched %s %s · %s!,È nato %s %s · %s!,Geschlüpft: %s %s · %s!,Éclos : %s %s · %s !
Back to Pets,Back to Pets,Torna ai famigli,Zurück zu Begleitern,Retour aux familiers
SELL PET,SELL PET,VENDI FAMIGLIO,BEGLEITER VERKAUFEN,VENDRE LE FAMILIER
Back to Shop Eggs,Back to Shop Eggs,Torna alle uova del Negozio,Zurück zu den Laden-Eiern,Retour aux œufs de la Boutique
Back to Raid,Back to Raid,Torna al raid,Zurück zum Raid,Retour au raid
Back to Report,Back to Report,Torna al rapporto,Zurück zum Bericht,Retour au rapport
BUY · %s GEMS,BUY · %s GEMS,ACQUISTA · %s GEMME,KAUFEN · %s EDELSTEINE,ACHETER · %s GEMMES
HATCH EGG,HATCH EGG,SCHIUDI UOVO,EI AUSBRÜTEN,FAIRE ÉCLORE
Sell %s?,Sell %s?,Vendere %s?,%s verkaufen?,Vendre %s ?
"This permanently sells the %s %s and its bonuses.
Sell price:","This permanently sells the %s %s and its bonuses.
Sell price:","Questa operazione vende definitivamente %s %s e i suoi bonus.
Prezzo di vendita:","Dadurch werden %s %s und die zugehörigen Boni endgültig verkauft.
Verkaufspreis:","Cette action vend définitivement %s %s et ses bonus.
Prix de vente :"
%s was sold for %s coins,%s was sold for %s coins,%s è stato venduto per %s monete,%s wurde für %s Münzen verkauft,%s a été vendu pour %s pièces
Inventory empty,Inventory empty,Inventario vuoto,Inventar leer,Inventaire vide
No owned items match this filter.,No owned items match this filter.,Nessun oggetto posseduto corrisponde a questo filtro.,Keine besessenen Gegenstände entsprechen diesem Filter.,Aucun objet possédé ne correspond à ce filtre.
Item type,Item type,Tipo di oggetto,Gegenstandstyp,Type d'objet
Sort by,Sort by,Ordina per,Sortieren,Trier par
Craftable amount,Craftable amount,Quantità creabile,Herstellbare Menge,Quantité fabricable
Owned amount,Owned amount,Quantità posseduta,Besessene Menge,Quantité possédée
Sell price,Sell price,Prezzo di vendita,Verkaufspreis,Prix de vente
Tier: Low to High,Tier: Low to High,Grado: dal più basso al più alto,Grad: aufsteigend,Palier : croissant
Tier: High to Low,Tier: High to Low,Grado: dal più alto al più basso,Grad: absteigend,Palier : décroissant
Alphabetical,Alphabetical,Alfabetico,Alphabetisch,Alphabétique
Reverse alphabetical,Reverse alphabetical,Alfabetico inverso,Umgekehrt alphabetisch,Alphabétique inverse
Qty ↓,Qty ↓,Qtà ↓,Anz ↓,Qté ↓
Tier ↑,Tier ↑,Grado ↑,Grad ↑,Palier ↑
Tier ↓,Tier ↓,Grado ↓,Grad ↓,Palier ↓
A-Z ↑,A-Z ↑,A-Z ↑,A-Z ↑,A-Z ↑
A-Z ↓,A-Z ↓,A-Z ↓,A-Z ↓,A-Z ↓
Sort heroes,Sort heroes,Ordina eroi,Helden sortieren,Trier les héros
Sort companions,Sort companions,Ordina famigli,Begleiter sortieren,Trier les familiers
Lv ↓,Lv ↓,Lv ↓,St ↓,Niv ↓
Lv ↑,Lv ↑,Lv ↑,St ↑,Niv ↑
Echo ↓,Echo ↓,Eco ↓,Echo ↓,Écho ↓
Echo ↑,Echo ↑,Eco ↑,Echo ↑,Écho ↑
Class ↑,Class ↑,Classe ↑,Klasse ↑,Classe ↑
Class ↓,Class ↓,Classe ↓,Klasse ↓,Classe ↓
Name ↑,Name ↑,Nome ↑,Name ↑,Nom ↑
Name ↓,Name ↓,Nome ↓,Name ↓,Nom ↓
Rarity ↓,Rarity ↓,Rarità ↓,Seltenheit ↓,Rareté ↓
Rarity ↑,Rarity ↑,Rarità ↑,Seltenheit ↑,Rareté ↑
Family ↑,Family ↑,Famiglia ↑,Familie ↑,Famille ↑
Family ↓,Family ↓,Famiglia ↓,Familie ↓,Famille ↓
Level: High to Low,Level: High to Low,Livello: dal più alto al più basso,Stufe: hoch zu niedrig,Niveau : du plus haut au plus bas
Level: Low to High,Level: Low to High,Livello: dal più basso al più alto,Stufe: niedrig zu hoch,Niveau : du plus bas au plus haut
Echo Resonance: High to Low,Echo Resonance: High to Low,Risonanza dell'Eco: dalla più alta alla più bassa,Echo-Resonanz: hoch zu niedrig,Résonance d'Écho : de la plus haute à la plus basse
Echo Resonance: Low to High,Echo Resonance: Low to High,Risonanza dell'Eco: dalla più bassa alla più alta,Echo-Resonanz: niedrig zu hoch,Résonance d'Écho : de la plus basse à la plus haute
Class: A-Z,Class: A-Z,Classe: A-Z,Klasse: A-Z,Classe : A-Z
Class: Z-A,Class: Z-A,Classe: Z-A,Klasse: Z-A,Classe : Z-A
Name: A-Z,Name: A-Z,Nome: A-Z,Name: A-Z,Nom : A-Z
Name: Z-A,Name: Z-A,Nome: Z-A,Name: Z-A,Nom : Z-A
Rarity: Legendary to Common,Rarity: Legendary to Common,Rarità: da Leggendaria a Comune,Seltenheit: legendär zu gewöhnlich,Rareté : de Légendaire à Commun
Rarity: Common to Legendary,Rarity: Common to Legendary,Rarità: da Comune a Leggendaria,Seltenheit: gewöhnlich zu legendär,Rareté : de Commun à Légendaire
Family: Early to Late,Family: Early to Late,Famiglia: dalle prime alle ultime,Familie: früh zu spät,Famille : des premières aux dernières
Family: Late to Early,Family: Late to Early,Famiglia: dalle ultime alle prime,Familie: spät zu früh,Famille : des dernières aux premières
< Expedition Report,< Expedition Report,< Rapporto di spedizione,< Expeditionsbericht,< Rapport d'expédition
< Shop,< Shop,< Negozio,< Laden,< Boutique
< Bestiary,< Bestiary,< Bestiario,< Bestiarium,< Bestiaire
< Raid,< Raid,< Raid,< Raid,< Raid
< Item Catalog,< Item Catalog,< Catalogo oggetti,< Gegenstandskatalog,< Catalogue d'objets
< Inventory,< Inventory,< Inventario,< Inventar,< Inventaire
Owned: %s,Owned: %s,Posseduti: %s,Besessen: %s,Possédé : %s
 | Tier %s, | Tier %s, | Grado %s, | Grad %s, | Palier %s
Bonuses,Bonuses,Bonus,Boni,Bonus
Slot: %s%s,Slot: %s%s,Slot: %s%s,Platz: %s%s,Emplacement : %s%s
You do not own this item.,You do not own this item.,Non possiedi questo oggetto.,Du besitzt diesen Gegenstand nicht.,Tu ne possèdes pas cet objet.
Recipe,Recipe,Ricetta,Rezept,Recette
RECIPE,RECIPE,RICETTA,REZEPT,RECETTE
USED IN,USED IN,USATO IN,VERWENDET IN,UTILISÉ DANS
None,None,Nessuno,Keine,Aucun
Sell %s,Sell %s,Vendi %s,%s verkaufen,Vendre %s
This item is not used in any recipe.,This item is not used in any recipe.,Questo oggetto non viene usato in alcuna ricetta.,Dieser Gegenstand wird in keinem Rezept verwendet.,Cet objet n'est utilisé dans aucune recette.
Discover one of a recipe's materials to reveal it.,Discover one of a recipe's materials to reveal it.,Scopri uno dei materiali di una ricetta per svelarla.,"Entdecke eines der Materialien eines Rezepts, um es zu enthüllen.",Découvre l'un des matériaux d'une recette pour la révéler.
This item cannot currently be crafted.,This item cannot currently be crafted.,Al momento questo oggetto non può essere creato.,Dieser Gegenstand kann derzeit nicht hergestellt werden.,Cet objet ne peut pas être fabriqué pour le moment.
Discover one of this recipe's materials to reveal it.,Discover one of this recipe's materials to reveal it.,Scopri uno dei materiali di questa ricetta per svelarla.,"Entdecke eines der Materialien dieses Rezepts, um es zu enthüllen.",Découvre l'un des matériaux de cette recette pour la révéler.
Queued for crafting x%s,Queued for crafting x%s,In coda per la creazione x%s,Für die Herstellung eingereiht x%s,En file de fabrication x%s
Unknown result,Unknown result,Risultato sconosciuto,Unbekanntes Ergebnis,Résultat inconnu
%s per craft,%s per craft,%s per creazione,%s pro Herstellung,%s par fabrication
Crafting time: %s each,Crafting time: %s each,Tempo di creazione: %s ciascuno,Herstellungszeit: %s je Stück,Temps de fabrication : %s chacun
Materials only,Materials only,Solo materiali,Nur Materialien,Matériaux uniquement
Cost:,Cost:,Costo:,Kosten:,Coût :
· Requires first raid clear,· Requires first raid clear,· Richiede il primo completamento del raid,· Erfordert den ersten Raid-Sieg,· Nécessite une première victoire en raid
Requires first raid clear,Requires first raid clear,Richiede il primo completamento del raid,Erfordert den ersten Raid-Abschluss,Nécessite une première victoire de raid
Inspect %s,Inspect %s,Esamina %s,%s ansehen,Examiner %s
Unknown item,Unknown item,Oggetto sconosciuto,Unbekannter Gegenstand,Objet inconnu
FULL,FULL,PIENO,VOLL,PLEIN
QUEUE FULL,QUEUE FULL,CODA PIENA,WARTESCHLANGE VOLL,FILE PLEINE
NEED,NEED,SERVE,FEHLT,MANQUE
MISSING,MISSING,MANCA,FEHLT,ABSENT
vs equipped:,vs equipped:,vs equipaggiato:,vs. ausgerüstet:,vs équipé :
No stat changes,No stat changes,Nessuna variazione di statistiche,Keine Wertänderungen,Aucun changement de statistiques
Active mode: %s,Active mode: %s,Modalità attiva: %s,Aktiver Modus: %s,Mode actif : %s
Critical Mode,Critical Mode,Modalità critica,Kritischer Modus,Mode critique
Base-Damage Mode,Base-Damage Mode,Modalità danno base,Basisschaden-Modus,Mode dégâts de base
Set: Critical Mode,Set: Critical Mode,Set: modalità critica,Set: Kritisch-Modus,Set : mode critique
Set: Base-Damage Mode,Set: Base-Damage Mode,Set: modalità danno base,Set: Grundschaden-Modus,Set : mode dégâts de base
CRAFT,CRAFT,CREA,FERTIGEN,CRÉER
Craft %s,Craft %s,Crea %s,%s herstellen,Fabriquer %s
All crafting slots are occupied. Upgrade the workshop or wait for a batch to finish.,All crafting slots are occupied. Upgrade the workshop or wait for a batch to finish.,Tutti gli slot di creazione sono occupati. Potenzia il laboratorio o attendi che un lotto finisca.,"Alle Handwerksplätze sind belegt. Verbessere die Werkstatt oder warte, bis eine Charge fertig ist.",Tous les emplacements d'artisanat sont occupés. Améliore l'atelier ou attends la fin d'un lot.
There are not enough ingredients or Coins for this recipe.,There are not enough ingredients or Coins for this recipe.,Non ci sono abbastanza ingredienti o Monete per questa ricetta.,Für dieses Rezept sind nicht genug Zutaten oder Münzen vorhanden.,Les ingrédients ou les Pièces sont insuffisants pour cette recette.
There are not enough ingredients for this recipe.,There are not enough ingredients for this recipe.,Non ci sono abbastanza ingredienti per questa ricetta.,Für dieses Rezept sind nicht genug Zutaten vorhanden.,Les ingrédients sont insuffisants pour cette recette.
Choose any number of crafts to add as one batch.,Choose any number of crafts to add as one batch.,Scegli quante creazioni aggiungere come lotto unico.,"Wähle eine beliebige Anzahl an Herstellungen, die als eine Charge hinzugefügt werden.",Choisis n'importe quel nombre de fabrications à ajouter en un seul lot.
Batch time: %s · Speed +%s%%,Batch time: %s · Speed +%s%%,Durata lotto: %s · Velocità +%s%%,Chargenzeit: %s · Tempo +%s%%,Durée du lot : %s · Vitesse +%s%%
No discovered crafting recipes match this filter.,No discovered crafting recipes match this filter.,Nessuna ricetta di creazione scoperta corrisponde a questo filtro.,Keine entdeckten Herstellungsrezepte entsprechen diesem Filter.,Aucune recette de fabrication découverte ne correspond à ce filtre.
Undiscovered,Undiscovered,Non scoperte,Unentdeckt,Non découvert
No undiscovered recipe uses a material you own.,No undiscovered recipe uses a material you own.,Nessuna ricetta non scoperta usa un materiale che possiedi.,"Kein unentdecktes Rezept verwendet ein Material, das du besitzt.",Aucune recette non découverte n'utilise un matériau que tu possèdes.
QUEUE,QUEUE,CODA,WARTESCHLANGE,FILE D'ATTENTE
SPEED,SPEED,VELOCITÀ,TEMPO,VITESSE
Workshop improvements,Workshop improvements,Migliorie del laboratorio,Verbesserungen der Werkstatt,Améliorations de l'Atelier
Permanent upgrades for production capacity and crafting speed.,Permanent upgrades for production capacity and crafting speed.,Potenziamenti permanenti per capacità di produzione e velocità di creazione.,Dauerhafte Verbesserungen für Produktionskapazität und Herstellungstempo.,Améliorations permanentes de la capacité de production et de la vitesse de fabrication.
Queue Slots,Queue Slots,Slot della coda,Warteschlangenplätze,Emplacements de file
Add Slot,Add Slot,Aggiungi slot,Platz hinzufügen,Ajouter un emplacement
Next: %s slots,Next: %s slots,Prossimo: %s slot,Nächste: %s Plätze,Suivant : %s emplacements
Crafting Speed,Crafting Speed,Velocità di creazione,Herstellungstempo,Vitesse de fabrication
Speed +10%,Speed +10%,Velocità +10%,Tempo +10%,Vitesse +10%
Next: +%s%%,Next: +%s%%,Prossimo: +%s%%,Nächste: +%s%%,Suivant : +%s%%
Production Queue,Production Queue,Coda di produzione,Produktions-Warteschlange,File de production
Total queue time · %s,Total queue time · %s,Tempo totale della coda · %s,Gesamtzeit der Warteschlange · %s,Durée totale de la file · %s
Queue empty. Materials are reserved when crafting starts.,Queue empty. Materials are reserved when crafting starts.,Coda vuota. I materiali vengono riservati quando inizia la creazione.,"Warteschlange leer. Materialien werden reserviert, sobald die Herstellung beginnt.",File vide. Les matériaux sont réservés au début de la fabrication.
"Delete %s x%s from the crafting queue?

All reserved materials will be refunded.","Delete %s x%s from the crafting queue?

All reserved materials will be refunded.","Eliminare %s x%s dalla coda di creazione?

Tutti i materiali riservati saranno rimborsati.","%s x%s aus der Handwerks-Warteschlange löschen?

Alle reservierten Materialien werden erstattet.","Supprimer %s x%s de la file d'artisanat ?

Tous les matériaux réservés seront remboursés."
Ascension · %s,Ascension · %s,Ascensione · %s,Aufstieg · %s,Ascension · %s
CHANGE PATH,CHANGE PATH,CAMBIA PERCORSO,PFAD ÄNDERN,CHANGER DE VOIE
Refund all points and return to the four Ascendant Paths.,Refund all points and return to the four Ascendant Paths.,Rimborsa tutti i punti e torna ai quattro Percorsi ascendenti.,Alle Punkte erstatten und zu den vier Aufstiegspfaden zurückkehren.,Rembourser tous les points et revenir aux quatre Voies ascendantes.
CHOOSE AN ASCENDANT PATH,CHOOSE AN ASCENDANT PATH,SCEGLI UN PERCORSO ASCENDENTE,EINEN AUFSTIEGSPFAD WÄHLEN,CHOISIR UNE VOIE ASCENDANTE
%s PATH,%s PATH,PERCORSO %s,%s PFAD,VOIE %s
ASCENDANT,ASCENDANT,ASCENDENTE,AUFSTIEGS,ASCENDANTE
CHOOSE PATH,CHOOSE PATH,SCEGLI PERCORSO,PFAD WÄHLEN,CHOISIR UNE VOIE
This hero has no base class assigned.,This hero has no base class assigned.,Questo eroe non ha una classe base assegnata.,Diesem Helden ist keine Basisklasse zugewiesen.,Aucune classe de base n'est attribuée à ce héros.
Promotion unlocks at level %s.,Promotion unlocks at level %s.,La promozione si sblocca al livello %s.,Die Beförderung wird auf Stufe %s freigeschaltet.,La promotion se débloque au niveau %s.
This hero has reached the elite class tier.,This hero has reached the elite class tier.,Questo eroe ha raggiunto il grado di classe élite.,Dieser Held hat den Elite-Klassengrad erreicht.,Ce héros a atteint le palier de classe élite.
Choose a new class.,Choose a new class.,Scegli una nuova classe.,Wähle eine neue Klasse.,Choisis une nouvelle classe.
Only one class is available: %s. Confirm the promotion below.,Only one class is available: %s. Confirm the promotion below.,È disponibile una sola classe: %s. Conferma la promozione qui sotto.,Es ist nur eine Klasse verfügbar: %s. Bestätige die Beförderung unten.,Une seule classe est disponible : %s. Confirme la promotion ci-dessous.
"%s  |  %s class  |  Level %s
%s Current stats are kept; class level restarts at %s.","%s  |  %s class  |  Level %s
%s Current stats are kept; class level restarts at %s.","%s  |  Classe %s  |  Livello %s
%s Le statistiche attuali vengono mantenute; il livello di classe riparte da %s.","%s  |  Klasse %s  |  Stufe %s
%s Aktuelle Werte bleiben erhalten; die Klassenstufe beginnt wieder bei %s.","%s  |  Classe %s  |  Niveau %s
%s Les stats actuelles sont conservées ; le niveau de classe repart à %s."
%s  |  %s class  |  Level %s,%s  |  %s class  |  Level %s,%s  |  Classe %s  |  Livello %s,%s  |  Klasse %s  |  Stufe %s,%s  |  Classe %s  |  Niveau %s
Promote to %s,Promote to %s,Promuovi a %s,Zu %s befördern,Promouvoir en %s
Promote %s from %s to %s,Promote %s from %s to %s,Promuovi %s da %s a %s,%s von %s zu %s befördern,Promouvoir %s de %s en %s
"ACTIVE · %s
%s

PASSIVE · %s
%s","ACTIVE · %s
%s

PASSIVE · %s
%s","ATTIVA · %s
%s

PASSIVA · %s
%s","AKTIV · %s
%s

PASSIV · %s
%s","ACTIVE · %s
%s

PASSIVE · %s
%s"
%s Help,%s Help,Aiuto: %s,%s Hilfe,Aide : %s
%s Help topic,%s Help topic,Argomento della guida: %s,Hilfethema: %s,Rubrique d'aide : %s
Collapsed. Activate to expand this Help topic.,Collapsed. Activate to expand this Help topic.,Compresso. Attiva per espandere questo argomento della guida.,"Eingeklappt. Aktivieren, um dieses Hilfethema auszuklappen.",Réduit. Active pour développer ce sujet d'Aide.
Expanded. Activate to collapse this Help topic.,Expanded. Activate to collapse this Help topic.,Espanso. Attiva per comprimere questo argomento della guida.,"Ausgeklappt. Aktivieren, um dieses Hilfethema einzuklappen.",Développée. Active pour réduire cette rubrique d'aide.
Expanded Help topic.,Expanded Help topic.,Argomento della guida espanso.,Hilfethema ausgeklappt.,Rubrique d'aide développée.
Dungeon requirement,Dungeon requirement,Requisito del dungeon,Verliesvoraussetzung,Condition de donjon
"[b]Recruit new heroes[/b]

The Tavern presents base-class recruits with a possible innate title. The recruitment price rises with the number of heroes currently on your roster; recruiting removes only the chosen offer.

[b]Innate titles[/b]
Each new Tavern arrival has a 25% chance to possess an innate title. A title stays with that hero through renaming and promotion. The Stalwart grants +10 Defense; The Warded grants +10 Magic Defense; The Nimble grants +10 Evade; and Keen-Eyed grants +10 Critical Chance, all as flat points. The Vigorous grants +10% Health and The Forceful grants +10% Attack as multipliers.

[b]Hero Choices[/b]
The remaining offers refresh together when the Tavern timer reaches zero. Each fresh list includes a healer when one is available. Your roster must have room before a hero can join.

[b]Upgrades[/b]
Permanent Tavern upgrades add roster capacity, shorten the current and future arrival timers, or add another offer to each refresh. Some later ranks also consume progression materials.","[b]Recruit new heroes[/b]

The Tavern presents base-class recruits with a possible innate title. The recruitment price rises with the number of heroes currently on your roster; recruiting removes only the chosen offer.

[b]Innate titles[/b]
Each new Tavern arrival has a 25% chance to possess an innate title. A title stays with that hero through renaming and promotion. The Stalwart grants +10 Defense; The Warded grants +10 Magic Defense; The Nimble grants +10 Evade; and Keen-Eyed grants +10 Critical Chance, all as flat points. The Vigorous grants +10% Health and The Forceful grants +10% Attack as multipliers.

[b]Hero Choices[/b]
The remaining offers refresh together when the Tavern timer reaches zero. Each fresh list includes a healer when one is available. Your roster must have room before a hero can join.

[b]Upgrades[/b]
Permanent Tavern upgrades add roster capacity, shorten the current and future arrival timers, or add another offer to each refresh. Some later ranks also consume progression materials.","[b]Recluta nuovi eroi[/b]

La Taverna presenta reclute di classe base che possono avere un titolo innato. Il prezzo di reclutamento aumenta con il numero di eroi nell'organico; reclutare rimuove solo l'offerta scelta.

[b]Titoli innati[/b]
Ogni nuovo arrivo in Taverna ha il 25% di probabilità di possedere un titolo innato. Il titolo resta con quell'eroe anche dopo rinomina e promozione. Il Tenace conferisce +10 Difesa; Il Protetto +10 Difesa magica; L'Agile +10 Schivata; e Occhio di falco +10 Probabilità critica, tutti come punti fissi. Il Vigoroso conferisce +10% Salute e Il Possente +10% Attacco come moltiplicatori.

[b]Scelte eroe[/b]
Le offerte rimanenti si aggiornano insieme quando il timer della Taverna raggiunge lo zero. Ogni nuovo elenco include un guaritore quando disponibile. Deve esserci spazio nell'organico prima che un eroe possa unirsi.

[b]Potenziamenti[/b]
I potenziamenti permanenti della Taverna aumentano la capacità dell'organico, abbreviano il timer degli arrivi attuale e futuro oppure aggiungono un'altra offerta a ogni aggiornamento. Alcuni gradi successivi consumano anche materiali di progressione.","[b]Rekrutiere neue Helden[/b]

Die Taverne bietet Rekruten der Basisklassen, die einen angeborenen Titel besitzen können. Der Rekrutierungspreis steigt mit der Zahl der Helden in deinem Aufgebot; eine Rekrutierung entfernt nur das gewählte Angebot.

[b]Angeborene Titel[/b]
Jeder neue Gast der Taverne hat eine Chance von 25%, einen angeborenen Titel zu besitzen. Ein Titel bleibt dem Helden auch nach Umbenennung und Beförderung erhalten. Der Standhafte gewährt +10 Verteidigung; Der Beschirmte gewährt +10 Magieverteidigung; Der Flinke gewährt +10 Ausweichen; und Scharfäugig gewährt +10 Kritische Chance, alle als feste Punkte. Der Kräftige gewährt +10% Leben und Der Wuchtige +10% Angriff als Multiplikatoren.

[b]Heldenauswahl[/b]
Die verbleibenden Angebote erneuern sich gemeinsam, sobald der Tavernen-Timer null erreicht. Jede frische Liste enthält einen Heiler, sofern verfügbar. In deinem Aufgebot muss Platz sein, bevor ein Held beitreten kann.

[b]Upgrades[/b]
Dauerhafte Tavernen-Upgrades erhöhen die Aufgebotsgröße, verkürzen den aktuellen und künftige Ankunfts-Timer oder fügen jedem Aktualisieren ein weiteres Angebot hinzu. Manche späteren Ränge verbrauchen zusätzlich Fortschrittsmaterialien.","[b]Recrute de nouveaux héros[/b]

La Taverne propose des recrues de classe de base pouvant posséder un titre inné. Le prix de recrutement augmente avec le nombre de héros présents dans ton effectif ; recruter ne retire que l'offre choisie.

[b]Titres innés[/b]
Chaque nouvelle arrivée à la Taverne a 25% de chances de posséder un titre inné. Un titre reste attaché au héros à travers les renommages et les promotions. L'Inébranlable accorde +10 Défense ; Le Protégé accorde +10 Défense magique ; L'Agile accorde +10 Esquive ; et Œil-de-lynx accorde +10 Chance critique, tous en points fixes. Le Vigoureux accorde +10% Vie et Le Puissant +10% Attaque sous forme de multiplicateurs.

[b]Choix de héros[/b]
Les offres restantes se renouvellent ensemble lorsque le minuteur de la Taverne atteint zéro. Chaque nouvelle liste inclut un soigneur lorsqu'il y en a un de disponible. Ton effectif doit disposer de place avant qu'un héros puisse te rejoindre.

[b]Améliorations[/b]
Les améliorations permanentes de la Taverne augmentent la capacité de l'effectif, raccourcissent le minuteur d'arrivée actuel et les suivants, ou ajoutent une offre supplémentaire à chaque renouvellement. Certains rangs supérieurs consomment aussi des matériaux de progression."
"[b]Buy resources and upgrades[/b]

The Material Market sells four one-craft material bundles for coins. Each offer can be bought once before the three-hour stock refresh. Weekly Gem Specials separately sell permanent Tavern and Workshop capacity, one rank of each per weekly stock cycle, up to rank 3.

[b]Eggs[/b]
Pet egg prices scale with the family's tier, from 75 gems at tier 3 up to 300 gems at tier 12. Purchased eggs go to PETS > Eggs for hatching.

[b]Premium[/b]
The Premium tab contains optional purchases and bonuses. Purchases never happen until you use their confirmation flow.

Check each offer's icons and quantities before buying; unavailable offers explain what is missing.","[b]Buy resources and upgrades[/b]

The Material Market sells four one-craft material bundles for coins. Each offer can be bought once before the three-hour stock refresh. Weekly Gem Specials separately sell permanent Tavern and Workshop capacity, one rank of each per weekly stock cycle, up to rank 3.

[b]Eggs[/b]
Pet egg prices scale with the family's tier, from 75 gems at tier 3 up to 300 gems at tier 12. Purchased eggs go to PETS > Eggs for hatching.

[b]Premium[/b]
The Premium tab contains optional purchases and bonuses. Purchases never happen until you use their confirmation flow.

Check each offer's icons and quantities before buying; unavailable offers explain what is missing.","[b]Acquista risorse e potenziamenti[/b]

Il Mercato dei materiali vende quattro pacchetti di materiali per una creazione in cambio di monete. Ogni offerta può essere acquistata una volta prima dell'aggiornamento delle scorte ogni tre ore. Le Offerte settimanali in gemme vendono separatamente capacità permanente per Taverna e Laboratorio, un grado per ciascun ciclo settimanale, fino al grado 3.

[b]Uova[/b]
Le uova dei famigli hanno un prezzo che cresce con il grado della famiglia, da 75 gemme al grado 3 fino a 300 gemme al grado 12. Le uova acquistate vanno in FAMIGLI > Uova per la schiusa.

[b]Premium[/b]
La scheda Premium contiene acquisti e bonus facoltativi. Nessun acquisto avviene prima di usare la relativa procedura di conferma.

Controlla le icone e le quantità di ogni offerta prima dell'acquisto; le offerte non disponibili indicano ciò che manca.","[b]Kaufe Rohstoffe und Upgrades[/b]

Der Materialmarkt verkauft vier Materialpakete für je eine Herstellung gegen Münzen. Jedes Angebot kann einmal gekauft werden, bevor der Bestand nach drei Stunden erneuert wird. Die wöchentlichen Edelstein-Angebote verkaufen separat dauerhafte Kapazität für Taverne und Werkstatt, je einen Rang pro wöchentlichem Bestandszyklus, bis Rang 3.

[b]Eier[/b]
Die Preise für Begleiter-Eier steigen mit dem Grad der Familie, von 75 Edelsteinen bei Grad 3 bis zu 300 Edelsteinen bei Grad 12. Gekaufte Eier landen zum Ausbrüten unter BEGLEITER > Eier.

[b]Premium[/b]
Der Premium-Reiter enthält optionale Käufe und Boni. Ein Kauf erfolgt nie, bevor du den zugehörigen Bestätigungsablauf nutzt.

Prüfe vor dem Kauf Symbole und Mengen jedes Angebots; nicht verfügbare Angebote erklären, was fehlt.","[b]Achète ressources et améliorations[/b]

Le Marché des matériaux vend quatre lots de matériaux pour une fabrication contre des pièces. Chaque offre peut être achetée une fois avant le renouvellement du stock toutes les trois heures. Les Offres hebdomadaires en gemmes vendent séparément de la capacité permanente de Taverne et d'Atelier, un rang de chaque par cycle de stock hebdomadaire, jusqu'au rang 3.

[b]Œufs[/b]
Le prix des œufs de familier augmente avec le palier de la famille, de 75 gemmes au palier 3 jusqu'à 300 gemmes au palier 12. Les œufs achetés rejoignent FAMILIERS > Œufs pour l'éclosion.

[b]Premium[/b]
L'onglet Premium contient des achats et des bonus facultatifs. Aucun achat n'a lieu tant que tu n'as pas suivi sa procédure de confirmation.

Vérifie les icônes et les quantités de chaque offre avant d'acheter ; les offres indisponibles indiquent ce qui manque."
"[b]Manage collected items[/b]

Use the category filters and sorting controls to find equipment, direct monster drops under Raw Materials, exclusive dungeon-boss drops under Rare Materials, craftable intermediate components under Refined Materials, and raid-exclusive items. Tap an item tile to open its details.

Item details show the item's amount, properties, recipe relationships, and where it is used. Eligible items can also be sold from their detail view.

The separate Item Catalog lists every entry, but undiscovered enemies and drops remain hidden in catalog and recipe views until first encountered or dropped.","[b]Manage collected items[/b]

Use the category filters and sorting controls to find equipment, direct monster drops under Raw Materials, exclusive dungeon-boss drops under Rare Materials, craftable intermediate components under Refined Materials, and raid-exclusive items. Tap an item tile to open its details.

Item details show the item's amount, properties, recipe relationships, and where it is used. Eligible items can also be sold from their detail view.

The separate Item Catalog lists every entry, but undiscovered enemies and drops remain hidden in catalog and recipe views until first encountered or dropped.","[b]Gestisci gli oggetti raccolti[/b]

Usa i filtri di categoria e i controlli di ordinamento per trovare equipaggiamento, bottino diretto dei mostri tra i Materiali grezzi, bottino esclusivo dei boss dei dungeon tra i Materiali rari, componenti intermedi creabili tra i Materiali raffinati e oggetti esclusivi dei raid. Tocca la scheda di un oggetto per aprirne i dettagli.

I dettagli mostrano quantità, proprietà, collegamenti alle ricette e impieghi dell'oggetto. Gli oggetti idonei possono anche essere venduti dalla loro vista dettagliata.

Il Catalogo oggetti separato elenca ogni voce, ma nemici e bottini non ancora scoperti restano nascosti nel catalogo e nelle ricette fino al primo incontro o ritrovamento.","[b]Verwalte gesammelte Gegenstände[/b]

Nutze die Kategoriefilter und Sortiersteuerungen, um Ausrüstung, direkte Monsterbeute unter Rohmaterialien, exklusive Verliesboss-Beute unter Seltene Materialien, herstellbare Zwischenbauteile unter Veredelte Materialien und raid-exklusive Gegenstände zu finden. Tippe auf eine Gegenstandskachel, um ihre Details zu öffnen.

Die Details zeigen Menge, Eigenschaften, Rezeptbeziehungen und Verwendungszwecke des Gegenstands. Geeignete Gegenstände lassen sich auch aus ihrer Detailansicht verkaufen.

Der separate Gegenstandskatalog listet jeden Eintrag auf, doch unentdeckte Gegner und Beutestücke bleiben in Katalog- und Rezeptansichten verborgen, bis sie erstmals angetroffen oder gefunden wurden.","[b]Gère les objets collectés[/b]

Utilise les filtres de catégorie et les commandes de tri pour trouver l'équipement, le butin direct des monstres dans Matériaux bruts, le butin exclusif des boss de donjon dans Matériaux rares, les composants intermédiaires fabricables dans Matériaux raffinés, et les objets exclusifs aux raids. Touche la tuile d'un objet pour ouvrir ses détails.

Les détails d'un objet indiquent sa quantité, ses propriétés, ses liens de recette et ses utilisations. Les objets éligibles peuvent aussi être vendus depuis leur vue détaillée.

Le Catalogue d'objets distinct répertorie chaque entrée, mais les ennemis et butins non découverts restent masqués dans le catalogue et les recettes jusqu'à leur première rencontre ou obtention."
"[b]Turn materials into useful items[/b]

Select a revealed recipe, choose a batch size, and add one job to the queue. Its ingredients and coin cost are deducted immediately. A larger batch takes proportionally longer.

[b]Queue and Upgrades tabs[/b]
The Workshop processes queued jobs in order, one at a time. Use Queue for active production and Upgrades for permanent improvements. Capacity upgrades let more jobs wait in the queue; Speed upgrades shorten both current and future jobs.

Cancelling any queued job refunds all of its ingredients and coin cost. Crafting continues while the game is closed, with queue progress credited for up to 12 hours away. Use Recipes to browse paths revealed by discovering at least one ingredient.","[b]Turn materials into useful items[/b]

Select a revealed recipe, choose a batch size, and add one job to the queue. Its ingredients and coin cost are deducted immediately. A larger batch takes proportionally longer.

[b]Queue and Upgrades tabs[/b]
The Workshop processes queued jobs in order, one at a time. Use Queue for active production and Upgrades for permanent improvements. Capacity upgrades let more jobs wait in the queue; Speed upgrades shorten both current and future jobs.

Cancelling any queued job refunds all of its ingredients and coin cost. Crafting continues while the game is closed, with queue progress credited for up to 12 hours away. Use Recipes to browse paths revealed by discovering at least one ingredient.","[b]Trasforma i materiali in oggetti utili[/b]

Seleziona una ricetta svelata, scegli le dimensioni del lotto e aggiungi un lavoro alla coda. Gli ingredienti e il costo in monete vengono detratti subito. Un lotto più grande richiede un tempo proporzionalmente maggiore.

[b]Schede Coda e Potenziamenti[/b]
Il Laboratorio elabora i lavori in coda nell'ordine, uno alla volta. Usa Coda per la produzione attiva e Potenziamenti per le migliorie permanenti. I potenziamenti di capacità consentono di mettere più lavori in attesa; quelli di Velocità abbreviano i lavori attuali e futuri.

Annullare un lavoro in coda rimborsa tutti gli ingredienti e il costo in monete. La creazione continua mentre il gioco è chiuso, con i progressi della coda riconosciuti per un massimo di 12 ore. Usa Ricette per esplorare i percorsi svelati scoprendo almeno un ingrediente.","[b]Verwandle Materialien in nützliche Gegenstände[/b]

Wähle ein aufgedecktes Rezept, lege eine Losgröße fest und füge der Warteschlange einen Auftrag hinzu. Seine Zutaten und Münzkosten werden sofort abgezogen. Ein größeres Los dauert entsprechend länger.

[b]Reiter Warteschlange und Upgrades[/b]
Die Werkstatt bearbeitet wartende Aufträge der Reihe nach, einen nach dem anderen. Nutze Warteschlange für die laufende Produktion und Upgrades für dauerhafte Verbesserungen. Kapazitäts-Upgrades lassen mehr Aufträge warten; Geschwindigkeits-Upgrades verkürzen aktuelle und künftige Aufträge.

Das Abbrechen eines wartenden Auftrags erstattet alle Zutaten und Münzkosten. Das Handwerk läuft weiter, während das Spiel geschlossen ist, wobei der Fortschritt der Warteschlange für bis zu 12 Stunden Abwesenheit angerechnet wird. Nutze Rezepte, um Pfade zu durchstöbern, die durch das Entdecken mindestens einer Zutat sichtbar werden.","[b]Transforme les matériaux en objets utiles[/b]

Sélectionne une recette révélée, choisis une taille de lot et ajoute une tâche à la file d'attente. Ses ingrédients et son coût en pièces sont déduits immédiatement. Un lot plus grand prend proportionnellement plus de temps.

[b]Onglets File d'attente et Améliorations[/b]
L'Atelier traite les tâches en attente dans l'ordre, une à la fois. Utilise File d'attente pour la production en cours et Améliorations pour les progrès permanents. Les améliorations de capacité permettent à davantage de tâches d'attendre dans la file ; les améliorations de Vitesse raccourcissent les tâches actuelles et futures.

Annuler une tâche en attente rembourse la totalité de ses ingrédients et de son coût en pièces. L'artisanat continue lorsque le jeu est fermé, la progression de la file étant créditée pour 12 heures d'absence au maximum. Utilise Recettes pour parcourir les chaînes révélées en découvrant au moins un ingrédient."
"[b]Hatch and train expedition companions[/b]

Drowned Tollkeeper, Glasswing Astromancer, and the four permanent Raid bosses each drop their family egg at {PET_EGG_DROP_SUMMARY}. Raid egg bosses pay out far more per kill because each Raid is reachable only once a day, while a dungeon egg boss can be fought repeatedly for as long as that dungeon is your target. Hatch odds and party bonuses are {PET_RARITY_SUMMARY}. Assign one available pet to a dungeon or Raid; it earns Bond XP from completed encounters and strengthens its effects through level 20. A pet selected during party setup is not active yet: its bonuses and deployment begin only when that dungeon or Raid starts.","[b]Hatch and train expedition companions[/b]

Drowned Tollkeeper, Glasswing Astromancer, and the four permanent Raid bosses each drop their family egg at {PET_EGG_DROP_SUMMARY}. Raid egg bosses pay out far more per kill because each Raid is reachable only once a day, while a dungeon egg boss can be fought repeatedly for as long as that dungeon is your target. Hatch odds and party bonuses are {PET_RARITY_SUMMARY}. Assign one available pet to a dungeon or Raid; it earns Bond XP from completed encounters and strengthens its effects through level 20. A pet selected during party setup is not active yet: its bonuses and deployment begin only when that dungeon or Raid starts.","[b]Schiudi e addestra i famigli da spedizione[/b]

Il Gabelliere annegato, l'Astromante Alacristallo e i quattro boss permanenti dei Raid lasciano l'uovo della propria famiglia con probabilità {PET_EGG_DROP_SUMMARY}. I boss dei Raid rendono molto di più per uccisione perché ogni Raid è raggiungibile una sola volta al giorno, mentre un boss dei dungeon può essere affrontato ripetutamente finché quel dungeon è il tuo obiettivo. Le probabilità di schiusa e i bonus al gruppo sono {PET_RARITY_SUMMARY}. Assegna un famiglio disponibile a un dungeon o Raid: ottiene PE Legame dagli scontri completati e rafforza i suoi effetti fino al livello 20. Un famiglio selezionato durante la preparazione del gruppo non è ancora attivo: i suoi bonus e il suo impiego iniziano solo all'avvio del dungeon o Raid.","[b]Brüte Expeditionsbegleiter aus und bilde sie aus[/b]

Ertrunkener Zöllner, Glasflügel-Astromant und die vier dauerhaften Raid-Bosse lassen jeweils das Ei ihrer Familie mit {PET_EGG_DROP_SUMMARY} fallen. Raid-Eierbosse bringen pro Sieg weit mehr ein, weil jeder Raid nur einmal am Tag erreichbar ist, während ein Verlies-Eierboss beliebig oft bekämpft werden kann, solange dieses Verlies dein Ziel ist. Brutchancen und Gruppenboni sind {PET_RARITY_SUMMARY}. Weise einem Verlies oder Raid einen verfügbaren Begleiter zu; er erhält Bindungs-EP aus abgeschlossenen Begegnungen und verstärkt seine Effekte bis Stufe 20. Ein bei der Gruppenaufstellung ausgewählter Begleiter ist noch nicht aktiv: Seine Boni und sein Einsatz beginnen erst, wenn dieses Verlies oder dieser Raid startet.","[b]Fais éclore et entraîne des familiers d'expédition[/b]

Le Péager noyé, l'Astromancien Aile-de-verre et les quatre boss de Raid permanents laissent chacun tomber l'œuf de leur famille avec {PET_EGG_DROP_SUMMARY}. Les boss de Raid à œuf rapportent bien plus par victoire, car chaque Raid n'est accessible qu'une fois par jour, tandis qu'un boss à œuf de donjon peut être affronté encore et encore tant que ce donjon reste ton objectif. Les chances d'éclosion et les bonus de groupe sont {PET_RARITY_SUMMARY}. Assigne un familier disponible à un donjon ou à un Raid : il gagne de l'XP de lien grâce aux rencontres terminées et renforce ses effets jusqu'au niveau 20. Un familier sélectionné pendant la préparation du groupe n'est pas encore actif : ses bonus et son déploiement ne commencent qu'au lancement de ce donjon ou de ce Raid."
"[b]Earn rotating Daily and Weekly rewards[/b]

[b]Automatic progress[/b]
Quests need no accept step. Normal combat, dungeon and raid clears, finished crafts, and Coins earned update them automatically. Supported offline combat and crafting catch-up count through the same gameplay events.

[b]Daily and weekly resets[/b]
Daily Quests reset at 00:00 UTC. Weekly Quests reset Monday at 00:00 UTC. A Weekly board created after Monday scales its targets to the days remaining in that week.

[b]Claims and expiry[/b]
Claim completed rewards whenever you like. Completed rewards left unclaimed are granted automatically at reset. Incomplete Quests expire without a penalty.

[b]Quest ranks[/b]
Ranks add reward bonuses and can add Daily or Weekly slots. Rank upgrades cost Coins, never Gems, and each rank also requires a campaign tier and, from rank 2 on, a specific Raid unlocked. Purchases apply only when each next board resets; current boards and rewards stay frozen.

[b]No chores or penalties[/b]
There are no streaks, rerolls, missed-day penalties, rewarded-ad requirements, or premium-purchase requirements. Keep playing the activities you already use.","[b]Earn rotating Daily and Weekly rewards[/b]

[b]Automatic progress[/b]
Quests need no accept step. Normal combat, dungeon and raid clears, finished crafts, and Coins earned update them automatically. Supported offline combat and crafting catch-up count through the same gameplay events.

[b]Daily and weekly resets[/b]
Daily Quests reset at 00:00 UTC. Weekly Quests reset Monday at 00:00 UTC. A Weekly board created after Monday scales its targets to the days remaining in that week.

[b]Claims and expiry[/b]
Claim completed rewards whenever you like. Completed rewards left unclaimed are granted automatically at reset. Incomplete Quests expire without a penalty.

[b]Quest ranks[/b]
Ranks add reward bonuses and can add Daily or Weekly slots. Rank upgrades cost Coins, never Gems, and each rank also requires a campaign tier and, from rank 2 on, a specific Raid unlocked. Purchases apply only when each next board resets; current boards and rewards stay frozen.

[b]No chores or penalties[/b]
There are no streaks, rerolls, missed-day penalties, rewarded-ad requirements, or premium-purchase requirements. Keep playing the activities you already use.","[b]Ottieni ricompense giornaliere e settimanali a rotazione[/b]

[b]Progresso automatico[/b]
Le missioni non richiedono accettazione. Il combattimento normale, i completamenti di dungeon e raid, le creazioni terminate e le monete ottenute le aggiornano automaticamente. Il recupero offline supportato per combattimento e creazione conta tramite gli stessi eventi di gioco.

[b]Ripristini giornalieri e settimanali[/b]
Le missioni giornaliere si ripristinano alle 00:00 UTC. Le missioni settimanali si ripristinano lunedì alle 00:00 UTC. Una serie settimanale creata dopo lunedì adatta gli obiettivi ai giorni rimasti nella settimana.

[b]Riscossione e scadenza[/b]
Riscuoti le ricompense completate quando vuoi. Le ricompense completate non riscosse vengono assegnate automaticamente al ripristino. Le missioni incomplete scadono senza penalità.

[b]Ranghi missione[/b]
I ranghi aggiungono bonus alle ricompense e possono aggiungere slot giornalieri o settimanali. I potenziamenti costano monete, mai gemme, e ogni rango richiede anche un grado della campagna e, dal rango 2 in poi, uno specifico Raid sbloccato. Gli acquisti si applicano solo quando si ripristina ciascuna serie successiva; le serie e le ricompense attuali restano invariate.

[b]Nessun obbligo o penalità[/b]
Non ci sono serie consecutive, rilanci, penalità per giorni saltati, requisiti di pubblicità con ricompensa o acquisti premium. Continua a giocare alle attività che già utilizzi.","[b]Verdiene wechselnde Tages- und Wochenbelohnungen[/b]

[b]Automatischer Fortschritt[/b]
Aufträge müssen nicht angenommen werden. Normale Kämpfe, abgeschlossene Verliese und Raids, fertige Herstellungen und verdiente Münzen aktualisieren sie automatisch. Der unterstützte Offline-Nachholvorgang für Kampf und Handwerk zählt über dieselben Spielereignisse.

[b]Tägliches und wöchentliches Zurücksetzen[/b]
Tagesaufträge werden um 00:00 UTC zurückgesetzt. Wochenaufträge werden montags um 00:00 UTC zurückgesetzt. Eine nach Montag erstellte Wochentafel passt ihre Ziele an die verbleibenden Tage dieser Woche an.

[b]Abholen und Ablauf[/b]
Hole abgeschlossene Belohnungen ab, wann du möchtest. Abgeschlossene, aber nicht abgeholte Belohnungen werden beim Zurücksetzen automatisch vergeben. Unvollständige Aufträge laufen ohne Strafe ab.

[b]Auftragsränge[/b]
Ränge fügen Belohnungsboni hinzu und können Tages- oder Wochenplätze eröffnen. Rang-Upgrades kosten Münzen, niemals Edelsteine, und jeder Rang setzt zusätzlich einen Kampagnengrad und ab Rang 2 einen bestimmten freigeschalteten Raid voraus. Käufe wirken sich erst aus, wenn die jeweils nächste Tafel zurückgesetzt wird; aktuelle Tafeln und Belohnungen bleiben unverändert.

[b]Keine Pflichten oder Strafen[/b]
Es gibt keine Serien, Neuauslosungen, Strafen für verpasste Tage, Pflicht-Werbevideos oder erforderliche Premium-Käufe. Spiele einfach weiter die Aktivitäten, die du ohnehin nutzt.","[b]Gagne des récompenses quotidiennes et hebdomadaires en rotation[/b]

[b]Progression automatique[/b]
Les quêtes ne nécessitent aucune acceptation. Les combats normaux, les donjons et raids terminés, les fabrications achevées et les Pièces gagnées les mettent à jour automatiquement. Le rattrapage hors ligne pris en charge pour le combat et l'artisanat compte via les mêmes événements de jeu.

[b]Réinitialisations quotidienne et hebdomadaire[/b]
Les Quêtes quotidiennes se réinitialisent à 00:00 UTC. Les Quêtes hebdomadaires se réinitialisent le lundi à 00:00 UTC. Un tableau hebdomadaire créé après le lundi adapte ses objectifs aux jours restants dans la semaine.

[b]Réclamations et expiration[/b]
Réclame les récompenses terminées quand tu le souhaites. Les récompenses terminées non réclamées sont octroyées automatiquement à la réinitialisation. Les quêtes inachevées expirent sans pénalité.

[b]Rangs de quête[/b]
Les rangs ajoutent des bonus de récompense et peuvent ouvrir des emplacements quotidiens ou hebdomadaires. Les améliorations de rang coûtent des Pièces, jamais des Gemmes, et chaque rang exige aussi un palier de campagne et, à partir du rang 2, un Raid précis débloqué. Les achats ne s'appliquent qu'à la réinitialisation de chaque tableau suivant ; les tableaux et récompenses actuels restent figés.

[b]Aucune corvée ni pénalité[/b]
Il n'y a ni séries, ni relances, ni pénalités pour les jours manqués, ni obligation de regarder des publicités ou d'effectuer des achats premium. Continue à jouer aux activités que tu utilises déjà."
 - available, - available, - disponibile, - verfügbar, - disponible
 - deployed in %s, - deployed in %s, - schierato in %s, - eingesetzt in %s, - déployé dans %s
 - Owned x%s, - Owned x%s, - Posseduti x%s, - Besessen x%s, - Possédé x%s
 - owned x%s, - owned x%s, - posseduti x%s, - besessen x%s, - possédé x%s
 - Tier %s, - Tier %s, - Grado %s, - Grad %s, - Palier %s
%s - %s,%s - %s,%s - %s,%s - %s,%s - %s
%s - %s %s - Level %s - %s,%s - %s %s - Level %s - %s,%s - %s %s - Livello %s - %s,%s - %s %s - Stufe %s - %s,%s - %s %s - Niveau %s - %s
%s - %s%% - %s - %s party bonuses,%s - %s%% - %s - %s party bonuses,%s - %s%% - %s - %s bonus al gruppo,%s - %s%% - %s - %s Gruppenboni,%s - %s%% - %s - %s bonus de groupe
%s - report quantity x%s - tap for details,%s - report quantity x%s - tap for details,%s - quantità nel rapporto x%s - tocca per i dettagli,%s - Berichtmenge x%s - für Details antippen,%s - quantité du rapport x%s - toucher pour les détails
%s - Tier %s%s - %s - %s%% boss drop,%s - Tier %s%s - %s - %s%% boss drop,%s - Grado %s%s - %s - probabilità boss %s%%,%s - Grad %s%s - %s - %s%% Bossbeute,%s - Palier %s%s - %s - %s%% de butin de boss
"%s %s
%s family","%s %s
%s family","%s %s
Famiglia %s","%s %s
Familie %s","%s %s
Famille %s"
%s / %s SPENT,%s / %s SPENT,%s / %s SPESI,%s / %s AUSGEGEBEN,%s / %s DÉPENSÉ
%s + ANY crafted weapon from %s,%s + ANY crafted weapon from %s,%s + QUALSIASI arma creata di %s,%s + BELIEBIGE hergestellte Waffe aus %s,%s + N'IMPORTE QUELLE arme fabriquée de %s
%s · %s,%s · %s,%s · %s,%s · %s,%s · %s
%s BONUS,%s BONUS,%s BONUS,%s BONUS,%s BONUS
%s BONUSES,%s BONUSES,%s BONUS TOTALI,%s BONI,%s BONUS
%s PT / RANK,%s PT / RANK,%s PT / GRADO,%s PT / RANG,%s PT / RANG
%s Report,%s Report,Rapporto: %s,Bericht: %s,Rapport : %s
%s x%s required. Upgrade success: 100%%.,%s x%s required. Upgrade success: 100%%.,Richiesti %s x%s. Successo del potenziamento: 100%%.,%s x%s erforderlich. Verbesserungserfolg: 100%%.,%s x%s requis. Réussite de l'amélioration : 100%%.
"%s

Current rank: %s/%s
Current bonus: %s
All valid upgrades are guaranteed to succeed.","%s

Current rank: %s/%s
Current bonus: %s
All valid upgrades are guaranteed to succeed.","%s

Grado attuale: %s/%s
Bonus attuale: %s
Tutti i potenziamenti validi hanno successo garantito.","%s

Aktueller Rang: %s/%s
Aktueller Bonus: %s
Alle gültigen Verbesserungen gelingen garantiert.","%s

Rang actuel : %s/%s
Bonus actuel : %s
Toutes les améliorations valides réussissent à coup sûr."
"%s
Press the mist icon to hide this explanation.","%s
Press the mist icon to hide this explanation.","%s
Premi l'icona della nebbia per nascondere questa spiegazione.","%s
Drücke das Nebelsymbol, um diese Erklärung auszublenden.","%s
Appuie sur l'icône de brume pour masquer cette explication."
%s%% BOSS DROP,%s%% BOSS DROP,BOTTINO BOSS %s%%,%s%% BOSSBEUTE,BUTIN DE BOSS %s%%
%s%% drop from %s,%s%% drop from %s,Probabilità %s%% da %s,%s%% Beute von %s,%s%% de butin de %s
%s%% EGG,%s%% EGG,UOVO %s%%,%s%% EI,%s%% ŒUF
? DROP,? DROP,BOTTINO ?,? BEUTE,? BUTIN
"[center]%s  |  %s
[b][color=%s]Health: %s / %s[/color][/b]
[b][color=%s]Mana: %s / %s[/color][/b]
[b][color=%s]Barrier: %s[/color][/b][/center]","[center]%s  |  %s
[b][color=%s]Health: %s / %s[/color][/b]
[b][color=%s]Mana: %s / %s[/color][/b]
[b][color=%s]Barrier: %s[/color][/b][/center]","[center]%s  |  %s
[b][color=%s]Salute: %s / %s[/color][/b]
[b][color=%s]Mana: %s / %s[/color][/b]
[b][color=%s]Barriera: %s[/color][/b][/center]","[center]%s  |  %s
[b][color=%s]Leben: %s / %s[/color][/b]
[b][color=%s]Mana: %s / %s[/color][/b]
[b][color=%s]Barriere: %s[/color][/b][/center]","[center]%s  |  %s
[b][color=%s]Vie : %s / %s[/color][/b]
[b][color=%s]Mana : %s / %s[/color][/b]
[b][color=%s]Barrière : %s[/color][/b][/center]"
[color=#bd9865]None[/color],[color=#bd9865]None[/color],[color=#bd9865]Nessuno[/color],[color=#bd9865]Keine[/color],[color=#bd9865]Aucun[/color]
"[color=#f2cf82][b]ACTIVE EFFECTS[/b][/color]
%s","[color=#f2cf82][b]ACTIVE EFFECTS[/b][/color]
%s","[color=#f2cf82][b]EFFETTI ATTIVI[/b][/color]
%s","[color=#f2cf82][b]AKTIVE EFFEKTE[/b][/color]
%s","[color=#f2cf82][b]EFFETS ACTIFS[/b][/color]
%s"
+%s more,+%s more,+ altri %s,+%s weitere,+%s de plus
• %s: %s (%s turns) — %s,• %s: %s (%s turns) — %s,• %s: %s (%s turni) — %s,• %s: %s (%s Züge) — %s,• %s : %s (%s tours) — %s
Active skill,Active skill,Abilità attiva,Aktive Fähigkeit,Compétence active
Add one rank to %s.,Add one rank to %s.,Aggiungi un grado a %s.,Füge %s einen Rang hinzu.,Ajoute un rang à %s.
Any crafted weapon from %s,Any crafted weapon from %s,Qualsiasi arma creata di %s,Beliebige hergestellte Waffe aus %s,N'importe quelle arme fabriquée de %s
Ascendant Path,Ascendant Path,Percorso Ascendente,Aufstiegspfad,Voie ascendante
ASCENSION PROGRESS,ASCENSION PROGRESS,PROGRESSO ASCENSIONE,AUFSTIEGSFORTSCHRITT,PROGRESSION DE L'ASCENSION
"Attack %s    Damage %s-%s
Defense %s%%    Magic Defense %s%%","Attack %s    Damage %s-%s
Defense %s%%    Magic Defense %s%%","Attacco %s    Danno %s-%s
Difesa %s%%    Difesa magica %s%%","Angriff %s    Schaden %s-%s
Verteidigung %s%%    Magieverteidigung %s%%","Attaque %s    Dégâts %s-%s
Défense %s%%    Défense magique %s%%"
Barrier: %s,Barrier: %s,Barriera: %s,Barriere: %s,Barrière : %s
Become %s (%s),Become %s (%s),Diventa %s (%s),Werde %s (%s),Devenir %s (%s)
Collected drops,Collected drops,Bottino raccolto,Eingesammelte Beute,Butin récupéré
Crafting · %s / %s,Crafting · %s / %s,Creazione · %s / %s,Handwerk · %s / %s,Artisanat · %s / %s
Current drops,Current drops,Bottino attuale,Aktuelle Beute,Butin actuel
Death penalty: each fallen hero loses 10% of their current XP.,Death penalty: each fallen hero loses 10% of their current XP.,Penalità di morte: ogni eroe caduto perde il 10% dei PE attuali.,Strafe beim Tod: Jeder gefallene Held verliert 10% seiner aktuellen EP.,Pénalité de mort : chaque héros tombé perd 10% de son XP actuelle.
Deaths,Deaths,Morti,Tode,Morts
Deployed in %s,Deployed in %s,Schierato in %s,Eingesetzt in %s,Déployé dans %s
Effect,Effect,Effetto,Effekt,Effet
Gems gained,Gems gained,Gemme ottenute,Erhaltene Edelsteine,Gemmes obtenues
Hatch outcomes,Hatch outcomes,Esiti della schiusa,Schlupfergebnisse,Résultats d'éclosion
Hero,Hero,Eroe,Held,Héros
IN %s,IN %s,IN %s,IN %s,DANS %s
other slot,other slot,altro slot,anderer Platz,autre emplacement
ADD · %s POINT,ADD · %s POINT,AGGIUNGI · %s PUNTO,HINZU · %s PUNKT,AJOUTER · %s POINT
ADD · %s POINTS,ADD · %s POINTS,AGGIUNGI · %s PUNTI,HINZUFÜGEN · %s PUNKTE,AJOUTER · %s POINTS
Invest another rank.,Invest another rank.,Investi in un altro grado.,Investiere einen weiteren Rang.,Investis un rang supplémentaire.
Items,Items,Oggetti,Gegenstände,Objets
Items / hour,Items / hour,Oggetti / ora,Gegenstände / Stunde,Objets / heure
Kills,Kills,Uccisioni,Siege,Victoires
Last collection,Last collection,Ultima raccolta,Letzte Abholung,Dernière collecte
Pending,Pending,In sospeso,Ausstehend,En attente
Level %s / %s - Bond XP %s / %s,Level %s / %s - Bond XP %s / %s,Livello %s / %s - PE Legame %s / %s,Stufe %s / %s - Bindungs-EP %s / %s,Niveau %s / %s - XP de lien %s / %s
Level %s / %s - MAX,Level %s / %s - MAX,Livello %s / %s - MAX,Stufe %s / %s - MAX,Niveau %s / %s - MAX
Lv.%s,Lv.%s,Liv.%s,St.%s,Niv.%s
MAXED,MAXED,COMPLETATO,MAXIMAL,AU MAX
MAXIMUM RANK,MAXIMUM RANK,GRADO MASSIMO,HÖCHSTER RANG,RANG MAXIMUM
Maximum rank reached.,Maximum rank reached.,Grado massimo raggiunto.,Maximaler Rang erreicht.,Rang maximal atteint.
Mist %s%%: enemies gain +%s%% Evade.,Mist %s%%: enemies gain +%s%% Evade.,Nebbia %s%%: i nemici ottengono +%s%% Schivata.,Nebel %s%%: Gegner erhalten +%s%% Ausweichen.,Brume %s%% : les ennemis gagnent +%s%% Esquive.
Monster,Monster,Mostro,Monster,Monstre
NEED %s ASCENSION POINT,NEED %s ASCENSION POINT,SERVE %s PUNTO ASCENSIONE,BENÖTIGT %s AUFSTIEGSPUNKT,IL FAUT %s POINT D'ASCENSION
NEED %s ASCENSION POINTS,NEED %s ASCENSION POINTS,SERVONO %s PUNTI ASCENSIONE,BENÖTIGT %s AUFSTIEGSPUNKTE,IL FAUT %s POINTS D'ASCENSION
No active skill.,No active skill.,Nessuna abilità attiva.,Keine aktive Fähigkeit.,Aucune compétence active.
No expedition report is available yet.,No expedition report is available yet.,Non è ancora disponibile alcun rapporto di spedizione.,Noch ist kein Expeditionsbericht verfügbar.,Aucun rapport d'expédition n'est encore disponible.
No passive skill.,No passive skill.,Nessuna abilità passiva.,Keine passive Fähigkeit.,Aucune compétence passive.
NO POINTS,NO POINTS,NESSUN PUNTO,KEINE PUNKTE,AUCUN POINT
Not enough Ascension Points remain.,Not enough Ascension Points remain.,Non restano abbastanza Punti Ascensione.,Es sind nicht genügend Aufstiegspunkte übrig.,Il ne reste pas assez de Points d'ascension.
Not enough Ascension Points.,Not enough Ascension Points.,Punti Ascensione insufficienti.,Nicht genügend Aufstiegspunkte.,Points d'ascension insuffisants.
Party bonuses,Party bonuses,Bonus al gruppo,Gruppenboni,Bonus de groupe
Passive skill,Passive skill,Abilità passiva,Passive Fähigkeit,Compétence passive
"POINTS
LEFT","POINTS
LEFT","PUNTI
RIMASTI","PUNKTE
ÜBRIG","POINTS
RESTANTS"
Possible bonuses,Possible bonuses,Bonus possibili,Mögliche Boni,Bonus possibles
Press to inspect this combatant,Press to inspect this combatant,Premi per esaminare questo combattente,"Drücken, um diesen Kämpfer zu untersuchen",Appuie pour inspecter ce combattant
Rank %s/%s,Rank %s/%s,Grado %s/%s,Rang %s/%s,Rang %s/%s
RANK %s/%s,RANK %s/%s,GRADO %s/%s,RANG %s/%s,RANG %s/%s
RANK %s/%s · %s POINT PER RANK,RANK %s/%s · %s POINT PER RANK,GRADO %s/%s · %s PUNTO PER GRADO,RANG %s/%s · %s PUNKT PRO RANG,RANG %s/%s · %s POINT PAR RANG
RANK %s/%s · %s POINTS PER RANK,RANK %s/%s · %s POINTS PER RANK,GRADO %s/%s · %s PUNTI PER GRADO,RANG %s/%s · %s PUNKTE PRO RANG,RANG %s/%s · %s POINTS PAR RANG
READY,READY,PRONTO,BEREIT,PRÊT
Ready to invest.,Ready to invest.,Pronto per l'investimento.,Bereit zum Investieren.,Prêt à investir.
Since last collection,Since last collection,Dall'ultima raccolta,Seit der letzten Abholung,Depuis la dernière collecte
T%s,T%s,G%s,G%s,T%s
this upgrade,this upgrade,questo potenziamento,diese Verbesserung,cette amélioration
This upgrade is complete.,This upgrade is complete.,Questo potenziamento è completo.,Dieses Upgrade ist abgeschlossen.,Cette amélioration est terminée.
"Tier %s egg
%s family","Tier %s egg
%s family","Uovo di grado %s
Famiglia %s","Ei vom Grad %s
Familie %s","Œuf de palier %s
Famille %s"
Time,Time,Tempo,Zeit,Temps
Uncollected report,Uncollected report,Rapporto non riscosso,Nicht abgeholter Bericht,Rapport non récupéré
Unique raid accessory,Unique raid accessory,Accessorio da raid unico,Einzigartiges Raid-Accessoire,Accessoire de raid unique
Unknown boss egg,Unknown boss egg,Uovo di boss sconosciuto,Unbekanntes Boss-Ei,Œuf de Boss inconnu
Unknown egg,Unknown egg,Uovo sconosciuto,Unbekanntes Ei,Œuf inconnu
Unknown item - discover it to reveal its details,Unknown item - discover it to reveal its details,Oggetto sconosciuto - scoprilo per svelarne i dettagli,"Unbekannter Gegenstand - entdecke ihn, um seine Details zu enthüllen",Objet inconnu - découvre-le pour révéler ses détails
Unknown item type,Unknown item type,Tipo di oggetto sconosciuto,Unbekannter Gegenstandstyp,Type d'objet inconnu
Unknown pet,Unknown pet,Famiglio sconosciuto,Unbekannter Begleiter,Familier inconnu
Unknown source,Unknown source,Fonte sconosciuta,Unbekannte Quelle,Source inconnue
Unknown unique raid accessory,Unknown unique raid accessory,Accessorio da raid unico sconosciuto,Unbekanntes einzigartiges Raid-Accessoire,Accessoire de raid unique inconnu
"UPGRADE · %s/%s
GUARANTEED","UPGRADE · %s/%s
GUARANTEED","POTENZIA · %s/%s
GARANTITO","VERBESSERN · %s/%s
GARANTIERT","AMÉLIORER · %s/%s
GARANTI"
Waiting · %s,Waiting · %s,In attesa · %s,Wartet · %s,En attente · %s
x%s,x%s,x%s,x%s,x%s
x?,x?,x?,x?,x?
+%s%%,+%s%%,+%s%%,+%s%%,+%s%%
+%s point,+%s point,+%s punto,+%s Punkt,+%s point
+%s points,+%s points,+%s punti,+%s Punkte,+%s points
ACC,ACC,ACC,ACC,ACC
ACC1,ACC1,ACC1,ACC1,ACC1
ACC2,ACC2,ACC2,ACC2,ACC2
ARM,ARM,COR,RÜS,ARM
BUILD,BUILD,COST,BAUEN,CONSTRUIRE
RAID,RAID,RAID,RAID,RAID
REF,REF,RAFF,REF,REF
XP / hour,XP / hour,PE / ora,EP / Stunde,XP / heure
XP gained,XP gained,PE ottenuti,EP erhalten,XP gagnée
XP lost,XP lost,PE persi,EP verloren,XP perdue
%s %s,%s %s,%s %s,%s %s,%s %s
%s + %s,%s + %s,%s + %s,%s + %s,%s + %s
%s x%s,%s x%s,%s x%s,%s x%s,%s x%s
%s completes the Unswallowed Pattern.,%s completes the Unswallowed Pattern.,%s completa la Trama non inghiottita.,%s vollendet das Unverschlungene Muster.,%s complète la Trame non engloutie.
%s evades %s,%s evades %s,%s schiva %s,%s weicht %s aus,%s esquive %s
%s experience shared among living heroes,%s experience shared among living heroes,%s PE distribuiti tra gli eroi sopravvissuti,%s Erfahrung unter den lebenden Helden aufgeteilt,%s d'expérience partagée entre les héros vivants
%s gains %s mana,%s gains %s mana,%s ottiene %s mana,%s erhält %s Mana,%s gagne %s mana
%s hits %s with %s for %s damage,%s hits %s with %s for %s damage,%s colpisce %s con %s infliggendo %s danni,%s trifft %s mit %s für %s Schaden,%s frappe %s avec %s pour %s dégâts
%s holds fast and reduces the opening hit.,%s holds fast and reduces the opening hit.,%s resiste e riduce il danno del primo colpo.,%s hält stand und mindert den Eröffnungstreffer.,%s tient bon et réduit le coup d'ouverture.
%s is marked by %s's Gale Mark,%s is marked by %s's Gale Mark,%s viene marchiato dal Marchio della burrasca di %s,%s wird vom Sturmmal von %s gezeichnet,%s est marqué par la Marque de bourrasque de %s
%s is steadied by the Heart of the Marching Grove.,%s is steadied by the Heart of the Marching Grove.,%s ritrova stabilità grazie al Cuore del Bosco in Marcia.,%s wird vom Herz des Marschierenden Hains gefestigt.,%s est stabilisé par le Cœur du Bosquet en marche.
%s reflects %s damage to %s,%s reflects %s damage to %s,%s riflette %s danni su %s,%s reflektiert %s Schaden auf %s,%s renvoie %s dégâts à %s
%s refuses to fall through divine protection,%s refuses to fall through divine protection,%s rifiuta di cadere grazie alla protezione divina,%s weigert sich dank göttlichem Schutz zu fallen,%s refuse de tomber grâce à une protection divine
%s resists a harmful effect,%s resists a harmful effect,%s resiste a un effetto nocivo,%s widersteht einem schädlichen Effekt,%s résiste à un effet néfaste
%s restores %s HP through %s,%s restores %s HP through %s,%s recupera %s PV grazie a %s,%s stellt %s LP durch %s wieder her,%s récupère %s PV grâce à %s
%s restores %s HP to %s through %s,%s restores %s HP to %s through %s,%s restituisce %s PV a %s grazie a %s,%s stellt %s LP bei %s durch %s wieder her,%s rend %s PV à %s grâce à %s
%s returns to battle with %s HP,%s returns to battle with %s HP,%s torna in battaglia con %s PV,%s kehrt mit %s LP in den Kampf zurück,%s revient au combat avec %s PV
%s sacrifices %s HP,%s sacrifices %s HP,%s sacrifica %s PV,%s opfert %s LP,%s sacrifie %s PV
%s suffers %s decay damage,%s suffers %s decay damage,%s subisce %s danni da decadimento,%s erleidet %s Zerfallsschaden,%s subit %s dégâts de déclin
%s suffers %s damage from DoT,%s suffers %s damage from DoT,%s subisce %s danni da DoT,%s erleidet %s Schaden durch DoT,%s subit %s dégâts de DoT
%s's barrier absorbs %s damage,%s's barrier absorbs %s damage,La barriera di %s assorbe %s danni,Die Barriere von %s absorbiert %s Schaden,La barrière de %s absorbe %s dégâts
%s's Clear Note cleanses %s.,%s's Clear Note cleanses %s.,La Nota limpida di %s purifica %s.,Die Klare Note von %s reinigt %s.,La Note claire de %s purifie %s.
[color=#55a8ff]%s uses %s[/color],[color=#55a8ff]%s uses %s[/color],[color=#55a8ff]%s usa %s[/color],[color=#55a8ff]%s setzt %s ein[/color],[color=#55a8ff]%s utilise %s[/color]
[color=#b9d9ed]The mist shifts to %s%%. Enemy evasion changes with it.[/color],[color=#b9d9ed]The mist shifts to %s%%. Enemy evasion changes with it.[/color],[color=#b9d9ed]La nebbia passa al %s%%. L'evasione dei nemici cambia di conseguenza.[/color],[color=#b9d9ed]Der Nebel verschiebt sich auf %s%%. Das Ausweichen der Gegner ändert sich mit.[/color],[color=#b9d9ed]La brume passe à %s%%. L'esquive des ennemis change en conséquence.[/color]
[color=#d8b34b]%s unleashes %s![/color],[color=#d8b34b]%s unleashes %s![/color],[color=#d8b34b]%s scatena %s![/color],[color=#d8b34b]%s entfesselt %s![/color],[color=#d8b34b]%s déchaîne %s ![/color]
[color=#e7d45b]Wave rewards: %s.[/color],[color=#e7d45b]Wave rewards: %s.[/color],[color=#e7d45b]Ricompense dell'ondata: %s.[/color],[color=#e7d45b]Wellenbelohnungen: %s.[/color],[color=#e7d45b]Récompenses de vague : %s.[/color]
[color=#f1c34f]%s answers the eclipse and remains at 1 HP.[/color],[color=#f1c34f]%s answers the eclipse and remains at 1 HP.[/color],[color=#f1c34f]%s risponde all'eclissi e rimane a 1 PV.[/color],[color=#f1c34f]%s antwortet der Finsternis und bleibt bei 1 LP.[/color],[color=#f1c34f]%s répond à l'éclipse et reste à 1 PV.[/color]
[color=#f1c34f]%s invokes the Signet: no hero walks alone.[/color],[color=#f1c34f]%s invokes the Signet: no hero walks alone.[/color],[color=#f1c34f]%s invoca il Sigillo: nessun eroe cammina da solo.[/color],[color=#f1c34f]%s ruft das Siegel an: Kein Held geht allein.[/color],[color=#f1c34f]%s invoque le Sceau : aucun héros ne marche seul.[/color]
[color=#f1c34f]The Last Road Concordance rallies every living ally.[/color],[color=#f1c34f]The Last Road Concordance rallies every living ally.[/color],[color=#f1c34f]La Concordanza dell'Ultima Via raduna tutti gli alleati ancora in vita.[/color],[color=#f1c34f]Die Eintracht des Letzten Weges sammelt jeden lebenden Verbündeten.[/color],[color=#f1c34f]La Concordance de la Dernière Route rallie chaque allié encore en vie.[/color]
[color=#ffcc66]%s falls and loses %s XP (10%% death penalty)[/color],[color=#ffcc66]%s falls and loses %s XP (10%% death penalty)[/color],[color=#ffcc66]%s cade e perde %s PE (penalità di morte del 10%%)[/color],[color=#ffcc66]%s fällt und verliert %s EP (10%% Todes-Malus)[/color],[color=#ffcc66]%s tombe et perd %s XP (pénalité de mort de 10%%)[/color]
"[color=%s]%s attacks %s, but the attack is evaded[/color]","[color=%s]%s attacks %s, but the attack is evaded[/color]","[color=%s]%s attacca %s, ma il colpo viene schivato[/color]","[color=%s]%s greift %s an, doch dem Angriff wird ausgewichen[/color]","[color=%s]%s attaque %s, mais l'attaque est esquivée[/color]"
[color=%s]%s lands a %s attack on %s for %s damage[/color],[color=%s]%s lands a %s attack on %s for %s damage[/color],[color=%s]%s mette a segno un attacco %s su %s infliggendo %s danni[/color],[color=%s]%s trifft mit einem %s-Angriff %s für %s Schaden[/color],[color=%s]%s inflige une attaque %s à %s pour %s dégâts[/color]
[color=%s]%s lands a critical %s attack on %s for %s damage[/color],[color=%s]%s lands a critical %s attack on %s for %s damage[/color],[color=%s]%s mette a segno un attacco %s critico su %s infliggendo %s danni[/color],[color=%s]%s trifft kritisch mit einem %s-Angriff %s für %s Schaden[/color],[color=%s]%s inflige une attaque %s critique à %s pour %s dégâts[/color]
All heroes defeated,All heroes defeated,Tutti gli eroi sono stati sconfitti,Alle Helden besiegt,Tous les héros vaincus
drops: %s,drops: %s,bottino: %s,Beute: %s,butin : %s
Dungeon started,Dungeon started,Dungeon avviato,Verlies gestartet,Donjon lancé
Dungeon stopped,Dungeon stopped,Dungeon interrotto,Verlies gestoppt,Donjon arrêté
EVADE,EVADE,SCHIVATA,AUSWEICHEN,ESQUIVE
First Light,First Light,Prima Luce,Erstes Licht,Première lueur
Green Mercy,Green Mercy,Misericordia Verde,Grüne Gnade,Clémence verte
Healer's Grace,Healer's Grace,Grazia del guaritore,Gnade des Heilers,Grâce du guérisseur
IMMUNE,IMMUNE,IMMUNE,IMMUN,IMMUNISÉ
lifesteal,lifesteal,rubavita,Lebensraub,vol de vie
no experience gained,no experience gained,nessun PE ottenuti,keine Erfahrung erhalten,aucune expérience gagnée
no items dropped,no items dropped,nessun oggetto ottenuto,keine Gegenstände erhalten,aucun objet obtenu
No monster team configured,No monster team configured,Nessuna squadra di mostri configurata,Kein Monsterteam eingerichtet,Aucune équipe de monstres configurée
Offline progress applied: %s,Offline progress applied: %s,Progressi offline applicati: %s,Offline-Fortschritt angewendet: %s,Progression hors ligne appliquée : %s
[color=yellow]Offline simulation reached its safety turn cap before finishing; remaining progress will continue live.[/color],[color=yellow]Offline simulation reached its safety turn cap before finishing; remaining progress will continue live.[/color],[color=yellow]La simulazione offline ha raggiunto il limite di turni di sicurezza prima di terminare; il progresso rimanente continuerà dal vivo.[/color],"[color=yellow]Die Offline-Simulation hat ihre Sicherheitsgrenze für Züge erreicht, bevor sie fertig war; der restliche Fortschritt läuft live weiter.[/color]",[color=yellow]La simulation hors ligne a atteint sa limite de sécurité de tours avant de se terminer ; la progression restante se poursuivra en direct.[/color]
ongoing skill,ongoing skill,abilità persistente,anhaltende Fähigkeit,compétence persistante
healer passive,healer passive,passiva del guaritore,passive Heilerfähigkeit,passif de soigneur
regeneration,regeneration,rigenerazione,Regeneration,régénération
Shared Roots shelters the rest of %s's party.,Shared Roots shelters the rest of %s's party.,Radici Condivise protegge il resto del gruppo di %s.,Geteilte Wurzeln schützt den Rest der Gruppe von %s.,Racines partagées protège le reste du groupe de %s.
SKILL,SKILL,ABILITÀ,FÄHIGKEIT,COMPÉTENCE
Wave cleared,Wave cleared,Ondata completata,Welle abgeschlossen,Vague terminée
WING %s,WING %s,ALA %s,FLÜGEL %s,AILE %s
"%s

%s
%s","%s

%s
%s","%s

%s
%s","%s

%s
%s","%s

%s
%s"
"%s
%s","%s
%s","%s
%s","%s
%s","%s
%s"
[color=yellow]The boss encounter is over. A new dungeon run begins. %s %s[/color],[color=yellow]The boss encounter is over. A new dungeon run begins. %s %s[/color],[color=yellow]Lo scontro con il boss è terminato. Inizia una nuova spedizione nel dungeon. %s %s[/color],[color=yellow]Die Boss-Begegnung ist vorbei. Ein neuer Verlies-Durchlauf beginnt. %s %s[/color],[color=yellow]La rencontre avec le boss est terminée. Une nouvelle expédition dans le donjon commence. %s %s[/color]
[color=yellow]The seal has broken. %s will appear in the next encounter. %s[/color],[color=yellow]The seal has broken. %s will appear in the next encounter. %s[/color],[color=yellow]Il sigillo si è spezzato. %s apparirà nel prossimo scontro. %s[/color],[color=yellow]Das Siegel ist zerbrochen. %s erscheint in der nächsten Begegnung. %s[/color],[color=yellow]Le sceau s'est brisé. %s apparaîtra lors de la prochaine rencontre. %s[/color]
[color=yellow]Something is changing as the company presses onward. %s %s[/color],[color=yellow]Something is changing as the company presses onward. %s %s[/color],[color=yellow]Qualcosa sta cambiando mentre la compagnia continua ad avanzare. %s %s[/color],"[color=yellow]Etwas verändert sich, während die Gefährten weiter vordringen. %s %s[/color]",[color=yellow]Quelque chose change tandis que la compagnie poursuit sa route. %s %s[/color]
[color=yellow]Story complete. The road remains open for farming. %s[/color],[color=yellow]Story complete. The road remains open for farming. %s[/color],[color=yellow]Storia completata. Il percorso resta aperto per raccogliere risorse. %s[/color],"[color=yellow]Story abgeschlossen. Der Weg bleibt offen, um Ressourcen zu sammeln. %s[/color]",[color=yellow]Histoire terminée. La route reste ouverte pour récolter des ressources. %s[/color]
"[color=yellow]The story is complete, but the boss can be challenged again. %s %s[/color]","[color=yellow]The story is complete, but the boss can be challenged again. %s %s[/color]","[color=yellow]La storia è completa, ma il boss può essere affrontato di nuovo. %s %s[/color]","[color=yellow]Die Story ist abgeschlossen, aber der Boss kann erneut herausgefordert werden. %s %s[/color]","[color=yellow]L'histoire est terminée, mais le boss peut être défié de nouveau. %s %s[/color]"
[color=yellow]A raid quest sign answers the company. %s [%s/%s][/color],[color=yellow]A raid quest sign answers the company. %s [%s/%s][/color],[color=yellow]Un segno della missione del raid risponde alla compagnia. %s [%s/%s][/color],[color=yellow]Ein Zeichen der Raid-Quest antwortet den Gefährten. %s [%s/%s][/color],[color=yellow]Un signe de quête de raid répond à la compagnie. %s [%s/%s][/color]
[color=#e7d45b]A rare %s was recovered.[/color],[color=#e7d45b]A rare %s was recovered.[/color],[color=#e7d45b]Oggetto raro recuperato: %s.[/color],[color=#e7d45b]Seltener Gegenstand geborgen: %s.[/color],[color=#e7d45b]Objet rare récupéré : %s.[/color]
[color=#e7d45b]%s dropped %s x%s.[/color],[color=#e7d45b]%s dropped %s x%s.[/color],[color=#e7d45b]%s ha lasciato cadere %s x%s.[/color],[color=#e7d45b]%s hat %s x%s fallen lassen.[/color],[color=#e7d45b]%s a laissé tomber %s x%s.[/color]
[color=#ffd84d]Unique accessory found: %s![/color],[color=#ffd84d]Unique accessory found: %s![/color],[color=#ffd84d]Accessorio unico trovato: %s![/color],[color=#ffd84d]Einzigartiges Accessoire gefunden: %s![/color],[color=#ffd84d]Accessoire unique trouvé : %s ![/color]
[color=#9ee8ff]%s dropped a %s![/color],[color=#9ee8ff]%s dropped a %s![/color],[color=#9ee8ff]%s ha lasciato cadere %s![/color],[color=#9ee8ff]%s hat %s fallen lassen![/color],[color=#9ee8ff]%s a laissé tomber %s ![/color]
[color=#9ee8ff]%s reached pet level %s![/color],[color=#9ee8ff]%s reached pet level %s![/color],[color=#9ee8ff]Il famiglio %s ha raggiunto il livello %s![/color],[color=#9ee8ff]%s hat Begleiterstufe %s erreicht![/color],[color=#9ee8ff]%s a atteint le niveau de familier %s ![/color]
[color=#b8f0c0]%s completed. Its Concordance Fragment is secured.[/color],[color=#b8f0c0]%s completed. Its Concordance Fragment is secured.[/color],[color=#b8f0c0]%s: prova completata. Il Frammento della Concordanza è al sicuro.[/color],[color=#b8f0c0]%s abgeschlossen. Das zugehörige Konkordanz-Fragment ist gesichert.[/color],[color=#b8f0c0]%s terminé. Son Fragment de Concordance est sécurisé.[/color]
"[color=yellow]The echo was defeated, but the trial conditions were not met. Preparation remains paid and retries are free.[/color]","[color=yellow]The echo was defeated, but the trial conditions were not met. Preparation remains paid and retries are free.[/color]","[color=yellow]L'eco è stata sconfitta, ma le condizioni della prova non sono state soddisfatte. La preparazione già pagata resta valida e i nuovi tentativi sono gratuiti.[/color]","[color=yellow]Das Echo wurde besiegt, aber die Prüfungsbedingungen wurden nicht erfüllt. Die Vorbereitung bleibt bezahlt und weitere Versuche sind kostenlos.[/color]","[color=yellow]L'écho a été vaincu, mais les conditions de l'épreuve n'ont pas été remplies. La préparation reste payée et les nouvelles tentatives sont gratuites.[/color]"
[color=#69e6ff]Opened %s Gem Cluster: +%s gem[/color],[color=#69e6ff]Opened %s Gem Cluster: +%s gem[/color],[color=#69e6ff]Aperto %s ammasso di gemme: +%s gemma[/color],[color=#69e6ff]%s Edelsteincluster geöffnet: +%s Edelstein[/color],[color=#69e6ff]%s Amas de gemmes ouvert : +%s gemme[/color]
[color=#69e6ff]Opened %s Gem Cluster: +%s gems[/color],[color=#69e6ff]Opened %s Gem Cluster: +%s gems[/color],[color=#69e6ff]Aperto %s ammasso di gemme: +%s gemme[/color],[color=#69e6ff]%s Edelsteincluster geöffnet: +%s Edelsteine[/color],[color=#69e6ff]%s Amas de gemmes ouvert : +%s gemmes[/color]
[color=#69e6ff]Opened %s Gem Clusters: +%s gem[/color],[color=#69e6ff]Opened %s Gem Clusters: +%s gem[/color],[color=#69e6ff]Aperti %s ammassi di gemme: +%s gemma[/color],[color=#69e6ff]%s Edelsteincluster geöffnet: +%s Edelstein[/color],[color=#69e6ff]%s Amas de gemmes ouverts : +%s gemme[/color]
[color=#69e6ff]Opened %s Gem Clusters: +%s gems[/color],[color=#69e6ff]Opened %s Gem Clusters: +%s gems[/color],[color=#69e6ff]Aperti %s ammassi di gemme: +%s gemme[/color],[color=#69e6ff]%s Edelsteincluster geöffnet: +%s Edelsteine[/color],[color=#69e6ff]%s Amas de gemmes ouverts : +%s gemmes[/color]
%s became a %s,%s became a %s,%s ha ottenuto la classe %s,%s wurde zu %s,%s est devenu %s
[color=yellow]The descent was abandoned. The secured anchor remains at depth %s.[/color],[color=yellow]The descent was abandoned. The secured anchor remains at depth %s.[/color],[color=yellow]La discesa è stata abbandonata. L'ancora consolidata resta alla profondità %s.[/color],[color=yellow]Der Abstieg wurde abgebrochen. Der gesicherte Anker bleibt bei Tiefe %s.[/color],[color=yellow]La descente a été abandonnée. L'ancre sécurisée reste à la profondeur %s.[/color]
Depth %s in progress,Depth %s in progress,Profondità %s in corso,Tiefe %s läuft,Profondeur %s en cours
Depth %s ready,Depth %s ready,Profondità %s pronta,Tiefe %s bereit,Profondeur %s prête
Depth %s | Stratum %s/%s,Depth %s | Stratum %s/%s,Profondità %s | Strato %s/%s,Tiefe %s | Schicht %s/%s,Profondeur %s | Strate %s/%s
No active laws,No active laws,Nessuna legge attiva,Keine aktiven Gesetze,Aucune loi active
Anchor %s | Highest depth %s | Day %s | %s,Anchor %s | Highest depth %s | Day %s | %s,Ancora %s | Profondità massima %s | Giorno %s | %s,Anker %s | Höchste Tiefe %s | Tag %s | %s,Ancre %s | Profondeur maximale %s | Jour %s | %s
Running | Depth %s | Anchor %s | %s/%s heroes | %s/%s companions,Running | Depth %s | Anchor %s | %s/%s heroes | %s/%s companions,In corso | Profondità %s | Ancora %s | %s/%s eroi | %s/%s famigli,Läuft | Tiefe %s | Anker %s | %s/%s Helden | %s/%s Begleiter,En cours | Profondeur %s | Ancre %s | %s/%s héros | %s/%s familiers
Depth %s ready | Anchor %s | Highest depth %s,Depth %s ready | Anchor %s | Highest depth %s,Profondità %s pronta | Ancora %s | Profondità massima %s,Tiefe %s bereit | Anker %s | Höchste Tiefe %s,Profondeur %s prête | Ancre %s | Profondeur maximale %s
Depth %s | Highest %s | Anchor %s | Kills %s | Deaths %s | XP %s | Day %s,Depth %s | Highest %s | Anchor %s | Kills %s | Deaths %s | XP %s | Day %s,Profondità %s | Massima %s | Ancora %s | Uccisioni %s | Morti %s | PE %s | Giorno %s,Tiefe %s | Höchste %s | Anker %s | Siege %s | Tode %s | EP %s | Tag %s,Profondeur %s | Maximale %s | Ancre %s | Victoires %s | Morts %s | XP %s | Jour %s
[color=yellow]Echo depth %s cleared.[/color],[color=yellow]Echo depth %s cleared.[/color],[color=yellow]Profondità dell'Eco %s superata.[/color],[color=yellow]Echo-Tiefe %s bezwungen.[/color],[color=yellow]Profondeur d'Écho %s terminée.[/color]
secured,secured,consolidata,gesichert,sécurisé
held,held,mantenuta,gehalten,détenu
Echo Depth %s: Anchor %s %s,Echo Depth %s: Anchor %s %s,Profondità dell'Eco %s: Ancora %s %s,Echo-Tiefe %s: Anker %s %s,Profondeur d'Écho %s : Ancre %s %s
"ECHO %s
ANCHOR %s
IN BATTLE","ECHO %s
ANCHOR %s
IN BATTLE","ECO %s
ANCORA %s
IN BATTAGLIA","ECHO %s
ANKER %s
IM KAMPF","ÉCHO %s
ANCRE %s
EN COMBAT"
"ECHO %s
ANCHOR %s
READY","ECHO %s
ANCHOR %s
READY","ECO %s
ANCORA %s
PRONTO","ECHO %s
ANKER %s
BEREIT","ÉCHO %s
ANCRE %s
PRÊT"
"Echo Descent - Depth %s, secured Anchor %s. Five heroes and two companions; attempts are unlimited.","Echo Descent - Depth %s, secured Anchor %s. Five heroes and two companions; attempts are unlimited.","Discesa dell'Eco - Profondità %s, Ancora consolidata %s. Cinque eroi e due famigli; i tentativi sono illimitati.","Echo-Abstieg - Tiefe %s, gesicherter Anker %s. Fünf Helden und zwei Begleiter; die Versuche sind unbegrenzt.","Descente d'Écho - Profondeur %s, Ancre sécurisée %s. Cinq héros et deux compagnons ; les tentatives sont illimitées."
BEYOND THE CROWN,BEYOND THE CROWN,OLTRE LA CORONA,JENSEITS DER KRONE,AU-DELÀ DE LA COURONNE
"Five heroes descend through four hostile depths and one Guardian. Clearing the Guardian secures the next Anchor.

Deepest reached: %s
Secured Anchor: %s
Next push: Depth %s to Anchor %s
Formation: exactly 5 heroes and up to 2 companions

Failure or abandon returns the party to its secured Anchor. Attempts are unlimited.","Five heroes descend through four hostile depths and one Guardian. Clearing the Guardian secures the next Anchor.

Deepest reached: %s
Secured Anchor: %s
Next push: Depth %s to Anchor %s
Formation: exactly 5 heroes and up to 2 companions

Failure or abandon returns the party to its secured Anchor. Attempts are unlimited.","Cinque eroi scendono attraverso quattro profondità ostili e un Guardiano. Sconfiggere il Guardiano consolida l'Ancora successiva.

Profondità massima raggiunta: %s
Ancora consolidata: %s
Prossima avanzata: dalla profondità %s all'Ancora %s
Formazione: esattamente 5 eroi e fino a 2 famigli

In caso di sconfitta o abbandono, il gruppo torna all'Ancora consolidata. I tentativi sono illimitati.","Fünf Helden steigen durch vier feindliche Tiefen und einen Wächter hinab. Wer den Wächter besiegt, sichert den nächsten Anker.

Tiefster Vorstoß: %s
Gesicherter Anker: %s
Nächster Vorstoß: Tiefe %s bis Anker %s
Formation: genau 5 Helden und bis zu 2 Begleiter

Niederlage oder Abbruch bringt die Gruppe zum gesicherten Anker zurück. Die Versuche sind unbegrenzt.","Cinq héros descendent à travers quatre profondeurs hostiles et un Gardien. Vaincre le Gardien consolide l'Ancre suivante.

Profondeur maximale atteinte : %s
Ancre consolidée : %s
Prochaine avancée : de la profondeur %s à l'Ancre %s
Formation : exactement 5 héros et jusqu'à 2 familiers

Une défaite ou un abandon ramène le groupe à son Ancre consolidée. Les tentatives sont illimitées."
DAILY SHIFTING LAWS,DAILY SHIFTING LAWS,LEGGI MUTEVOLI GIORNALIERE,TÄGLICH WECHSELNDE GESETZE,LOIS CHANGEANTES QUOTIDIENNES
Laws rotate at 00:00 UTC. A started stratum keeps its starting laws. Next rotation in %s.,Laws rotate at 00:00 UTC. A started stratum keeps its starting laws. Next rotation in %s.,Le leggi cambiano alle 00:00 UTC. Uno strato già iniziato mantiene le leggi iniziali. Prossima rotazione tra %s.,Die Gesetze wechseln um 00:00 UTC. Eine begonnene Schicht behält ihre Startgesetze. Nächster Wechsel in %s.,Les lois changent à 00:00 UTC. Une strate commencée conserve ses lois de départ. Prochain changement dans %s.
%s: %s,%s: %s,%s: %s,%s: %s,%s : %s
Unknown Law,Unknown Law,Legge sconosciuta,Unbekanntes Gesetz,Loi inconnue
"PUSH ORDER
The party advances until it secures Anchor %s or is defeated. Echo monsters grant no ordinary item drops.","PUSH ORDER
The party advances until it secures Anchor %s or is defeated. Echo monsters grant no ordinary item drops.","ORDINE DI AVANZATA
Il gruppo avanza finché non consolida l'Ancora %s o viene sconfitto. I mostri dell'Eco non rilasciano normali oggetti come bottino.","VORSTOSSBEFEHL
Die Gruppe rückt vor, bis sie Anker %s sichert oder besiegt wird. Echo-Monster lassen keine gewöhnliche Beute fallen.","ORDRE D'AVANCÉE
Le groupe progresse jusqu'à consolider l'Ancre %s ou être vaincu. Les monstres d'Écho ne laissent aucun butin ordinaire."
Replay Tower Floor 100,Replay Tower Floor 100,Rigioca il piano 100 della Torre,Turm-Ebene 100 erneut spielen,Rejouer l'étage 100 de la Tour
Return to the completed Tower for an Apex build test,Return to the completed Tower for an Apex build test,Torna alla Torre completata per testare una configurazione Apex,Kehre für einen Apex-Test deiner Konfiguration in den abgeschlossenen Turm zurück,Retourne dans la Tour achevée pour tester une configuration Apex
Enter Echo Descent,Enter Echo Descent,Entra nella Discesa dell'Eco,Echo-Abstieg betreten,Entrer dans la Descente d'Écho
Continue beyond the completed Tower with a five-hero formation,Continue beyond the completed Tower with a five-hero formation,Prosegui oltre la Torre completata con una formazione di cinque eroi,Setze über den abgeschlossenen Turm hinaus mit einer Formation aus fünf Helden fort,Continue au-delà de la Tour terminée avec une formation de cinq héros
"Abandon Push
(Return to Anchor)","Abandon Push
(Return to Anchor)","Abbandona avanzata
(Torna all'Ancora)","Vorstoß abbrechen
(Zurück zum Anker)","Abandonner la poussée
(Retour à l'Ancre)"
The secured Echo Anchor remains unchanged,The secured Echo Anchor remains unchanged,L'Ancora consolidata dell'Eco resta invariata,Der gesicherte Echo-Anker bleibt unverändert,L'Ancre d'Écho sécurisée reste inchangée
Arrange Echo Formation,Arrange Echo Formation,Organizza formazione dell'Eco,Echo-Formation aufstellen,Organiser la formation d'Écho
ECHO,ECHO,ECO,ECHO,ÉCHO
%s COMPANION %s,%s COMPANION %s,FAMIGLIO %s %s,%s BEGLEITER %s,%s COMPAGNON %s
CHOOSE %s COMPANION %s,CHOOSE %s COMPANION %s,SCEGLI FAMIGLIO %s %s,%s BEGLEITER %s WÄHLEN,CHOISIR %s COMPAGNON %s
%s supports two distinct companions,%s supports two distinct companions,%s supporta due famigli distinti,%s unterstützt zwei verschiedene Begleiter,%s soutient deux compagnons distincts
Choose %s Companion %s,Choose %s Companion %s,Scegli famiglio %s %s,%s Begleiter %s wählen,Choisir %s compagnon %s
No Companion in Slot %s,No Companion in Slot %s,Nessun famiglio nello slot %s,Kein Begleiter auf Platz %s,Aucun familier dans l'emplacement %s
Push Echo Depth %s,Push Echo Depth %s,Affronta la profondità dell'Eco %s,Vorstoß zu Echo-Tiefe %s,Avancer jusqu'à la profondeur d'Écho %s
DAILY RESONANCE,DAILY RESONANCE,RISONANZA GIORNALIERA,TÄGLICHE RESONANZ,RÉSONANCE QUOTIDIENNE
Echo Depth %s cleared for practice; Anchor %s held,Echo Depth %s cleared for practice; Anchor %s held,Profondità dell'Eco %s superata come prova; Ancora %s mantenuta,Echo-Tiefe %s zur Übung abgeschlossen; Anker %s gehalten,Profondeur d'Écho %s terminée à l'entraînement ; Ancre %s conservée
Echo Depth %s cleared; Anchor %s secured,Echo Depth %s cleared; Anchor %s secured,Profondità dell'Eco %s superata; Ancora %s consolidata,Echo-Tiefe %s abgeschlossen; Anker %s gesichert,Profondeur d'Écho %s terminée ; Ancre %s sécurisée
Echo Depth %s failed; Anchor %s held,Echo Depth %s failed; Anchor %s held,Profondità dell'Eco %s fallita; Ancora %s mantenuta,Echo-Tiefe %s gescheitert; Anker %s gehalten,Profondeur d'Écho %s échouée ; Ancre %s conservée
Echo Depth %s is in battle. Finish or abandon that Echo push before attempting a Tower floor.,Echo Depth %s is in battle. Finish or abandon that Echo push before attempting a Tower floor.,La profondità dell'Eco %s è in battaglia. Completa o abbandona questa avanzata nell'Eco prima di tentare un piano della Torre.,"Echo-Tiefe %s befindet sich im Kampf. Beende oder brich diesen Echo-Vorstoß ab, bevor du eine Turmebene versuchst.",La Profondeur d'Écho %s est en combat. Termine ou abandonne cette poussée d'Écho avant de tenter un étage de la Tour.
Echo Descent - Depth %s is in battle; secured Anchor %s. Open the active Echo run.,Echo Descent - Depth %s is in battle; secured Anchor %s. Open the active Echo run.,Discesa dell'Eco - La profondità %s è in battaglia; Ancora consolidata %s. Apri l'avanzata attiva nell'Eco.,Echo-Abstieg - Tiefe %s befindet sich im Kampf; gesicherter Anker %s. Öffne den aktiven Echo-Lauf.,Descente d'Écho - La Profondeur %s est en combat ; Ancre sécurisée %s. Ouvre l'expédition d'Écho active.
Echo Descent - Depth %s ready at secured Anchor %s. The first reward-eligible Guardian each UTC day secures the next Anchor and grants Resonance; later same-day clears are practice.,Echo Descent - Depth %s ready at secured Anchor %s. The first reward-eligible Guardian each UTC day secures the next Anchor and grants Resonance; later same-day clears are practice.,Discesa dell'Eco - Profondità %s pronta all'Ancora consolidata %s. Il primo Guardiano idoneo alla ricompensa di ogni giorno UTC consolida l'Ancora successiva e concede Risonanza; le vittorie successive nello stesso giorno sono prove.,Echo-Abstieg - Tiefe %s bereit am gesicherten Anker %s. Der erste belohnungsberechtigte Wächter jedes UTC-Tages sichert den nächsten Anker und gewährt Resonanz; spätere Siege am selben Tag sind Übung.,Descente d'Écho - Profondeur %s prête à l'Ancre sécurisée %s. Le premier Gardien éligible aux récompenses de chaque jour UTC sécurise l'Ancre suivante et accorde de la Résonance ; les victoires ultérieures du même jour sont de l'entraînement.
Echo Descent - unlocks after Tower Floor %s,Echo Descent - unlocks after Tower Floor %s,Discesa dell'Eco - si sblocca dopo il Piano %s della Torre,Echo-Abstieg - wird nach Turmebene %s freigeschaltet,Descente d'Écho - se débloque après l'Étage %s de la Tour
Echo Descent requires exactly five available heroes,Echo Descent requires exactly five available heroes,La Discesa dell'Eco richiede esattamente cinque eroi disponibili,Der Echo-Abstieg erfordert genau fünf verfügbare Helden,La Descente d'Écho exige exactement cinq héros disponibles
New daily activity available.,New daily activity available.,Nuova attività giornaliera disponibile.,Neue Tagesaktivität verfügbar.,Nouvelle activité quotidienne disponible.
New content available.,New content available.,Nuovi contenuti disponibili.,Neue Inhalte verfügbar.,Nouveau contenu disponible.
"ECHO DESCENT UNLOCK
Clear Floor %s to reveal the Echo icon beside this title.","ECHO DESCENT UNLOCK
Clear Floor %s to reveal the Echo icon beside this title.","SBLOCCO DISCESA DELL'ECO
Supera il Piano %s per rivelare l'icona dell'Eco accanto al titolo.","ECHO-ABSTIEG FREISCHALTEN
Schließe Ebene %s ab, um das Echo-Symbol neben diesem Titel zu enthüllen.","DÉBLOCAGE DE LA DESCENTE D'ÉCHO
Termine l'Étage %s pour révéler l'icône d'Écho à côté de ce titre."
Echo Descent unlocks after clearing Tower Floor %s.,Echo Descent unlocks after clearing Tower Floor %s.,La Discesa dell'Eco si sblocca dopo aver superato il Piano %s della Torre.,Der Echo-Abstieg wird nach dem Abschluss von Turmebene %s freigeschaltet.,La Descente d'Écho se débloque après avoir terminé l'Étage %s de la Tour.
"Echo Descent unlocks after Tower Floor %s. Five heroes descend through four hostile depths and one Guardian. Only the first reward-eligible Guardian clear each UTC day secures the next Anchor and grants Resonance. Later same-day Guardian clears are practice: they grant Bond XP and return the party to its existing secured Anchor.

Formation: exactly 5 heroes and up to 2 companions
Failure or abandon returns the party to its secured Anchor. Attempts are unlimited. Echo monsters grant no ordinary item drops.","Echo Descent unlocks after Tower Floor %s. Five heroes descend through four hostile depths and one Guardian. Only the first reward-eligible Guardian clear each UTC day secures the next Anchor and grants Resonance. Later same-day Guardian clears are practice: they grant Bond XP and return the party to its existing secured Anchor.

Formation: exactly 5 heroes and up to 2 companions
Failure or abandon returns the party to its secured Anchor. Attempts are unlimited. Echo monsters grant no ordinary item drops.","La Discesa dell'Eco si sblocca dopo il Piano %s della Torre. Cinque eroi attraversano quattro profondità ostili e un Guardiano. Solo la prima vittoria idonea contro il Guardiano di ogni giorno UTC consolida l'Ancora successiva e concede Risonanza. Le altre vittorie contro il Guardiano nello stesso giorno sono prove: concedono PE Legame e riportano il gruppo all'Ancora già consolidata.

Formazione: esattamente 5 eroi e fino a 2 famigli
Una sconfitta o un abbandono riporta il gruppo all'Ancora consolidata. I tentativi sono illimitati. I mostri dell'Eco non concedono bottino ordinario.","Der Echo-Abstieg wird nach Turmebene %s freigeschaltet. Fünf Helden steigen durch vier feindliche Tiefen und einen Wächter hinab. Nur der erste belohnungsberechtigte Wächtersieg jedes UTC-Tages sichert den nächsten Anker und gewährt Resonanz. Spätere Wächtersiege am selben Tag sind Übung: Sie gewähren Bindungs-EP und bringen die Gruppe zu ihrem bestehenden gesicherten Anker zurück.

Formation: genau 5 Helden und bis zu 2 Begleiter
Niederlage oder Abbruch bringt die Gruppe zu ihrem gesicherten Anker zurück. Die Versuche sind unbegrenzt. Echo-Monster lassen keine gewöhnlichen Gegenstände fallen.","La Descente d'Écho se débloque après l'Étage %s de la Tour. Cinq héros descendent à travers quatre profondeurs hostiles et un Gardien. Seule la première victoire éligible aux récompenses contre le Gardien de chaque jour UTC sécurise l'Ancre suivante et accorde de la Résonance. Les victoires ultérieures du même jour sont de l'entraînement : elles accordent de l'XP de lien et ramènent le groupe à son Ancre sécurisée existante.

Formation : exactement 5 héros et jusqu'à 2 compagnons
Un échec ou un abandon ramène le groupe à son Ancre sécurisée. Les tentatives sont illimitées. Les monstres d'Écho ne laissent aucun butin ordinaire."
Echo Resonance  R%s / %s,Echo Resonance  R%s / %s,Risonanza dell'Eco  R%s / %s,Echo-Resonanz  R%s / %s,Résonance d'Écho  R%s / %s
"EXPECTED ECHO RESONANCE
Rank %s / %s is the intended progression target for this floor.","EXPECTED ECHO RESONANCE
Rank %s / %s is the intended progression target for this floor.","RISONANZA DELL'ECO PREVISTA
Il grado %s / %s è l'obiettivo di progressione previsto per questo piano.","ERWARTETE ECHO-RESONANZ
Rang %s / %s ist das angestrebte Fortschrittsziel für diese Ebene.","RÉSONANCE D'ÉCHO ATTENDUE
Le rang %s / %s est l'objectif de progression prévu pour cet étage."
"EXPECTED ECHO RESONANCE
Rank %s / %s is the intended formation-average target. ECHO PRESSURE compounds enemy HP by +%s%% and enemy Attack by +%s%% for each missing average rank; it never blocks entry.","EXPECTED ECHO RESONANCE
Rank %s / %s is the intended formation-average target. ECHO PRESSURE compounds enemy HP by +%s%% and enemy Attack by +%s%% for each missing average rank; it never blocks entry.","RISONANZA DELL'ECO PREVISTA
Il grado %s / %s è l'obiettivo medio della formazione. PRESSIONE DELL'ECO moltiplica i PV nemici del +%s%% e l'Attacco nemico del +%s%% per ogni grado medio mancante; non blocca mai l'accesso.","ERWARTETE ECHO-RESONANZ
Rang %s / %s ist der angestrebte Formationsdurchschnitt. ECHO-DRUCK erhöht die gegnerischen LP um +%s%% und den gegnerischen Angriff um +%s%% für jeden fehlenden Durchschnittsrang; er blockiert den Zugang nie.","RÉSONANCE D'ÉCHO ATTENDUE
Le rang %s / %s est la moyenne de formation visée. La PRESSION D'ÉCHO cumule +%s%% de PV ennemis et +%s%% d'Attaque ennemie pour chaque rang moyen manquant ; elle ne bloque jamais l'entrée."
Finish or abandon the active Echo push first,Finish or abandon the active Echo push first,Completa o abbandona prima l'avanzata attiva nell'Eco,Beende oder brich zuerst den aktiven Echo-Vorstoß ab,Termine ou abandonne d'abord l'avancée d'Écho en cours
Finish or abandon the active Tower attempt first,Finish or abandon the active Tower attempt first,Completa o abbandona prima il tentativo attivo nella Torre,Beende oder brich zuerst den aktiven Turmversuch ab,Termine ou abandonne d'abord la tentative de la Tour en cours
Next daily reward at 00:00 UTC in %s,Next daily reward at 00:00 UTC in %s,Prossima ricompensa giornaliera alle 00:00 UTC tra %s,Nächste Tagesbelohnung um 00:00 UTC in %s,Prochaine récompense quotidienne à 00:00 UTC dans %s
"Permanent Echo power. Rank %s grants +%s%% max HP and Attack, and +%.1f Defense and Magic Defense. The first reward-eligible Guardian clear each UTC day secures the next Anchor and grants +%s Echo Resonance to exactly five heroes.","Permanent Echo power. Rank %s grants +%s%% max HP and Attack, and +%.1f Defense and Magic Defense. The first reward-eligible Guardian clear each UTC day secures the next Anchor and grants +%s Echo Resonance to exactly five heroes.","Potere permanente dell'Eco. Il grado %s concede +%s%% a PV massimi e Attacco, e +%.1f a Difesa e Difesa magica. La prima vittoria idonea contro il Guardiano di ogni giorno UTC consolida l'Ancora successiva e concede +%s Risonanza dell'Eco a esattamente cinque eroi.",Dauerhafte Echo-Macht. Rang %s gewährt +%s%% maximale LP und Angriff sowie +%.1f Verteidigung und Magieverteidigung. Der erste belohnungsberechtigte Wächter-Sieg an jedem UTC-Tag sichert den nächsten Anker und gewährt genau fünf Helden +%s Echo-Resonanz.,"Puissance d'Écho permanente. Le rang %s accorde +%s%% de PV max et d'Attaque, ainsi que +%.1f en Défense et Défense magique. La première victoire sur le Gardien éligible aux récompenses de chaque jour UTC consolide l'Ancre suivante et accorde +%s Résonance d'Écho à exactement cinq héros."
"PRACTICE DAY
Today's Anchor advance is already claimed. A Guardian clear grants Bond XP, then returns the party to secured Anchor %s. Echo monsters grant no ordinary item drops.","PRACTICE DAY
Today's Anchor advance is already claimed. A Guardian clear grants Bond XP, then returns the party to secured Anchor %s. Echo monsters grant no ordinary item drops.","GIORNO DI PROVA
L'avanzamento dell'Ancora di oggi è già stato riscosso. Una vittoria contro il Guardiano concede PE Legame, poi riporta il gruppo all'Ancora consolidata %s. I mostri dell'Eco non rilasciano normali oggetti come bottino.","ÜBUNGSTAG
Der heutige Ankervorstoß wurde bereits eingelöst. Ein Sieg über den Wächter gewährt Bindungs-EP und bringt die Gruppe dann zum gesicherten Anker %s zurück. Echo-Monster lassen keine gewöhnliche Beute fallen.","JOURNÉE D'ENTRAÎNEMENT
L'avancée d'Ancre du jour a déjà été réclamée. Vaincre le Gardien accorde de l'XP de lien, puis ramène le groupe à l'Ancre consolidée %s. Les monstres d'Écho ne laissent aucun butin ordinaire."
Select at least one available hero,Select at least one available hero,Seleziona almeno un eroe disponibile,Wähle mindestens einen verfügbaren Helden,Sélectionne au moins un héros disponible
"The first reward-eligible Guardian cleared each UTC day secures the next Anchor and grants +%s Resonance to exactly the 5 heroes in that successful formation, once per day. Later same-day Guardian clears are practice: they grant Bond XP but do not advance the Anchor. Resonance has a maximum rank of %s. Each rank grants +2%% maximum HP and Attack, plus +0.5 Defense and Magic Defense, helping those heroes climb higher Tower floors.","The first reward-eligible Guardian cleared each UTC day secures the next Anchor and grants +%s Resonance to exactly the 5 heroes in that successful formation, once per day. Later same-day Guardian clears are practice: they grant Bond XP but do not advance the Anchor. Resonance has a maximum rank of %s. Each rank grants +2%% maximum HP and Attack, plus +0.5 Defense and Magic Defense, helping those heroes climb higher Tower floors.","Il primo Guardiano idoneo sconfitto ogni giorno UTC consolida l'Ancora successiva e concede +%s Risonanza esattamente ai 5 eroi della formazione vincente, una volta al giorno. Le altre vittorie contro il Guardiano nello stesso giorno sono prove: concedono PE Legame ma non fanno avanzare l'Ancora. La Risonanza ha un grado massimo di %s. Ogni grado concede +2%% a PV massimi e Attacco, oltre a +0,5 a Difesa e Difesa magica, aiutando quegli eroi a salire ai piani più alti della Torre.","Der erste belohnungsberechtigte Wächter, der an jedem UTC-Tag besiegt wird, sichert den nächsten Anker und gewährt genau den 5 Helden dieser erfolgreichen Formation +%s Resonanz, einmal pro Tag. Weitere Wächtersiege am selben Tag sind Übung: Sie gewähren Bindungs-EP, bringen den Anker aber nicht voran. Resonanz hat einen maximalen Rang von %s. Jeder Rang gewährt +2%% maximale LP und Angriff sowie +0,5 Verteidigung und Magieverteidigung und hilft diesen Helden, höhere Turmebenen zu erklimmen.","Le premier Gardien éligible aux récompenses vaincu chaque jour UTC sécurise l'Ancre suivante et accorde +%s Résonance aux 5 héros exacts de cette formation victorieuse, une fois par jour. Les victoires suivantes contre le Gardien le même jour servent d'entraînement : elles accordent de l'XP de lien mais ne font pas avancer l'Ancre. La Résonance a un rang maximal de %s. Chaque rang accorde +2%% de PV maximum et d'Attaque, ainsi que +0,5 en Défense et en Défense magique, aidant ces héros à gravir des étages plus élevés de la Tour."
Today's Guardian reward and Anchor advance: %s,Today's Guardian reward and Anchor advance: %s,Ricompensa del Guardiano e avanzamento dell'Ancora di oggi: %s,Wächterbelohnung und Ankerfortschritt von heute: %s,Récompense du Gardien et progression de l'Ancre du jour : %s
Tower Floor %s is in battle. Finish or abandon that Tower attempt before starting Echo Descent.,Tower Floor %s is in battle. Finish or abandon that Tower attempt before starting Echo Descent.,Il Piano %s della Torre è in battaglia. Completa o abbandona quel tentativo prima di avviare la Discesa dell'Eco.,"Turmebene %s befindet sich im Kampf. Beende oder brich diesen Turmversuch ab, bevor du den Echo-Abstieg startest.",L'étage %s de la Tour est en plein combat. Termine ou abandonne cette tentative de Tour avant de lancer la Descente d'Écho.
Tower of Resonance is unavailable,Tower of Resonance is unavailable,La Torre della Risonanza non è disponibile,Turm der Resonanz ist nicht verfügbar,La Tour de Résonance n'est pas disponible
"DAILY ANCHOR PUSH
The first reward-eligible Guardian clear secures Anchor %s and grants Resonance. Echo monsters grant no ordinary item drops.","DAILY ANCHOR PUSH
The first reward-eligible Guardian clear secures Anchor %s and grants Resonance. Echo monsters grant no ordinary item drops.","AVANZATA GIORNALIERA DELL'ANCORA
La prima vittoria idonea contro il Guardiano consolida l'Ancora %s e concede Risonanza. I mostri dell'Eco non rilasciano normali oggetti come bottino.","TÄGLICHER ANKER-VORSTOSS
Der erste belohnungsberechtigte Wächtersieg sichert Anker %s und gewährt Resonanz. Echo-Monster lassen keine gewöhnlichen Gegenstände fallen.","POUSSÉE D'ANCRE QUOTIDIENNE
La première victoire éligible aux récompenses contre le Gardien sécurise l'Ancre %s et accorde de la Résonance. Les monstres d'Écho ne laissent aucun butin ordinaire."
+%s PERMANENT HERO SLOT,+%s PERMANENT HERO SLOT,+%s POSTO EROE PERMANENTE,+%s PERMANENTER HELDENPLATZ,+%s EMPLACEMENT DE HÉROS PERMANENT
Tower floor %s cleared - +%s permanent hero slot,Tower floor %s cleared - +%s permanent hero slot,Piano %s della Torre superato - +%s posto eroe permanente,Turmebene %s geschafft - +%s dauerhafter Heldenplatz,Étage %s de la Tour terminé - +%s emplacement de héros permanent
"First-clear rewards: the coins above - the standard coin price of %s Tier %s accessory craft equivalents - and +%s permanent hero roster slot.
Accessory examples: %s

Every ten-floor checkpoint permanently expands recruit capacity by one; retries never repeat either reward.","First-clear rewards: the coins above - the standard coin price of %s Tier %s accessory craft equivalents - and +%s permanent hero roster slot.
Accessory examples: %s

Every ten-floor checkpoint permanently expands recruit capacity by one; retries never repeat either reward.","Ricompense prima vittoria: le monete qui sopra - il prezzo standard in monete equivalente a %s creazioni di accessori di grado %s - e +%s posto eroe permanente nel roster.
Esempi di accessori: %s

Ogni checkpoint di dieci piani aumenta permanentemente di uno la capienza per il reclutamento; i nuovi tentativi non ripetono nessuna delle due ricompense.","Belohnungen beim ersten Abschluss: die Münzen oben - der übliche Münzpreis von %s Accessoire-Herstellungen des Grades %s - und +%s dauerhafter Heldenplatz im Kader.
Accessoire-Beispiele: %s

Jeder Kontrollpunkt alle zehn Ebenen erweitert die Rekrutierungskapazität dauerhaft um eins; Wiederholungsversuche wiederholen keine der beiden Belohnungen.","Récompenses de première victoire : les pièces ci-dessus - le prix standard en pièces de %s fabrications d'accessoires de palier %s - et +%s emplacement de héros permanent dans l'effectif.
Exemples d'accessoires : %s

Chaque point de contrôle tous les dix étages augmente définitivement la capacité de recrutement de un ; les nouvelles tentatives ne redonnent aucune de ces deux récompenses."
Tower checkpoint roster bonus: +%s / +%s hero slots,Tower checkpoint roster bonus: +%s / +%s hero slots,Bonus capienza dei checkpoint della Torre: +%s / +%s posti eroe,Aufgebotsbonus der Turm-Kontrollpunkte: +%s / +%s Heldenplätze,Bonus d'effectif des points de contrôle de la Tour : +%s / +%s emplacements de héros
"These trials unlock through campaign progress, never by waiting for a day reset. Preparation is paid once; attempts and practice replays are unlimited and grant no normal raid loot.","These trials unlock through campaign progress, never by waiting for a day reset. Preparation is paid once; attempts and practice replays are unlimited and grant no normal raid loot.","Queste prove si sbloccano avanzando nella campagna, mai attendendo il ripristino giornaliero. La preparazione si paga una sola volta; i tentativi e le ripetizioni di pratica sono illimitati e non forniscono il normale bottino dei raid.","Diese Prüfungen werden durch Kampagnenfortschritt freigeschaltet, niemals durch Warten auf das Zurücksetzen des Tages. Die Vorbereitung wird einmal bezahlt; Versuche und Übungswiederholungen sind unbegrenzt und gewähren keine normale Raid-Beute.","Ces épreuves se débloquent grâce à la progression de la campagne, jamais en attendant la réinitialisation quotidienne. La préparation se paie une seule fois ; les tentatives et les rejouages d'entraînement sont illimités et n'accordent aucun butin de raid normal."
Description,Description,Descrizione,Beschreibung,Description
Premium purchases are available through Google Play on Android.,Premium purchases are available through Google Play on Android.,Gli acquisti premium sono disponibili tramite Google Play su Android.,Premium-Käufe sind über Google Play auf Android verfügbar.,Les achats Premium sont disponibles via Google Play sur Android.
Welcome Premium Pack purchase was not completed,Welcome Premium Pack purchase was not completed,L'acquisto del Pacchetto Premium di benvenuto non è stato completato,Der Kauf des Premium-Willkommenspakets wurde nicht abgeschlossen,L'achat du Pack Premium de Bienvenue n'a pas été finalisé
Premium purchase pending · delivery starts after Google Play approves payment,Premium purchase pending · delivery starts after Google Play approves payment,Acquisto premium in sospeso · la consegna inizierà dopo l'approvazione del pagamento da parte di Google Play,"Premium-Kauf ausstehend · die Lieferung startet, sobald Google Play die Zahlung genehmigt",Achat Premium en attente · la livraison commence après l'approbation du paiement par Google Play
Test rewarded ad playing…,Test rewarded ad playing…,Riproduzione dell'annuncio premio di prova…,Test-Belohnungsanzeige läuft…,Annonce avec récompense de test en cours…
Cloud sync is paused until the Play Games profile is confirmed safely.,Cloud sync is paused until the Play Games profile is confirmed safely.,La sincronizzazione cloud è in pausa finché il profilo Play Games non viene confermato in sicurezza.,"Die Cloud-Synchronisierung pausiert, bis das Play Games-Profil sicher bestätigt ist.",La synchronisation cloud est en pause jusqu'à ce que le profil Play Games soit confirmé en toute sécurité.
Cloud sync is blocked because this local save belongs to another profile.,Cloud sync is blocked because this local save belongs to another profile.,La sincronizzazione cloud è bloccata perché questo salvataggio locale appartiene a un altro profilo.,"Die Cloud-Synchronisierung ist blockiert, weil dieser lokale Speicherstand zu einem anderen Profil gehört.",La synchronisation cloud est bloquée car cette sauvegarde locale appartient à un autre profil.
Google cloud progress belongs to a different profile and was not applied.,Google cloud progress belongs to a different profile and was not applied.,I progressi nel cloud di Google appartengono a un altro profilo e non sono stati applicati.,Der Google-Cloud-Fortschritt gehört zu einem anderen Profil und wurde nicht übernommen.,La progression du cloud Google appartient à un autre profil et n'a pas été appliquée.
This device's save identity could not be verified; no cloud data was changed.,This device's save identity could not be verified; no cloud data was changed.,Non è stato possibile verificare l'identità del salvataggio su questo dispositivo; nessun dato cloud è stato modificato.,Die Speicherstand-Identität dieses Geräts konnte nicht verifiziert werden; es wurden keine Cloud-Daten geändert.,L'identité de la sauvegarde de cet appareil n'a pas pu être vérifiée ; aucune donnée cloud n'a été modifiée.
The save is too large for Google Play cloud storage.,The save is too large for Google Play cloud storage.,Il salvataggio è troppo grande per lo spazio di archiviazione cloud di Google Play.,Der Speicherstand ist zu groß für den Cloud-Speicher von Google Play.,La sauvegarde est trop volumineuse pour le stockage cloud de Google Play.
Current cloud payload: %d bytes; limit: %d bytes. The local save was not changed.,Current cloud payload: %d bytes; limit: %d bytes. The local save was not changed.,Payload cloud attuale: %d byte; limite: %d byte. Il salvataggio locale non è stato modificato.,Aktuelle Cloud-Nutzlast: %d Byte; Limit: %d Byte. Der lokale Speicherstand wurde nicht geändert.,Charge utile cloud actuelle : %d octets ; limite : %d octets. La sauvegarde locale n'a pas été modifiée.
Shows progress within the current class. Gaining levels increases Health and Attack. Reaching a class milestone pauses experience gain until the hero is promoted; elite heroes can continue to the elite cap and unlock Ascension there.,Shows progress within the current class. Gaining levels increases Health and Attack. Reaching a class milestone pauses experience gain until the hero is promoted; elite heroes can continue to the elite cap and unlock Ascension there.,Mostra l'avanzamento nella classe attuale. Salire di livello aumenta Salute e Attacco. Raggiungere un traguardo di classe sospende l'esperienza finché l'eroe non viene promosso; gli eroi élite possono continuare fino al limite élite e sbloccare lì l'Ascensione.,"Zeigt den Fortschritt innerhalb der aktuellen Klasse. Stufenaufstiege erhöhen Leben und Angriff. Ist ein Klassenmeilenstein erreicht, pausiert der Erfahrungsgewinn, bis der Held befördert wird; Elitehelden können bis zur Elitegrenze weitersteigen und schalten dort den Aufstieg frei.",Affiche la progression au sein de la classe actuelle. Gagner des niveaux augmente la Vie et l'Attaque. Atteindre un palier de classe suspend le gain d'expérience jusqu'à la promotion du héros ; les héros d'élite peuvent continuer jusqu'à la limite d'élite et y débloquer l'Ascension.
Earned during combat from defeated enemies and shared among the heroes still standing. EXP Rate changes each hero's share. The first number is current progress and the second is the amount needed for the next level. MAX means the elite level cap has been reached.,Earned during combat from defeated enemies and shared among the heroes still standing. EXP Rate changes each hero's share. The first number is current progress and the second is the amount needed for the next level. MAX means the elite level cap has been reached.,Ottenuta in combattimento dai nemici sconfitti e condivisa tra gli eroi ancora in piedi. Il Tasso PE modifica la quota di ogni eroe. Il primo numero è l'avanzamento attuale e il secondo è la quantità necessaria per il livello successivo. MAX indica che è stato raggiunto il limite di livello élite.,"Wird im Kampf von besiegten Gegnern verdient und unter den noch stehenden Helden aufgeteilt. Die EXP-Rate verändert den Anteil jedes Helden. Die erste Zahl ist der aktuelle Fortschritt, die zweite die Menge für die nächste Stufe. MAX bedeutet, dass die Elite-Stufengrenze erreicht ist.",Obtenue en combat sur les ennemis vaincus et partagée entre les héros encore debout. Le Taux d'EXP modifie la part de chaque héros. Le premier nombre est la progression actuelle et le second la quantité nécessaire pour le niveau suivant. MAX signifie que le plafond de niveau d'élite est atteint.
"The hero's maximum life in combat. Damage lowers current Health; reaching zero makes the hero fall and stop acting, though a few classes can revive a fallen ally mid-encounter. Strength, levels, equipment, promotions, and some elite growth can increase it.","The hero's maximum life in combat. Damage lowers current Health; reaching zero makes the hero fall and stop acting, though a few classes can revive a fallen ally mid-encounter. Strength, levels, equipment, promotions, and some elite growth can increase it.","La vita massima dell'eroe in combattimento. I danni riducono la Salute attuale; a zero l'eroe cade e smette di agire, anche se alcune classi possono rianimare un alleato caduto durante l'incontro. Forza, livelli, equipaggiamento, promozioni e alcuni progressi élite possono aumentarla.","Das maximale Leben des Helden im Kampf. Schaden senkt das aktuelle Leben; bei null fällt der Held und handelt nicht mehr, auch wenn einige Klassen einen gefallenen Verbündeten mitten in der Begegnung wiederbeleben können. Stärke, Stufen, Ausrüstung, Beförderungen und Teile des Elite-Wachstums können es erhöhen.","La vie maximale du héros en combat. Les dégâts réduisent la Vie actuelle ; à zéro, le héros tombe et cesse d'agir, même si quelques classes peuvent ranimer un allié tombé en pleine rencontre. La Force, les niveaux, l'équipement, les promotions et une partie de la croissance d'élite peuvent l'augmenter."
"The mana added after each basic attack. A full mana meter lets the hero attempt their active skill on the next turn. Intelligence increases this value, and some Ascension upgrades can improve it further.","The mana added after each basic attack. A full mana meter lets the hero attempt their active skill on the next turn. Intelligence increases this value, and some Ascension upgrades can improve it further.",Il Mana aggiunto dopo ogni attacco base. Una barra del Mana piena consente all'eroe di tentare la propria abilità attiva nel turno successivo. Intelligenza aumenta questo valore e alcuni potenziamenti dell'Ascensione possono migliorarlo ulteriormente.,"Das Mana, das nach jedem Standardangriff hinzukommt. Eine volle Manaleiste lässt den Helden im nächsten Zug seine aktive Fähigkeit versuchen. Intelligenz erhöht diesen Wert, und einige Aufstiegs-Upgrades können ihn weiter verbessern.","Le mana ajouté après chaque attaque de base. Une jauge de mana pleine permet au héros de tenter sa compétence active au tour suivant. L'Intelligence augmente cette valeur, et certaines améliorations d'Ascension peuvent l'accroître davantage."
Increases maximum Health for every hero and is the main offensive attribute for Melee heroes. Equipment bonuses to Strength or Constitution are included in this total.,Increases maximum Health for every hero and is the main offensive attribute for Melee heroes. Equipment bonuses to Strength or Constitution are included in this total.,Aumenta la Salute massima di ogni eroe ed è l'attributo offensivo principale degli eroi da Mischia. I bonus di equipaggiamento a Forza o Costituzione sono inclusi in questo totale.,Erhöht das maximale Leben jedes Helden und ist das wichtigste Offensivattribut für Nahkampfhelden. Ausrüstungsboni auf Stärke oder Konstitution sind in diesem Gesamtwert enthalten.,Augmente la Vie maximale de chaque héros et constitue l'attribut offensif principal des héros de Mêlée. Les bonus d'équipement à la Force ou à la Constitution sont inclus dans ce total.
"The main offensive attribute for Ranged heroes. It increases their Attack and therefore the power of their basic attacks and class skills, and it sets combat turn order — higher Dexterity acts earlier.","The main offensive attribute for Ranged heroes. It increases their Attack and therefore the power of their basic attacks and class skills, and it sets combat turn order — higher Dexterity acts earlier.","L'attributo offensivo principale degli eroi a Distanza. Aumenta il loro Attacco e quindi la potenza degli attacchi base e delle abilità di classe, e determina l'ordine dei turni in combattimento: una Destrezza più alta agisce prima.",Das wichtigste Offensivattribut für Fernkampfhelden. Sie erhöht ihren Angriff und damit die Kraft ihrer Standardangriffe und Klassenfähigkeiten und legt die Zugreihenfolge im Kampf fest — höhere Geschicklichkeit handelt früher.,"L'attribut offensif principal des héros À distance. Elle augmente leur Attaque et donc la puissance de leurs attaques de base et compétences de classe, et détermine l'ordre des tours au combat — une Dextérité plus élevée agit en premier."
"The main offensive attribute for Magic heroes, including the power behind their damaging, healing, and support skills. It also increases Mana Gain for every hero.","The main offensive attribute for Magic heroes, including the power behind their damaging, healing, and support skills. It also increases Mana Gain for every hero.","L'attributo offensivo principale degli eroi Magici, inclusa la potenza delle abilità di danno, cura e supporto. Aumenta anche il Guadagno Mana di ogni eroe.","Das wichtigste Offensivattribut für magische Helden, einschließlich der Kraft hinter ihren Schadens-, Heil- und Unterstützungsfähigkeiten. Es erhöht außerdem den Mana-Gewinn jedes Helden.","L'attribut offensif principal des héros Magiques, y compris la puissance de leurs compétences de dégâts, de soins et de soutien. Il augmente également le Gain de mana de chaque héros."
Reduces incoming Melee and Ranged damage before it reaches Health. Temporary effects and abilities that ignore defense can change the protection during combat.,Reduces incoming Melee and Ranged damage before it reaches Health. Temporary effects and abilities that ignore defense can change the protection during combat.,Riduce i danni da Mischia e a Distanza in arrivo prima che raggiungano la Salute. Effetti temporanei e abilità che ignorano la difesa possono modificare la protezione durante il combattimento.,"Verringert eingehenden Nahkampf- und Fernkampfschaden, bevor er das Leben erreicht. Temporäre Effekte und Fähigkeiten, die Verteidigung ignorieren, können den Schutz im Kampf verändern.",Réduit les dégâts de Mêlée et À distance entrants avant qu'ils n'atteignent la Vie. Les effets temporaires et les capacités qui ignorent la défense peuvent modifier cette protection pendant le combat.
Reduces incoming Magic damage before it reaches Health. Temporary effects and abilities that ignore defense can change the protection during combat.,Reduces incoming Magic damage before it reaches Health. Temporary effects and abilities that ignore defense can change the protection during combat.,Riduce i danni Magici in arrivo prima che raggiungano la Salute. Effetti temporanei e abilità che ignorano la difesa possono modificare la protezione durante il combattimento.,"Verringert eingehenden Magieschaden, bevor er das Leben erreicht. Temporäre Effekte und Fähigkeiten, die Verteidigung ignorieren, können den Schutz im Kampf verändern.",Réduit les dégâts Magiques entrants avant qu'ils n'atteignent la Vie. Les effets temporaires et les capacités qui ignorent la défense peuvent modifier cette protection pendant le combat.
"The hero's central power value. It comes from the attribute tied to Attack Type, plus level, equipment, promotion, and elite growth, and determines basic-attack damage and the base power of class skills.","The hero's central power value. It comes from the attribute tied to Attack Type, plus level, equipment, promotion, and elite growth, and determines basic-attack damage and the base power of class skills.","Il valore di potenza centrale dell'eroe. Deriva dall'attributo legato al Tipo di Attacco, oltre che da livello, equipaggiamento, promozione e crescita élite, e determina i danni degli attacchi base e la potenza di base delle abilità di classe.","Der zentrale Kraftwert des Helden. Er stammt aus dem Attribut, das an die Angriffsart gekoppelt ist, zuzüglich Stufe, Ausrüstung, Beförderung und Elite-Wachstum, und bestimmt den Schaden von Standardangriffen sowie die Grundkraft von Klassenfähigkeiten.","La valeur de puissance centrale du héros. Elle provient de l'attribut lié au Type d'attaque, ainsi que du niveau, de l'équipement, de la promotion et de la croissance d'élite, et détermine les dégâts des attaques de base et la puissance de base des compétences de classe."
"The possible damage range of a normal basic attack before critical hits, combat bonuses, mist effects, and the target's defenses are applied. Each basic attack rolls a value within this range.","The possible damage range of a normal basic attack before critical hits, combat bonuses, mist effects, and the target's defenses are applied. Each basic attack rolls a value within this range.","L'intervallo di danno possibile di un normale attacco base prima di applicare colpi critici, bonus di combattimento, effetti della nebbia e difese del bersaglio. Ogni attacco base determina un valore all'interno di questo intervallo.","Der mögliche Schadensbereich eines normalen Standardangriffs, bevor kritische Treffer, Kampfboni, Nebeleffekte und die Verteidigungswerte des Ziels angewendet werden. Jeder Standardangriff ermittelt einen Wert innerhalb dieses Bereichs.","L'intervalle de dégâts possible d'une attaque de base normale avant l'application des coups critiques, des bonus de combat, des effets de brume et des défenses de la cible. Chaque attaque de base tire une valeur dans cet intervalle."
Melee uses Strength and is reduced by Defense. Ranged uses Dexterity and is also reduced by Defense. Magic uses Intelligence and is reduced by Magic Defense. Attack Type also decides which counters and some raid mechanics interact with the hero.,Melee uses Strength and is reduced by Defense. Ranged uses Dexterity and is also reduced by Defense. Magic uses Intelligence and is reduced by Magic Defense. Attack Type also decides which counters and some raid mechanics interact with the hero.,Mischia usa Forza ed è ridotta da Difesa. Distanza usa Destrezza ed è anch'essa ridotta da Difesa. Magico usa Intelligenza ed è ridotto da Difesa magica. Il Tipo di Attacco determina anche quali contrattacchi e meccaniche dei raid interagiscono con l'eroe.,"Nahkampf nutzt Stärke und wird durch Verteidigung verringert. Fernkampf nutzt Geschicklichkeit und wird ebenfalls durch Verteidigung verringert. Magie nutzt Intelligenz und wird durch Magieverteidigung verringert. Die Angriffsart entscheidet außerdem, welche Konter und welche Raid-Mechaniken mit dem Helden interagieren.",La Mêlée utilise la Force et est réduite par la Défense. Le combat À distance utilise la Dextérité et est lui aussi réduit par la Défense. La Magie utilise l'Intelligence et est réduite par la Défense magique. Le Type d'attaque détermine aussi quelles ripostes et quelles mécaniques de raid interagissent avec le héros.
Determines how strongly this hero is weighted when an enemy chooses a target for a direct attack. More Threat means more attacks are likely to come their way. Intercept overrides normal target selection while active.,Determines how strongly this hero is weighted when an enemy chooses a target for a direct attack. More Threat means more attacks are likely to come their way. Intercept overrides normal target selection while active.,Determina quanto questo eroe pesa quando un nemico sceglie il bersaglio di un attacco diretto. Più Minaccia significa una maggiore probabilità di ricevere attacchi. Intercettazione sostituisce la normale selezione del bersaglio mentre è attiva.,"Bestimmt, wie stark dieser Held gewichtet wird, wenn ein Gegner ein Ziel für einen direkten Angriff wählt. Mehr Bedrohung bedeutet, dass wahrscheinlich mehr Angriffe auf ihn treffen. Abfangen setzt die normale Zielauswahl außer Kraft, solange es aktiv ist.",Détermine le poids de ce héros lorsqu'un ennemi choisit une cible pour une attaque directe. Plus de Menace signifie que plus d'attaques risquent de le viser. L'Interception remplace la sélection de cible normale tant qu'elle est active.
"The chance to avoid a direct basic attack or a damaging skill completely. An evaded hit deals no damage and can trigger evade-related passives; a guaranteed-critical skill ignores it. Some effects and encounter mechanics can raise, lower, or bypass part of this chance.","The chance to avoid a direct basic attack or a damaging skill completely. An evaded hit deals no damage and can trigger evade-related passives; a guaranteed-critical skill ignores it. Some effects and encounter mechanics can raise, lower, or bypass part of this chance.","La probabilità di evitare completamente un attacco base diretto o un'abilità dannosa. Un colpo schivato non infligge danni e può attivare passive legate alla schivata; un'abilità a critico garantito la ignora. Alcuni effetti e meccaniche degli incontri possono aumentare, ridurre o aggirare in parte questa probabilità.","Die Chance, einem direkten Standardangriff oder einer schädigenden Fähigkeit vollständig auszuweichen. Ein ausgewichener Treffer richtet keinen Schaden an und kann passive Fähigkeiten auslösen, die auf Ausweichen reagieren; eine Fähigkeit mit garantiertem kritischen Treffer ignoriert sie. Manche Effekte und Begegnungsmechaniken können diese Chance erhöhen, senken oder teilweise umgehen.","La chance d'éviter complètement une attaque de base directe ou une compétence offensive. Un coup esquivé n'inflige aucun dégât et peut déclencher des compétences passives liées à l'esquive ; une compétence à critique garanti l'ignore. Certains effets et mécaniques de rencontre peuvent augmenter, réduire ou contourner en partie cette chance."
The chance for an attack or damaging skill to become a critical hit. Critical hits use Critical Damage for their damage multiplier and can trigger critical-related skills and encounter mechanics.,The chance for an attack or damaging skill to become a critical hit. Critical hits use Critical Damage for their damage multiplier and can trigger critical-related skills and encounter mechanics.,La probabilità che un attacco o un'abilità dannosa diventi un colpo critico. I colpi critici usano Danno Critico come moltiplicatore e possono attivare abilità e meccaniche degli incontri legate ai critici.,"Die Chance, dass ein Angriff oder eine schädigende Fähigkeit zu einem kritischen Treffer wird. Kritische Treffer nutzen den Kritischen Schaden als Schadensmultiplikator und können Fähigkeiten und Begegnungsmechaniken auslösen, die auf kritische Treffer reagieren.",La chance qu'une attaque ou une compétence offensive devienne un coup critique. Les coups critiques utilisent les Dégâts critiques comme multiplicateur de dégâts et peuvent déclencher des compétences et des mécaniques de rencontre liées aux critiques.
The damage multiplier of a critical hit compared with a normal hit. This matters only when Critical Chance succeeds; equipment and other effects can increase it.,The damage multiplier of a critical hit compared with a normal hit. This matters only when Critical Chance succeeds; equipment and other effects can increase it.,Il moltiplicatore di danno di un colpo critico rispetto a un colpo normale. Conta solo quando la Probabilità critica ha successo; equipaggiamento e altri effetti possono aumentarlo.,"Der Schadensmultiplikator eines kritischen Treffers im Vergleich zu einem normalen Treffer. Er zählt nur, wenn die Kritische Chance greift; Ausrüstung und andere Effekte können ihn erhöhen.",Le multiplicateur de dégâts d'un coup critique par rapport à un coup normal. Il ne compte que lorsque la Chance critique réussit ; l'équipement et d'autres effets peuvent l'augmenter.
The chance to resist a harmful status when it is applied. A successful resistance prevents the status entirely and may trigger class passives. It does not reduce direct damage.,The chance to resist a harmful status when it is applied. A successful resistance prevents the status entirely and may trigger class passives. It does not reduce direct damage.,La probabilità di resistere a uno stato nocivo quando viene applicato. Una resistenza riuscita impedisce completamente lo stato e può attivare passive di classe. Non riduce i danni diretti.,"Die Chance, einem schädlichen Status bei seiner Anwendung zu widerstehen. Ein erfolgreicher Widerstand verhindert den Status vollständig und kann passive Klassenfähigkeiten auslösen. Direkten Schaden verringert sie nicht.",La chance de résister à un état néfaste au moment où il est appliqué. Une résistance réussie empêche entièrement l'état et peut déclencher des compétences passives de classe. Elle ne réduit pas les dégâts directs.
The chance to answer a damaging Melee or Ranged basic attack. A counter can occur only when the hero survives and takes Health damage from the hit.,The chance to answer a damaging Melee or Ranged basic attack. A counter can occur only when the hero survives and takes Health damage from the hit.,La probabilità di rispondere a un attacco base dannoso da Mischia o a Distanza. Un contrattacco può avvenire solo se l'eroe sopravvive e subisce danni alla Salute dal colpo.,"Die Chance, auf einen schädigenden Standardangriff im Nahkampf oder Fernkampf zu antworten. Ein Konter erfolgt nur, wenn der Held den Treffer überlebt und dabei Lebensschaden erleidet.",La chance de riposter à une attaque de base de Mêlée ou À distance infligeant des dégâts. Une riposte ne peut avoir lieu que si le héros survit et subit des dégâts à la Vie à cause du coup.
Sets how much of the triggering hit's Health damage is returned to its attacker when either a normal Counter or Magic Counter succeeds.,Sets how much of the triggering hit's Health damage is returned to its attacker when either a normal Counter or Magic Counter succeeds.,Stabilisce quanta parte del danno alla Salute del colpo scatenante viene restituita all'attaccante quando riesce un Contrattacco normale o Magico.,"Legt fest, wie viel des Lebensschadens des auslösenden Treffers an den Angreifer zurückgegeben wird, wenn ein normaler Konter oder ein Magiekonter gelingt.",Détermine quelle part des dégâts de Vie du coup déclencheur est renvoyée à son attaquant lorsqu'une riposte normale ou une Riposte magique réussit.
The chance to answer a damaging Magic basic attack. It follows the same survival and Health-damage requirements as Counter Chance and uses Counter Damage for its strength.,The chance to answer a damaging Magic basic attack. It follows the same survival and Health-damage requirements as Counter Chance and uses Counter Damage for its strength.,La probabilità di rispondere a un attacco base Magico dannoso. Segue gli stessi requisiti di sopravvivenza e danno alla Salute di Probabilità Contrattacco e usa Danno Contrattacco per la propria forza.,"Die Chance, auf einen schädigenden magischen Standardangriff zu antworten. Sie unterliegt denselben Voraussetzungen zu Überleben und Lebensschaden wie die Konterchance und nutzt den Konterschaden für ihre Stärke.",La chance de riposter à une attaque de base Magique infligeant des dégâts. Elle suit les mêmes conditions de survie et de dégâts à la Vie que la Chance de riposte et utilise les Dégâts de riposte pour sa puissance.
"Restores the attacker's Health from Health damage dealt by basic attacks. It does not heal from blocked damage, and class or equipment effects may separately grant healing from skills.","Restores the attacker's Health from Health damage dealt by basic attacks. It does not heal from blocked damage, and class or equipment effects may separately grant healing from skills.",Ripristina la Salute dell'attaccante in base ai danni alla Salute inflitti dagli attacchi base. Non cura dai danni bloccati; effetti di classe o equipaggiamento possono concedere separatamente cure dalle abilità.,"Stellt das Leben des Angreifers anhand des durch Standardangriffe verursachten Lebensschadens wieder her. Blockierter Schaden heilt nicht, und Klassen- oder Ausrüstungseffekte können zusätzlich Heilung durch Fähigkeiten gewähren.","Restaure la Vie de l'attaquant en fonction des dégâts de Vie infligés par les attaques de base. Les dégâts bloqués ne soignent pas, et des effets de classe ou d'équipement peuvent accorder séparément des soins via les compétences."
"Restores this many Health points at the end of each turn in which the hero acts, whether by basic attack or active skill. It is a flat recovery amount and is separate from temporary Regeneration status effects that heal at the start of a turn.","Restores this many Health points at the end of each turn in which the hero acts, whether by basic attack or active skill. It is a flat recovery amount and is separate from temporary Regeneration status effects that heal at the start of a turn.","Ripristina questo numero di punti Salute alla fine di ogni turno in cui l'eroe agisce, sia con un attacco base sia con un'abilità attiva. È una quantità di recupero fissa ed è separata dagli effetti temporanei di Rigenerazione che curano all'inizio del turno.","Stellt am Ende jedes Zuges, in dem der Held handelt, so viele Lebenspunkte wieder her - ob per Standardangriff oder aktiver Fähigkeit. Es ist ein fester Erholungswert und unabhängig von temporären Regenerations-Statuseffekten, die zu Beginn eines Zuges heilen.","Restaure ce nombre de points de Vie à la fin de chaque tour où le héros agit, que ce soit par une attaque de base ou une compétence active. Il s'agit d'un montant de récupération fixe, distinct des effets de statut temporaires de Régénération qui soignent en début de tour."
"Turns the remaining dungeon mist around the target into extra basic-attack damage. It has no effect where there is no mist, and a target's Mist Reduction weakens the mist available for this bonus.","Turns the remaining dungeon mist around the target into extra basic-attack damage. It has no effect where there is no mist, and a target's Mist Reduction weakens the mist available for this bonus.",Trasforma la nebbia del dungeon rimasta intorno al bersaglio in danni aggiuntivi degli attacchi base. Non ha effetto in assenza di nebbia; la Riduzione Nebbia del bersaglio diminuisce la nebbia disponibile per questo bonus.,"Verwandelt den verbliebenen Verliesnebel um das Ziel in zusätzlichen Schaden von Standardangriffen. Ohne Nebel hat es keine Wirkung, und die Nebelminderung eines Ziels schwächt den für diesen Bonus verfügbaren Nebel.","Transforme la brume de donjon restante autour de la cible en dégâts d'attaque de base supplémentaires. Sans brume, aucun effet ne s'applique, et la Réduction de brume de la cible affaiblit la brume disponible pour ce bonus."
Reduces the mist affecting this hero. This weakens enemy bonuses that depend on mist and also leaves less mist for an attacker to convert through Mist Damage.,Reduces the mist affecting this hero. This weakens enemy bonuses that depend on mist and also leaves less mist for an attacker to convert through Mist Damage.,Riduce la nebbia che influenza questo eroe. Indebolisce i bonus nemici che dipendono dalla nebbia e lascia anche meno nebbia da convertire tramite Danno da Nebbia.,"Verringert den Nebel, der auf diesen Helden wirkt. Das schwächt gegnerische Boni, die vom Nebel abhängen, und lässt außerdem weniger Nebel übrig, den ein Angreifer über Nebelschaden umwandeln kann.",Réduit la brume qui affecte ce héros. Cela affaiblit les bonus ennemis qui dépendent de la brume et laisse aussi moins de brume qu'un attaquant pourrait convertir via les Dégâts de brume.
"Controls the strength of healing performed by this hero, including their healing skills and Lifesteal. It also increases the Regeneration this hero receives from allies' active skills, but not direct heals cast on them.","Controls the strength of healing performed by this hero, including their healing skills and Lifesteal. It also increases the Regeneration this hero receives from allies' active skills, but not direct heals cast on them.","Determina la potenza delle cure eseguite da questo eroe, incluse le abilità curative e il Rubavita. Aumenta anche la Rigenerazione che questo eroe riceve dalle abilità attive degli alleati, ma non le cure dirette lanciate su di lui.","Bestimmt die Stärke der Heilung, die dieser Held ausführt, einschließlich seiner Heilfähigkeiten und des Lebensraubs. Sie erhöht außerdem die Regeneration, die dieser Held durch aktive Fähigkeiten von Verbündeten erhält, nicht aber direkte Heilungen auf ihn.","Détermine la puissance des soins prodigués par ce héros, y compris ses compétences de soin et le Vol de vie. Cela augmente aussi la Régénération que ce héros reçoit des compétences actives de ses alliés, mais pas les soins directs qui lui sont lancés."
Controls the experience credited to this hero from the share awarded to living party members when an enemy is defeated. It changes only this hero's reward and has no effect while experience is paused for promotion or at the elite cap.,Controls the experience credited to this hero from the share awarded to living party members when an enemy is defeated. It changes only this hero's reward and has no effect while experience is paused for promotion or at the elite cap.,Determina l'esperienza accreditata a questo eroe dalla quota assegnata ai membri del gruppo in vita quando un nemico viene sconfitto. Modifica solo la ricompensa di questo eroe e non ha effetto mentre l'esperienza è sospesa per la promozione o al limite élite.,"Bestimmt die Erfahrung, die diesem Helden aus dem Anteil gutgeschrieben wird, den lebende Gruppenmitglieder beim Besiegen eines Gegners erhalten. Es verändert nur die Belohnung dieses Helden und wirkt nicht, solange die Erfahrung für eine Beförderung pausiert oder die Elitegrenze erreicht ist.",Détermine l'expérience créditée à ce héros sur la part accordée aux membres du groupe encore en vie lorsqu'un ennemi est vaincu. Cela ne modifie que la récompense de ce héros et n'a aucun effet tant que l'expérience est en pause pour une promotion ou au plafond d'élite.
"Deals this much unavoidable damage to its owner at the end of each turn in which it acts, whether by basic attack or active skill. Decay can reduce Health to zero, is not prevented by Defense, and may enable effects that specifically interact with Decay.","Deals this much unavoidable damage to its owner at the end of each turn in which it acts, whether by basic attack or active skill. Decay can reduce Health to zero, is not prevented by Defense, and may enable effects that specifically interact with Decay.","Infligge al proprietario questa quantità di danni inevitabili alla fine di ogni turno in cui agisce, sia con un attacco base sia con un'abilità attiva. Decadimento può ridurre la Salute a zero, non viene impedito dalla Difesa e può attivare effetti che interagiscono specificamente con Decadimento.","Fügt seinem Träger am Ende jedes Zuges, in dem er handelt, so viel unvermeidbaren Schaden zu, ob durch Standardangriff oder aktive Fähigkeit. Zerfall kann Leben auf null senken, wird nicht von Verteidigung verhindert und kann Effekte auslösen, die gezielt mit Zerfall zusammenwirken.","Inflige à son porteur ce montant de dégâts inévitables à la fin de chaque tour où il agit, que ce soit par attaque de base ou par compétence active. Le Déclin peut réduire la Vie à zéro, n'est pas empêché par la Défense et peut activer des effets qui interagissent spécifiquement avec le Déclin."
this expedition,this expedition,questa spedizione,diese Expedition,cette expédition
ACTIVE COMPANION %s,ACTIVE COMPANION %s,COMPAGNO ATTIVO %s,AKTIVER BEGLEITER %s,COMPAGNON ACTIF %s
< Recipes,< Recipes,< Ricette,< Rezepte,< Recettes
Progress,Progress,Progressi,Fortschritt,Progression
CHANGE PATH · 1 %s (%s OWNED),CHANGE PATH · 1 %s (%s OWNED),CAMBIA PERCORSO · 1 %s (%s POSSEDUTI),PFAD WECHSELN · 1 %s (%s BESESSEN),CHANGER DE VOIE · 1 %s (%s POSSÉDÉS)
"Consumes one %s to refund all points and return to the four Ascendant Paths. Hero level, equipment, and runes are kept. You own %s.","Consumes one %s to refund all points and return to the four Ascendant Paths. Hero level, equipment, and runes are kept. You own %s.","Consuma un %s per rimborsare tutti i punti e tornare ai quattro Percorsi ascendenti. Livello dell'eroe, equipaggiamento e rune vengono mantenuti. Ne possiedi %s.","Verbraucht ein %s, um alle Punkte zu erstatten und zu den vier Aufstiegspfaden zurückzukehren. Heldenstufe, Ausrüstung und Runen bleiben erhalten. Du besitzt %s.","Consomme un %s pour rembourser tous les points et revenir aux quatre Voies ascendantes. Le niveau du héros, l'équipement et les runes sont conservés. Tu en possèdes %s."
"Craft a %s in the Workshop to change paths. It requires a %s, a rare drop from raid bosses.","Craft a %s in the Workshop to change paths. It requires a %s, a rare drop from raid bosses.","Crea un %s nel laboratorio per cambiare percorso. Richiede una %s, un raro bottino dei boss dei raid.","Stelle in der Werkstatt ein %s her, um den Pfad zu wechseln. Dafür wird ein %s benötigt, eine seltene Beute von Raid-Bossen.","Fabrique un %s à l'Atelier pour changer de voie. Il faut un %s, un butin rare des boss de raid."
Change Ascendant Path?,Change Ascendant Path?,Cambiare Percorso Ascendente?,Aufstiegspfad wechseln?,Changer de voie ascendante ?
"Consume 1 %s to release %s from %s? Every spent point is refunded and all four Ascendant Paths reopen. Hero level, equipment, and runes are kept; no path bonuses apply until a new path is chosen.","Consume 1 %s to release %s from %s? Every spent point is refunded and all four Ascendant Paths reopen. Hero level, equipment, and runes are kept; no path bonuses apply until a new path is chosen.","Consumare 1 %s per liberare %s da %s? Ogni punto speso viene rimborsato e i quattro Percorsi ascendenti si riaprono. Livello dell'eroe, equipaggiamento e rune vengono mantenuti; nessun bonus di percorso si applica finché non viene scelto un nuovo percorso.","1 %s verbrauchen, um %s von %s zu lösen? Jeder ausgegebene Punkt wird erstattet und alle vier Aufstiegspfade öffnen sich wieder. Heldenstufe, Ausrüstung und Runen bleiben erhalten; bis ein neuer Pfad gewählt wird, gelten keine Pfadboni.","Consommer 1 %s pour libérer %s de %s ? Chaque point dépensé est remboursé et les quatre Voies ascendantes se rouvrent. Le niveau du héros, l'équipement et les runes sont conservés ; aucun bonus de voie ne s'applique tant qu'une nouvelle voie n'est pas choisie."
A %s is required for this respec.,A %s is required for this respec.,Per questa ridistribuzione serve un %s.,Für diese Neuverteilung wird ein %s benötigt.,Un %s est requis pour cette réattribution.
[color=#e7d45b]A rare %s smolders in the remains.[/color],[color=#e7d45b]A rare %s smolders in the remains.[/color],[color=#e7d45b]Una rara %s arde tra i resti.[/color],[color=#e7d45b]In den Überresten glimmt etwas Seltenes: %s.[/color],[color=#e7d45b]Un objet rare rougeoie dans les restes : %s.[/color]
Active: %s · %s · %s,Active: %s · %s · %s,Attivo: %s · %s · %s,Aktiv: %s · %s · %s,Actif : %s · %s · %s
Other class types:,Other class types:,Altri tipi di classe:,Andere Klassentypen:,Autres types de classe :
Class types:,Class types:,Tipi di classe:,Klassentypen:,Types de classe :
Crafting alerts,Crafting alerts,Avvisi di creazione,Handwerksbenachrichtigungen,Alertes d'artisanat
A device alert when a crafting job finishes.,A device alert when a crafting job finishes.,Un avviso sul dispositivo quando un lavoro di creazione termina.,"Eine Gerätebenachrichtigung, wenn ein Handwerksauftrag fertig ist.",Une alerte de l'appareil quand un travail d'artisanat se termine.
Progression alerts,Progression alerts,Avvisi di progressione,Fortschrittshinweise,Alertes de progression
Alerts when a hero can be promoted or new content unlocks.,Alerts when a hero can be promoted or new content unlocks.,Avvisi quando un eroe può essere promosso o si sbloccano nuovi contenuti.,"Benachrichtigungen, wenn ein Held befördert werden kann oder neue Inhalte freigeschaltet werden.",Alertes quand un héros peut être promu ou que du nouveau contenu se débloque.
Offline progress alerts,Offline progress alerts,Avvisi di progressi offline,Hinweise zum Offline-Fortschritt,Alertes de progression hors ligne
"Alerts about offline rewards, daily refreshes, and Tavern refreshes.","Alerts about offline rewards, daily refreshes, and Tavern refreshes.","Avvisi su ricompense offline, aggiornamenti giornalieri e aggiornamenti della Taverna.","Benachrichtigungen über Offline-Belohnungen, tägliche Auffrischungen und Tavernen-Auffrischungen.","Alertes sur les récompenses hors ligne, les actualisations quotidiennes et celles de la Taverne."
Crafting completion,Crafting completion,Completamento creazione,Handwerksabschluss,Fin d'artisanat
Notify when the crafting queue finishes.,Notify when the crafting queue finishes.,Notifica quando la coda di creazione termina.,"Benachrichtigen, wenn die Herstellungs-Warteschlange fertig ist.",Me notifier quand la file de fabrication est terminée.
Hero promotion available,Hero promotion available,Promozione eroe disponibile,Heldenbeförderung verfügbar,Promotion de héros disponible
Alert when a hero is ready to be promoted.,Alert when a hero is ready to be promoted.,Avviso quando un eroe è pronto per la promozione.,"Benachrichtigung, wenn ein Held bereit zur Beförderung ist.",Alerte quand un héros est prêt à être promu.
Full offline rewards,Full offline rewards,Ricompense offline complete,Volle Offline-Belohnungen,Récompenses hors ligne complètes
Notify when offline rewards reach the 12-hour cap.,Notify when offline rewards reach the 12-hour cap.,Notifica quando le ricompense offline raggiungono il limite di 12 ore.,"Benachrichtigen, wenn die Offline-Belohnungen die 12-Stunden-Grenze erreichen.",Me notifier quand les récompenses hors ligne atteignent la limite de 12 heures.
Daily refresh,Daily refresh,Aggiornamento giornaliero,Tägliche Auffrischung,Renouvellement quotidien
"Notify when daily raids, shop stock, and daily laws reset.","Notify when daily raids, shop stock, and daily laws reset.","Notifica quando raid giornalieri, scorte del negozio e leggi giornaliere si azzerano.","Benachrichtigen, wenn Tages-Raids, Ladenvorrat und Tagesgesetze zurückgesetzt werden.","Me notifier lors de la réinitialisation des raids quotidiens, des stocks de la boutique et des lois quotidiennes."
New dungeon unlocked,New dungeon unlocked,Nuovo dungeon sbloccato,Neues Verlies freigeschaltet,Nouveau donjon débloqué
Alert when a new dungeon becomes available.,Alert when a new dungeon becomes available.,Avviso quando un nuovo dungeon diventa disponibile.,"Benachrichtigung, wenn ein neues Verlies verfügbar wird.",Alerte quand un nouveau donjon devient disponible.
New raid unlocked,New raid unlocked,Nuovo raid sbloccato,Neuer Raid freigeschaltet,Nouveau raid débloqué
Alert when a new raid becomes available.,Alert when a new raid becomes available.,Avviso quando un nuovo raid diventa disponibile.,"Benachrichtigung, wenn ein neuer Raid verfügbar wird.",Alerte quand un nouveau raid devient disponible.
Tavern refresh,Tavern refresh,Aggiornamento Taverna,Tavernen-Auffrischung,Renouvellement de la Taverne
Notify when new heroes arrive at the Tavern.,Notify when new heroes arrive at the Tavern.,Notifica quando nuovi eroi arrivano alla Taverna.,"Benachrichtigen, wenn neue Helden in der Taverne eintreffen.",Me notifier quand de nouveaux héros arrivent à la Taverne.
Notifications,Notifications,Notifiche,Benachrichtigungen,Notifications
"Manage device alerts for crafting, promotions, and offline progress","Manage device alerts for crafting, promotions, and offline progress","Gestisci gli avvisi del dispositivo per creazione, promozioni e progressi offline","Gerätebenachrichtigungen für Herstellung, Beförderungen und Offline-Fortschritt verwalten","Gérer les alertes de l'appareil pour la fabrication, les promotions et la progression hors ligne"
All notifications,All notifications,Tutte le notifiche,Alle Benachrichtigungen,Toutes les notifications
Turn every device notification on or off at once.,Turn every device notification on or off at once.,Attiva o disattiva tutte le notifiche del dispositivo in una sola volta.,Schalte alle Gerätebenachrichtigungen auf einmal ein oder aus.,Active ou désactive toutes les notifications de l'appareil d'un coup.
Open system settings,Open system settings,Apri le impostazioni di sistema,Systemeinstellungen öffnen,Ouvrir les paramètres du système
Enabled,Enabled,Attivato,Aktiviert,Activé
Disabled by master switch,Disabled by master switch,Disattivato dall'interruttore generale,Durch den Hauptschalter deaktiviert,Désactivé par l'interrupteur principal
Disabled,Disabled,Disattivato,Deaktiviert,Désactivé
Permission needed,Permission needed,Autorizzazione necessaria,Berechtigung erforderlich,Autorisation requise
Blocked by system settings,Blocked by system settings,Bloccato dalle impostazioni di sistema,Durch Systemeinstellungen blockiert,Bloqué par les paramètres du système
Not available on this device,Not available on this device,Non disponibile su questo dispositivo,Auf diesem Gerät nicht verfügbar,Non disponible sur cet appareil
LOCKED,LOCKED,BLOCCATO,GESPERRT,VERROUILLÉ
Unlocks after spending %s Ascension Points.,Unlocks after spending %s Ascension Points.,Si sblocca dopo aver speso %s Punti Ascensione.,"Wird freigeschaltet, nachdem %s Aufstiegspunkte ausgegeben wurden.",Se débloque après avoir dépensé %s points d'ascension.
UNLOCKS AT %s SPENT,UNLOCKS AT %s SPENT,SI SBLOCCA A %s SPESI,AB %s PUNKTEN,DÉBLOQUÉ À %s DÉPENSÉS
Spend Ascension Points in earlier rows to unlock this row.,Spend Ascension Points in earlier rows to unlock this row.,Spendi Punti Ascensione nelle righe precedenti per sbloccare questa riga.,"Gib Aufstiegspunkte in früheren Reihen aus, um diese Reihe freizuschalten.",Dépense des Points d'ascension dans les rangées précédentes pour débloquer celle-ci.
REMOVE · %s POINT,REMOVE · %s POINT,RIMUOVI · %s PUNTO,ENTFERNEN · %s PUNKT,RETIRER · %s POINT
REMOVE · %s POINTS,REMOVE · %s POINTS,RIMUOVI · %s PUNTI,ENTFERNEN · %s PUNKTE,RETIRER · %s POINTS
Remove one rank from %s and return %s to the available budget.,Remove one rank from %s and return %s to the available budget.,Rimuovi un grado da %s e restituisci %s al budget disponibile.,Entferne einen Rang von %s und gib %s an das verfügbare Budget zurück.,Retire un rang de %s et rends %s au budget disponible.
A later row's invested points depend on this one staying spent.,A later row's invested points depend on this one staying spent.,I punti investiti in una riga successiva dipendono dal fatto che questa riga resti spesa.,"Die investierten Punkte einer späteren Reihe hängen davon ab, dass diese ausgegeben bleibt.",Les points investis dans une rangée ultérieure dépendent du maintien de cette dépense.
ROW ACTIVE,ROW ACTIVE,RIGA ATTIVA,REIHE AKTIV,RANGÉE ACTIVE
Remove every rank from %s before adding a different option in this row.,Remove every rank from %s before adding a different option in this row.,Rimuovi ogni grado da %s prima di aggiungere un'opzione diversa in questa riga.,"Entferne alle Ränge von %s, bevor du eine andere Option in dieser Reihe hinzufügst.",Retire tous les rangs de %s avant d'ajouter une autre option dans cette rangée.
Add the first rank to %s and select it automatically for this row.,Add the first rank to %s and select it automatically for this row.,Aggiungi il primo grado a %s e selezionalo automaticamente per questa riga.,Füge %s den ersten Rang hinzu und wähle es automatisch für diese Reihe aus.,Ajoute le premier rang à %s et sélectionne-le automatiquement pour cette rangée.
Add the first rank to select this option automatically.,Add the first rank to select this option automatically.,Aggiungi il primo grado per selezionare automaticamente questa opzione.,"Füge den ersten Rang hinzu, um diese Option automatisch auszuwählen.",Ajoute le premier rang pour sélectionner automatiquement cette option.
[color=yellow]The fight stalled — the party regroups.[/color],[color=yellow]The fight stalled — the party regroups.[/color],[color=yellow]Lo scontro si è arenato — il gruppo si riorganizza.[/color],[color=yellow]Der Kampf ist ins Stocken geraten — die Gruppe sammelt sich neu.[/color],[color=yellow]Le combat s'est enlisé — le groupe se regroupe.[/color]
Crafting complete!,Crafting complete!,Creazione completata!,Herstellung abgeschlossen!,Fabrication terminée !
Your crafting queue has finished. Collect your items!,Your crafting queue has finished. Collect your items!,La coda di creazione è terminata. Ritira i tuoi oggetti!,Deine Handwerks-Warteschlange ist fertig. Hol deine Gegenstände ab!,Ta file d'artisanat est terminée. Récupère tes objets !
Offline rewards are full,Offline rewards are full,Le ricompense offline sono al massimo,Die Offline-Belohnungen sind voll,Les récompenses hors ligne sont pleines
Your party reached the 12-hour offline cap. Return to collect your rewards!,Your party reached the 12-hour offline cap. Return to collect your rewards!,Il tuo gruppo ha raggiunto il limite offline di 12 ore. Torna a ritirare le ricompense!,"Deine Gruppe hat die Offline-Grenze von 12 Stunden erreicht. Kehre zurück, um deine Belohnungen abzuholen!",Ton groupe a atteint la limite hors ligne de 12 heures. Reviens récupérer tes récompenses !
A new day has arrived,A new day has arrived,È arrivato un nuovo giorno,Ein neuer Tag ist angebrochen,Un nouveau jour est arrivé
"Daily raids, shop stock, and daily laws have refreshed.","Daily raids, shop stock, and daily laws have refreshed.","Raid giornalieri, scorte del negozio e leggi giornaliere si sono aggiornati.","Tägliche Raids, Ladenbestand und Tagesgesetze wurden aufgefrischt.","Les raids quotidiens, le stock de la boutique et les lois quotidiennes ont été actualisés."
New heroes at the Tavern,New heroes at the Tavern,Nuovi eroi alla Taverna,Neue Helden in der Taverne,Nouveaux héros à la Taverne
Fresh recruits are waiting at the Tavern.,Fresh recruits are waiting at the Tavern.,Nuove reclute ti aspettano alla Taverna.,Neue Rekruten warten in der Taverne.,De nouvelles recrues attendent à la Taverne.
%s is ready to be promoted!,%s is ready to be promoted!,%s è pronto per essere promosso!,%s ist bereit zur Beförderung!,%s est prêt à être promu !
%d heroes are ready to be promoted!,%d heroes are ready to be promoted!,%d eroi sono pronti per essere promossi!,%d Helden sind bereit zur Beförderung!,%d héros sont prêts à être promus !
%s is now available!,%s is now available!,%s è ora disponibile!,%s ist jetzt verfügbar!,%s est maintenant disponible !
%d new dungeons are now available!,%d new dungeons are now available!,%d nuovi dungeon sono ora disponibili!,%d neue Verliese sind jetzt verfügbar!,%d nouveaux donjons sont maintenant disponibles !
New raid ready to unlock,New raid ready to unlock,Nuovo raid pronto da sbloccare,Neuer Raid kann freigeschaltet werden,Nouveau raid prêt à être débloqué
%s's unlock quest is complete. Return to claim it!,%s's unlock quest is complete. Return to claim it!,La missione di sblocco di %s è completa. Torna a riscuoterla!,"Der Freischaltauftrag von %s ist abgeschlossen. Kehre zurück, um ihn abzuholen!",La quête de déblocage de %s est terminée. Reviens la récupérer !
%d raid unlock quests are complete. Return to claim them!,%d raid unlock quests are complete. Return to claim them!,%d missioni di sblocco raid sono complete. Torna a riscuoterle!,"%d Raid-Freischaltaufträge sind abgeschlossen. Kehre zurück, um sie abzuholen!",%d quêtes de déblocage de raid sont terminées. Reviens les récupérer !
While you were away,While you were away,Mentre eri via,Während du weg warst,Pendant ton absence
Active: %s · %s · %s · %s,Active: %s · %s · %s · %s,Attivo: %s · %s · %s · %s,Aktiv: %s · %s · %s · %s,Actif : %s · %s · %s · %s
Weapon type incompatible with this class,Weapon type incompatible with this class,Tipo di arma incompatibile con questa classe,Waffentyp mit dieser Klasse nicht kompatibel,Type d'arme incompatible avec cette classe
Adapts to the wearer's canonical weapon type.,Adapts to the wearer's canonical weapon type.,Si adatta al tipo di arma canonico di chi lo indossa.,Passt sich dem kanonischen Waffentyp des Trägers an.,S'adapte au type d'arme canonique du porteur.
Away for %s,Away for %s,Assente per %s,Abwesend für %s,Absent pendant %s
Combat credit used: %s / %s,Combat credit used: %s / %s,Credito di combattimento usato: %s / %s,Genutztes Kampfguthaben: %s / %s,Crédit de combat utilisé : %s / %s
Away time past the 12-hour window was not credited to combat or crafting.,Away time past the 12-hour window was not credited to combat or crafting.,Il tempo di assenza oltre la finestra di 12 ore non è stato riconosciuto né al combattimento né alla creazione.,Abwesenheitszeit über das 12-Stunden-Fenster hinaus wurde weder dem Kampf noch dem Handwerk gutgeschrieben.,Le temps d'absence au-delà de la fenêtre de 12 heures n'a été crédité ni au combat ni à l'artisanat.
%s kills · %s XP · %s deaths · %s items,%s kills · %s XP · %s deaths · %s items,%s uccisioni · %s PE · %s morti · %s oggetti,%s Siege · %s EP · %s Tode · %s Gegenstände,%s victoires · %s XP · %s morts · %s objets
Crafting,Crafting,Creazione,Handwerk,Artisanat
%s jobs finished · %s items crafted,%s jobs finished · %s items crafted,%s lavori completati · %s oggetti creati,%s Aufträge beendet · %s Gegenstände hergestellt,%s travaux terminés · %s objets fabriqués
Get Premium now,Get Premium now,Ottieni Premium ora,Jetzt Premium holen,Obtenir Premium maintenant
Overview,Overview,Panoramica,Übersicht,Aperçu
Guide,Guide,Guida,Anleitung,Guide
TODAY'S DESCENT,TODAY'S DESCENT,LA DISCESA DI OGGI,DER ABSTIEG VON HEUTE,LA DESCENTE DU JOUR
"Deepest reached: %s
Secured Anchor: %s
Next push: Depth %s to Anchor %s","Deepest reached: %s
Secured Anchor: %s
Next push: Depth %s to Anchor %s","Profondità massima raggiunta: %s
Ancora consolidata: %s
Prossima avanzata: profondità %s verso l'Ancora %s","Tiefste erreichte Tiefe: %s
Gesicherter Anker: %s
Nächster Vorstoß: Tiefe %s zu Anker %s","Profondeur maximale atteinte : %s
Ancre sécurisée : %s
Prochaine poussée : Profondeur %s vers l'Ancre %s"
Formation: exactly 5 heroes and up to 2 companions,Formation: exactly 5 heroes and up to 2 companions,Formazione: esattamente 5 eroi e fino a 2 famigli,Formation: genau 5 Helden und bis zu 2 Begleiter,Formation : exactement 5 héros et jusqu'à 2 familiers
CURRENT STATUS,CURRENT STATUS,STATO ATTUALE,AKTUELLER STATUS,ÉTAT ACTUEL
Status: %s,Status: %s,Stato: %s,Status: %s,État : %s
Unlock quest: %s,Unlock quest: %s,Missione di sblocco: %s,Freischalt-Quest: %s,Quête de déblocage : %s
Progress: %s · Successful clears: %s,Progress: %s · Successful clears: %s,Progresso: %s · Completamenti riusciti: %s,Fortschritt: %s · Erfolgreiche Abschlüsse: %s,Progression : %s · Victoires réussies : %s
Key rewards: %s,Key rewards: %s,Ricompense chiave: %s,Wichtigste Belohnungen: %s,Récompenses clés : %s
This trial requires exactly %s heroes,This trial requires exactly %s heroes,Questa prova richiede esattamente %s eroi,Diese Prüfung erfordert genau %s Helden,Cette épreuve requiert exactement %s héros
Ready to start,Ready to start,Pronto a partire,Bereit zum Start,Prêt à commencer
"[b]Defeat permanent bosses with a large formation[/b]

Each raid unlocks through its story quest, then grants one free entry per UTC day. The Overview tab shows the raid's current status, entry requirements, key rewards, and your formation; the Guide tab explains its combat mechanic in full.

[b]Formation[/b]
Arrange up to the listed number of heroes plus one companion. The formation is kept while you switch tabs, and saved presets restore it instantly. The readiness line under the formation explains anything that still blocks the start.

[b]Rewards[/b]
Raid bosses drop rune pieces, boss materials, and exclusive accessories, and raid gear builds three-piece set bonuses. Abandoning a daily raid consumes the entry; collected rewards wait in the raid view until claimed.","[b]Defeat permanent bosses with a large formation[/b]

Each raid unlocks through its story quest, then grants one free entry per UTC day. The Overview tab shows the raid's current status, entry requirements, key rewards, and your formation; the Guide tab explains its combat mechanic in full.

[b]Formation[/b]
Arrange up to the listed number of heroes plus one companion. The formation is kept while you switch tabs, and saved presets restore it instantly. The readiness line under the formation explains anything that still blocks the start.

[b]Rewards[/b]
Raid bosses drop rune pieces, boss materials, and exclusive accessories, and raid gear builds three-piece set bonuses. Abandoning a daily raid consumes the entry; collected rewards wait in the raid view until claimed.","[b]Sconfiggi boss permanenti con una grande formazione[/b]

Ogni raid si sblocca con la sua missione della storia, poi concede un ingresso gratuito per giorno UTC. La scheda Panoramica mostra lo stato attuale del raid, i requisiti d'ingresso, le ricompense chiave e la tua formazione; la scheda Guida spiega a fondo la sua meccanica di combattimento.

[b]Formazione[/b]
Schiera fino al numero indicato di eroi più un famiglio. La formazione viene mantenuta mentre cambi scheda e i preset salvati la ripristinano all'istante. La riga di prontezza sotto la formazione spiega cosa blocca ancora l'avvio.

[b]Ricompense[/b]
I boss dei raid lasciano frammenti di runa, materiali del boss e accessori esclusivi, e l'equipaggiamento raid attiva bonus di set da tre pezzi. Abbandonare un raid giornaliero consuma l'ingresso; le ricompense raccolte attendono nella schermata del raid finché non vengono riscattate.","[b]Besiege dauerhafte Bosse mit einer großen Formation[/b]

Jeder Raid wird über seine Story-Quest freigeschaltet und gewährt danach einen kostenlosen Eintritt pro UTC-Tag. Der Reiter Übersicht zeigt den aktuellen Status des Raids, die Eintrittsvoraussetzungen, die wichtigsten Belohnungen und deine Formation; der Reiter Guide erklärt seine Kampfmechanik vollständig.

[b]Formation[/b]
Stelle bis zur angegebenen Anzahl an Helden plus einen Begleiter auf. Die Formation bleibt beim Wechseln der Reiter erhalten, und gespeicherte Voreinstellungen stellen sie sofort wieder her. Die Bereitschaftszeile unter der Formation erklärt, was den Start noch blockiert.

[b]Belohnungen[/b]
Raid-Bosse lassen Runenfragmente, Boss-Materialien und exklusive Accessoires fallen, und Raid-Ausrüstung bildet Set-Boni aus drei Teilen. Wer einen täglichen Raid abbricht, verbraucht den Eintritt; gesammelte Belohnungen warten in der Raid-Ansicht, bis sie abgeholt werden.","[b]Vaincs des boss permanents avec une grande formation[/b]

Chaque raid se débloque via sa quête d'histoire, puis accorde une entrée gratuite par jour UTC. L'onglet Aperçu affiche l'état actuel du raid, les conditions d'entrée, les récompenses clés et ta formation ; l'onglet Guide détaille entièrement sa mécanique de combat.

[b]Formation[/b]
Place jusqu'au nombre de héros indiqué, plus un familier. La formation est conservée lorsque tu changes d'onglet, et les préréglages enregistrés la restaurent instantanément. La ligne de préparation sous la formation explique ce qui empêche encore le départ.

[b]Récompenses[/b]
Les boss de raid laissent tomber des fragments de rune, des matériaux de boss et des accessoires exclusifs, et l'équipement de raid forme des bonus de set en trois pièces. Abandonner un raid quotidien consomme l'entrée ; les récompenses collectées attendent dans l'écran du raid jusqu'à leur réclamation."
"[b]Descend beyond the crown once per day[/b]

Echo Descent opens after the Tower unlock floor. Exactly five heroes and up to two companions descend through four depths and one Guardian. The Overview tab shows today's descent state, laws, and your formation; the Guide tab explains the full rules.

[b]Anchors and Resonance[/b]
Only the first reward-eligible Guardian clear each UTC day secures the next Anchor and grants Resonance to the five heroes in that formation. Later same-day clears are practice for Bond XP. Failure or abandon always returns the party to its secured Anchor.

[b]Daily laws[/b]
Enemy laws rotate at 00:00 UTC and a started stratum keeps its starting laws. Echo monsters grant no ordinary item drops.","[b]Descend beyond the crown once per day[/b]

Echo Descent opens after the Tower unlock floor. Exactly five heroes and up to two companions descend through four depths and one Guardian. The Overview tab shows today's descent state, laws, and your formation; the Guide tab explains the full rules.

[b]Anchors and Resonance[/b]
Only the first reward-eligible Guardian clear each UTC day secures the next Anchor and grants Resonance to the five heroes in that formation. Later same-day clears are practice for Bond XP. Failure or abandon always returns the party to its secured Anchor.

[b]Daily laws[/b]
Enemy laws rotate at 00:00 UTC and a started stratum keeps its starting laws. Echo monsters grant no ordinary item drops.","[b]Scendi oltre la corona una volta al giorno[/b]

La Discesa dell'Eco si apre dopo il piano di sblocco della Torre. Esattamente cinque eroi e fino a due famigli attraversano quattro profondità e un Guardiano. La scheda Panoramica mostra lo stato della discesa di oggi, le leggi e la tua formazione; la scheda Guida spiega tutte le regole.

[b]Ancore e Risonanza[/b]
Solo la prima vittoria idonea contro il Guardiano di ogni giorno UTC consolida l'Ancora successiva e concede Risonanza ai cinque eroi di quella formazione. Le vittorie successive dello stesso giorno sono prove per PE Legame. Una sconfitta o un abbandono riporta sempre il gruppo all'Ancora consolidata.

[b]Leggi giornaliere[/b]
Le leggi nemiche ruotano alle 00:00 UTC e uno strato iniziato mantiene le sue leggi iniziali. I mostri dell'Eco non concedono bottino ordinario.","[b]Steige einmal pro Tag über die Krone hinaus hinab[/b]

Der Echo-Abstieg öffnet sich nach der Freischaltebene des Turms. Genau fünf Helden und bis zu zwei Begleiter steigen durch vier Tiefen und einen Wächter hinab. Der Reiter Übersicht zeigt den heutigen Abstiegsstand, die Gesetze und deine Formation; der Reiter Guide erklärt alle Regeln.

[b]Anker und Resonanz[/b]
Nur der erste belohnungsberechtigte Wächtersieg an jedem UTC-Tag sichert den nächsten Anker und gewährt den fünf Helden dieser Formation Resonanz. Spätere Siege am selben Tag sind Übung für Bindungs-EP. Bei Niederlage oder Abbruch kehrt die Gruppe stets zu ihrem gesicherten Anker zurück.

[b]Tägliche Gesetze[/b]
Die Gesetze der Gegner wechseln um 00:00 UTC, und eine begonnene Schicht behält ihre Anfangsgesetze. Echo-Monster gewähren keine gewöhnliche Gegenstandsbeute.","[b]Descends au-delà de la couronne une fois par jour[/b]

La Descente d'Écho s'ouvre après l'étage de déblocage de la Tour. Exactement cinq héros et jusqu'à deux familiers descendent à travers quatre profondeurs et un Gardien. L'onglet Aperçu affiche l'état de la descente du jour, les lois et ta formation ; l'onglet Guide explique toutes les règles.

[b]Ancres et Résonance[/b]
Seule la première victoire éligible aux récompenses contre le Gardien de chaque jour UTC sécurise l'Ancre suivante et accorde de la Résonance aux cinq héros de cette formation. Les victoires suivantes du même jour servent d'entraînement pour l'XP de lien. Une défaite ou un abandon ramène toujours le groupe à son Ancre sécurisée.

[b]Lois quotidiennes[/b]
Les lois ennemies changent à 00:00 UTC et une strate commencée conserve ses lois de départ. Les monstres d'Écho n'accordent aucun butin d'objet ordinaire."
"[b]Climb one hundred floors[/b]

Attempt the next uncleared floor with up to twelve heroes and two companions. Every ten floors is a checkpoint boss that grants a permanent hero roster slot and a checkpoint material toward a future final construction project. Failure or abandon keeps your progress, so return after a gear-tier upgrade and climb again.

[b]Auto-Advance[/b]
Open Arrange Tower Formation, then start Auto-Advance below the displayed formation and companions to fight from the next uncleared floor through the next multiple-of-ten checkpoint, inclusive. Every floor still uses the normal fight, reward, and save rules; defeat on any floor stops the batch immediately. Use STOP AFTER THIS FLOOR to end the batch safely without abandoning the floor in progress. A batch also stops on Floor 100 or once it reaches that checkpoint target, and shows one summary of what it cleared.","[b]Climb one hundred floors[/b]

Attempt the next uncleared floor with up to twelve heroes and two companions. Every ten floors is a checkpoint boss that grants a permanent hero roster slot and a checkpoint material toward a future final construction project. Failure or abandon keeps your progress, so return after a gear-tier upgrade and climb again.

[b]Auto-Advance[/b]
Open Arrange Tower Formation, then start Auto-Advance below the displayed formation and companions to fight from the next uncleared floor through the next multiple-of-ten checkpoint, inclusive. Every floor still uses the normal fight, reward, and save rules; defeat on any floor stops the batch immediately. Use STOP AFTER THIS FLOOR to end the batch safely without abandoning the floor in progress. A batch also stops on Floor 100 or once it reaches that checkpoint target, and shows one summary of what it cleared.","[b]Scala cento piani[/b]

Affronta il prossimo piano non superato con fino a dodici eroi e due famigli. Ogni dieci piani c'è un boss di checkpoint che concede un posto eroe permanente e un materiale di checkpoint per un futuro progetto di costruzione finale. La sconfitta o l'abbandono mantengono i progressi, quindi puoi tornare dopo un miglioramento di livello dell'equipaggiamento e scalare ancora.

[b]Avanzamento Automatico[/b]
Apri Organizza organico della Torre, poi avvia l'Avanzamento Automatico sotto l'organico e i famigli mostrati per combattere dal prossimo piano non superato fino al successivo checkpoint multiplo di dieci, incluso. Ogni piano segue comunque le normali regole di combattimento, ricompensa e salvataggio; la sconfitta in un piano qualsiasi interrompe subito il lotto. Usa INTERROMPI DOPO QUESTO PIANO per terminare il lotto in sicurezza senza abbandonare il piano in corso. Un lotto si interrompe anche al Piano 100 o quando raggiunge quell'obiettivo di checkpoint, e mostra un riepilogo di quanto superato.","[b]Erklimme einhundert Ebenen[/b]

Versuche die nächste noch nicht bezwungene Ebene mit bis zu zwölf Helden und zwei Begleitern. Alle zehn Ebenen wartet ein Kontrollpunkt-Boss, der einen dauerhaften Heldenplatz und ein Kontrollpunkt-Material für ein späteres finales Bauprojekt gewährt. Bei Niederlage oder Abbruch bleibt dein Fortschritt erhalten, kehre also nach einem Ausrüstungsgrad-Upgrade zurück und steige erneut auf.

[b]Automatisches Vorrücken[/b]
Öffne „Turmformation anordnen“ und starte dann unter der angezeigten Formation und den Begleitern das Automatische Vorrücken, um von der nächsten offenen Ebene bis einschließlich zum nächsten Zehner-Kontrollpunkt zu kämpfen. Jede Ebene folgt weiterhin den normalen Kampf-, Belohnungs- und Speicherregeln; eine Niederlage auf einer beliebigen Ebene stoppt den Durchlauf sofort. Nutze NACH DIESER EBENE STOPPEN, um den Durchlauf sicher zu beenden, ohne die laufende Ebene abzubrechen. Ein Durchlauf endet außerdem auf Ebene 100 oder sobald er sein Kontrollpunkt-Ziel erreicht, und zeigt eine Zusammenfassung des Geschafften.","[b]Gravis cent étages[/b]

Tente le prochain étage non terminé avec jusqu'à douze héros et deux familiers. Tous les dix étages se dresse un boss de point de contrôle qui accorde un emplacement de héros permanent et un matériau de point de contrôle destiné à un futur projet de construction final. Une défaite ou un abandon conserve ta progression : reviens après une amélioration de palier d'équipement et grimpe de nouveau.

[b]Avancée automatique[/b]
Ouvre l'organisation de la formation de la Tour, puis lance l'Avancée automatique sous la formation et les familiers affichés pour combattre depuis le prochain étage non terminé jusqu'au point de contrôle multiple de dix suivant, inclus. Chaque étage suit toujours les règles normales de combat, de récompense et de sauvegarde ; une défaite à n'importe quel étage arrête immédiatement la série. Utilise ARRÊTER APRÈS CET ÉTAGE pour terminer la série en toute sécurité sans abandonner l'étage en cours. Une série s'arrête également à l'Étage 100 ou dès qu'elle atteint son objectif de point de contrôle, et affiche un récapitulatif de ce qu'elle a terminé."
Milestones,Milestones,Traguardi,Meilensteine,Jalons
Unlocked,Unlocked,Sbloccato,Freigeschaltet,Débloqué
Open in Google Play Games,Open in Google Play Games,Apri in Google Play Games,In Google Play Games öffnen,Ouvrir dans Google Play Games
Every achievement below always works offline and while signed out of Google Play Games.,Every achievement below always works offline and while signed out of Google Play Games.,Tutti gli obiettivi qui sotto funzionano sempre offline e anche da disconnessi da Google Play Games.,Alle Erfolge unten funktionieren immer offline und auch ohne Anmeldung bei Google Play Games.,Tous les succès ci-dessous fonctionnent toujours hors ligne et même sans être connecté à Google Play Games.
Slime Forest Complete,Slime Forest Complete,Foresta degli Slime completata,Slime-Wald abgeschlossen,Forêt des slimes terminée
Complete the Slime Forest and open the road into the Elemental Depths.,Complete the Slime Forest and open the road into the Elemental Depths.,Completa la Foresta degli Slime e apri la strada verso le Profondità Elementali.,Bezwinge den Slime-Wald und öffne den Weg in die Elementartiefen.,Termine la Forêt des slimes et ouvre la route vers les Profondeurs élémentaires.
Elemental Depths Conquered,Elemental Depths Conquered,Profondità Elementali conquistate,Elementartiefen bezwungen,Profondeurs élémentaires conquises
Defeat the Slime King and complete the Elemental Depths.,Defeat the Slime King and complete the Elemental Depths.,Sconfiggi il Re degli Slime e completa le Profondità Elementali.,Besiege den Slime-König und schließe die Elementartiefen ab.,Vaincs le Roi des slimes et termine les Profondeurs élémentaires.
Warden of the Forest Edge,Warden of the Forest Edge,Guardiano del Margine della Foresta,Hüter des Waldrands,Gardien de la Lisière de la Forêt
Defeat the Ironbark Warden and complete the Forest Edge.,Defeat the Ironbark Warden and complete the Forest Edge.,Sconfiggi il Guardiano Scorzaferrea e completa il Margine della Foresta.,Besiege den Eisenrinden-Wächter und schließe den Waldrand ab.,Vaincs le Gardien d'écorce de fer et termine la Lisière de la forêt.
Rootmind Broken,Rootmind Broken,Menteradice infranta,Wurzelgeist gebrochen,Esprit-racine brisé
Defeat the Ferrum Rootmind and complete the Ironroot Warrens.,Defeat the Ferrum Rootmind and complete the Ironroot Warrens.,Sconfiggi la Menteradice Ferrum e completa i Cunicoli di Radiceferrea.,Besiege den Ferrum-Wurzelgeist und schließe die Eisenwurzel-Gänge ab.,Vaincs l'Esprit-racine Ferrum et termine les Terriers de la racine de fer.
The Toll Is Paid,The Toll Is Paid,Il pedaggio è pagato,Der Zoll ist entrichtet,Le péage est payé
Defeat the Drowned Tollkeeper and complete the Sunken Causeway.,Defeat the Drowned Tollkeeper and complete the Sunken Causeway.,Sconfiggi il Gabelliere Annegato e completa la Strada Sommersa.,Besiege den Ertrunkenen Zöllner und schließe den Versunkenen Damm ab.,Vaincs le Péager noyé et termine la Chaussée engloutie.
Keeper of the Lantern,Keeper of the Lantern,Custode della Lanterna,Hüter der Laterne,Gardien de la lanterne
Defeat the Lantern-Eater and complete the Lantern Vault.,Defeat the Lantern-Eater and complete the Lantern Vault.,Sconfiggi il Divoralanterne e completa la Cripta della Lanterna.,Besiege den Laternenfresser und schließe die Laternengruft ab.,Vaincs le Dévoreur de lanternes et termine la Crypte de la lanterne.
Ashes of the Abbot,Ashes of the Abbot,Le ceneri dell'Abate,Asche des Abtes,Cendres de l'Abbé
Defeat the Ash Abbot and complete the Ashen Monastery.,Defeat the Ash Abbot and complete the Ashen Monastery.,Sconfiggi l'Abate delle Ceneri e completa il Monastero delle Ceneri.,Besiege den Aschenabt und schließe das Aschenkloster ab.,Vaincs l'Abbé de cendres et termine le Monastère cendré.
Stars Shattered,Stars Shattered,Stelle infrante,Sterne zersplittert,Étoiles brisées
Defeat the Glasswing Astromancer and complete the Shattered Observatory.,Defeat the Glasswing Astromancer and complete the Shattered Observatory.,Sconfiggi l'Astromante Alacristallo e completa l'Osservatorio Infranto.,Besiege den Glasflügel-Astromanten und schließe das Zerschmetterte Observatorium ab.,Vaincs l'Astromancien aile-de-verre et termine l'Observatoire brisé.
Chimera Tamer,Chimera Tamer,Domatore di chimere,Chimärenbändiger,Dompteur de chimères
Defeat the Chimera Matron and complete the Umbral Menagerie.,Defeat the Chimera Matron and complete the Umbral Menagerie.,Sconfiggi la Matrona Chimera e completa il Serraglio Umbratile.,Besiege die Chimärenmatrone und schließe die Schattenmenagerie ab.,Vaincs la Matrone des chimères et termine la Ménagerie Ombreuse.
The Crownless Fall,The Crownless Fall,La caduta del senza corona,Der Fall des Kronlosen,La chute du sans-couronne
Defeat the Crownless Regent and complete the Crownless Citadel.,Defeat the Crownless Regent and complete the Crownless Citadel.,Sconfiggi il Reggente Senza Corona e completa la Cittadella Senza Corona.,Besiege den Kronlosen Regenten und schließe die Kronlose Zitadelle ab.,Vaincs le Régent sans couronne et termine la Citadelle sans couronne.
Heart of the Worldroot,Heart of the Worldroot,Il cuore della Radice del Mondo,Herz der Weltwurzel,Cœur de la Racine du Monde
Defeat the Heart's Custodian and complete the Worldroot Heart.,Defeat the Heart's Custodian and complete the Worldroot Heart.,Sconfiggi il Custode del Cuore e completa il Cuore della Radice del Mondo.,Besiege den Hüter des Herzens und schließe das Weltwurzelherz ab.,Vaincs le Custode du Cœur et termine le Cœur de la racine du monde.
Eclipse Ended,Eclipse Ended,Eclissi conclusa,Finsternis beendet,Éclipse terminée
Defeat the Hollow Star and complete the Eclipse Throne.,Defeat the Hollow Star and complete the Eclipse Throne.,Sconfiggi la Stella Vuota e completa il Trono dell'Eclissi.,Besiege den Hohlen Stern und schließe den Finsternisthron ab.,Vaincs l'Étoile creuse et termine le Trône de l'éclipse.
The Grove Stands Still,The Grove Stands Still,Il boschetto si ferma,Der Hain steht still,Le bosquet s'immobilise
Defeat Orrun the Walking Grove in March of the Rootbound.,Defeat Orrun the Walking Grove in March of the Rootbound.,"Sconfiggi Orrun, il Boschetto Errante, nella Marcia dei Radicati.","Besiege Orrun, den Wandelnden Hain, im Marsch der Wurzelgebundenen.","Vaincs Orrun, le Bosquet marchant, dans la Marche des Enracinés."
Silence the Drowned Bell,Silence the Drowned Bell,Zittisci la Campana Annegata,Bringe die Ertrunkene Glocke zum Schweigen,Faire taire la Cloche noyée
Defeat Nhalassa Bell Beneath the Tide in the Lightless Armada.,Defeat Nhalassa Bell Beneath the Tide in the Lightless Armada.,"Sconfiggi Nhalassa, Campana Sotto la Marea, nell'Armata Senza Luce.","Besiege Nhalassa, die Glocke unter der Flut, in der Lichtlosen Armada.","Vaincs Nhalassa, la Cloche sous la marée, dans l'Armada sans lumière."
Star-Eater Hunted,Star-Eater Hunted,Caccia alla Divorastelle,Sternenfresser erlegt,Dévoreur d'étoiles traqué
Defeat Veyra the Star-Eating Chimera in the Hunt of the Broken Sky.,Defeat Veyra the Star-Eating Chimera in the Hunt of the Broken Sky.,"Sconfiggi Veyra, la Chimera Divorastelle, nella Caccia del Cielo Infranto.","Besiege Veyra, die Sternenfressende Chimäre, in der Jagd des Zerbrochenen Himmels.","Vaincs Veyra, la Chimère dévoreuse d'étoiles, dans la Chasse du Ciel brisé."
Dawn Beyond the Last Road,Dawn Beyond the Last Road,L'alba oltre l'Ultima Via,Morgen jenseits des Letzten Weges,L'aube au-delà de la Dernière Route
Defeat Aster Null Eclipse Incarnate on the permanent Last Road raid.,Defeat Aster Null Eclipse Incarnate on the permanent Last Road raid.,"Sconfiggi Aster Null, Incarnazione dell'Eclissi, nel raid permanente dell'Ultima Via.","Besiege Aster Null, die verkörperte Finsternis, im permanenten Raid Der Letzte Weg.","Vaincs Aster Null, l'Éclipse incarnée, dans le raid permanent de la Dernière Route."
Foundations Shaken,Foundations Shaken,Fondamenta scosse,Fundamente erschüttert,Fondations ébranlées
"Defeat Basalt Oathkeeper on Floor 10, clear The Foundations, and earn +1 permanent hero slot.","Defeat Basalt Oathkeeper on Floor 10, clear The Foundations, and earn +1 permanent hero slot.","Sconfiggi il Custode del Giuramento di Basalto al Piano 10, supera Le Fondamenta e ottieni +1 posto eroe permanente.","Besiege den Basalt-Eidhüter auf Ebene 10, schließe Die Fundamente ab und erhalte +1 permanenten Heldenplatz.","Vaincs le Gardien du serment de basalte à l'Étage 10, termine Les Fondations et gagne +1 emplacement de héros permanent."
Above the Flood,Above the Flood,Sopra l'inondazione,Über der Flut,Au-dessus du déluge
"Defeat Bellwarden of the Drowned Step on Floor 20, clear The Flooded Stair, and earn +1 permanent hero slot.","Defeat Bellwarden of the Drowned Step on Floor 20, clear The Flooded Stair, and earn +1 permanent hero slot.","Sconfiggi il Custode della Campana del Gradino Sommerso al Piano 20, supera La Scala Allagata e ottieni +1 posto eroe permanente.","Besiege den Glockenwächter der Ertrunkenen Stufe auf Ebene 20, schließe Die Überflutete Treppe ab und erhalte +1 permanenten Heldenplatz.","Vaincs le Gardien de la Cloche de la Marche Noyée à l'Étage 20, termine L'Escalier inondé et gagne +1 emplacement de héros permanent."
Iron Boughs Broken,Iron Boughs Broken,Rami di ferro spezzati,Eisenäste zerbrochen,Branches de fer brisées
"Defeat Ferric Canopy Sovereign on Floor 30, clear The Iron Boughs, and earn +1 permanent hero slot.","Defeat Ferric Canopy Sovereign on Floor 30, clear The Iron Boughs, and earn +1 permanent hero slot.","Sconfiggi il Sovrano della Chioma Ferrica al Piano 30, supera I Rami di Ferro e ottieni +1 posto eroe permanente.","Besiege den Eisernen Blätterdach-Souverän auf Ebene 30, schließe Die Eisenäste ab und erhalte +1 permanenten Heldenplatz.","Vaincs le Souverain de la canopée ferrique à l'Étage 30, termine Les Rameaux de Fer et gagne +1 emplacement de héros permanent."
Lanterns Within Reach,Lanterns Within Reach,Lanterne a portata di mano,Laternen in Reichweite,Lanternes à portée de main
"Defeat Wickbound Pilgrim on Floor 40, clear The Lantern Reach, and earn +1 permanent hero slot.","Defeat Wickbound Pilgrim on Floor 40, clear The Lantern Reach, and earn +1 permanent hero slot.","Sconfiggi il Pellegrino Vincolato allo Stoppino al Piano 40, supera La Distesa delle Lanterne e ottieni +1 posto eroe permanente.","Besiege den Dochtgebundenen Pilger auf Ebene 40, schließe Die Laternenweite ab und erhalte +1 permanenten Heldenplatz.","Vaincs le Pèlerin lié à la mèche à l'Étage 40, termine L'Étendue des lanternes et gagne +1 emplacement de héros permanent."
Ashen Vault Opened,Ashen Vault Opened,Cripta cinerea aperta,Aschengruft geöffnet,Crypte cendrée ouverte
"Defeat Cinder Reliquary on Floor 50, clear The Ashen Vault, and earn +1 permanent hero slot.","Defeat Cinder Reliquary on Floor 50, clear The Ashen Vault, and earn +1 permanent hero slot.","Sconfiggi il Reliquiario di Brace al Piano 50, supera La Cripta Cinerea e ottieni +1 posto eroe permanente.","Besiege das Glutreliquiar auf Ebene 50, schließe Die Aschengruft ab und erhalte +1 permanenten Heldenplatz.","Vaincs le Reliquaire de braise à l'Étage 50, termine La Crypte cendrée et gagne +1 emplacement de héros permanent."
Stars Underfoot,Stars Underfoot,Stelle sotto i piedi,Sterne unter den Füßen,Étoiles sous les pieds
"Defeat Orrery Curator on Floor 60, clear The Star Gallery, and earn +1 permanent hero slot.","Defeat Orrery Curator on Floor 60, clear The Star Gallery, and earn +1 permanent hero slot.","Sconfiggi il Curatore del Planetario al Piano 60, supera La Galleria Stellare e ottieni +1 posto eroe permanente.","Besiege den Planetariumskurator auf Ebene 60, schließe Die Sternengalerie ab und erhalte +1 permanenten Heldenplatz.","Vaincs le Conservateur du planétaire à l'Étage 60, termine La Galerie des étoiles et gagne +1 emplacement de héros permanent."
Past the Chimera,Past the Chimera,Oltre la chimera,Vorbei an der Chimäre,Au-delà de la chimère
"Defeat Manymade Matriarch on Floor 70, earn +1 permanent hero slot, and unlock Echo Descent.","Defeat Manymade Matriarch on Floor 70, earn +1 permanent hero slot, and unlock Echo Descent.","Sconfiggi la Matriarca dalle Molte Forme al Piano 70, ottieni +1 posto eroe permanente e sblocca la Discesa dell'Eco.","Besiege die Vielgestaltige Matriarchin auf Ebene 70, erhalte +1 permanenten Heldenplatz und schalte den Echo-Abstieg frei.","Vaincs la Matriarche aux mille formes à l'Étage 70, gagne +1 emplacement de héros permanent et débloque la Descente d'Écho."
A Spire Uncrowned,A Spire Uncrowned,Una guglia senza corona,Eine kronlose Spitze,Une flèche sans couronne
"Defeat Empty Castellan on Floor 80, clear The Crownless Spire, and earn +1 permanent hero slot.","Defeat Empty Castellan on Floor 80, clear The Crownless Spire, and earn +1 permanent hero slot.","Sconfiggi il Castellano Vacuo al Piano 80, supera La Guglia Senza Corona e ottieni +1 posto eroe permanente.","Besiege den Leeren Kastellan auf Ebene 80, schließe Die Kronlose Turmspitze ab und erhalte +1 permanenten Heldenplatz.","Vaincs le Castellan vide à l'Étage 80, termine La Flèche sans couronne et gagne +1 emplacement de héros permanent."
Worldroot Crowned,Worldroot Crowned,La Radice del Mondo incoronata,Weltwurzel gekrönt,La Racine du Monde couronnée
"Defeat Heartbloom Colossus on Floor 90, clear The Worldroot Crown, and earn +1 permanent hero slot.","Defeat Heartbloom Colossus on Floor 90, clear The Worldroot Crown, and earn +1 permanent hero slot.","Sconfiggi il Colosso della Fioritura del Cuore al Piano 90, supera La Corona della Radice del Mondo e ottieni +1 posto eroe permanente.","Besiege den Herzblüten-Koloss auf Ebene 90, schließe Die Weltwurzelkrone ab und erhalte +1 permanenten Heldenplatz.","Vaincs le Colosse de la floraison du cœur à l'Étage 90, termine La Couronne de la racine du monde et gagne +1 emplacement de héros permanent."
At the Zenith,At the Zenith,Allo zenit,Am Zenit,Au zénith
"Defeat The Crown That Waits on Floor 100, conquer The Zenith, and earn +1 permanent hero slot.","Defeat The Crown That Waits on Floor 100, conquer The Zenith, and earn +1 permanent hero slot.","Sconfiggi La Corona che Attende al Piano 100, conquista Lo Zenit e ottieni +1 posto eroe permanente.","Besiege Die Wartende Krone auf Ebene 100, erobere Den Zenit und erhalte +1 permanenten Heldenplatz.","Vaincs La Couronne qui attend à l'Étage 100, conquiers Le Zénith et gagne +1 emplacement de héros permanent."
A Path Chosen,A Path Chosen,Un cammino scelto,Ein gewählter Pfad,Une voie choisie
Promote a hero from a base class to a specialized class.,Promote a hero from a base class to a specialized class.,Promuovi un eroe da una classe base a una classe specializzata.,Befördere einen Helden von einer Basisklasse zu einer spezialisierten Klasse.,Promeus un héros d'une classe de base vers une classe spécialisée.
Among the Elite,Among the Elite,Tra l'élite,Unter der Elite,Parmi l'élite
Promote a specialized hero to an elite class.,Promote a specialized hero to an elite class.,Promuovi un eroe specializzato a una classe elite.,Befördere einen spezialisierten Helden zu einer Eliteklasse.,Promeus un héros spécialisé vers une classe d'élite.
Ascendant,Ascendant,Ascendente,Aufstiegs,Ascendante
Choose an Ascension path for the first time.,Choose an Ascension path for the first time.,Scegli per la prima volta un percorso di Ascensione.,Wähle zum ersten Mal einen Aufstiegspfad.,Choisis une voie d'ascension pour la première fois.
Raidforged,Raidforged,Forgiato nei raid,Raidgeschmiedet,Forgé en raid
Complete the crafting of your first raid weapon.,Complete the crafting of your first raid weapon.,Completa la creazione della tua prima arma da raid.,Schließe die Herstellung deiner ersten Raid-Waffe ab.,Termine la fabrication de ta première arme de raid.
Greater Than the Sum,Greater Than the Sum,Più della somma delle parti,Mehr als die Summe,Plus que la somme
Equip a matching raid weapon and unique raid accessory to activate a set bonus.,Equip a matching raid weapon and unique raid accessory to activate a set bonus.,Equipaggia un'arma da raid e un accessorio da raid unico corrispondenti per attivare un bonus di set.,"Rüste eine passende Raid-Waffe und ein einzigartiges Raid-Accessoire aus, um einen Set-Bonus zu aktivieren.",Équipe une arme de raid et un accessoire de raid unique correspondants pour activer un bonus de set.
A New Companion,A New Companion,Un nuovo compagno,Ein neuer Begleiter,Un nouveau compagnon
Hatch your first pet.,Hatch your first pet.,Fai schiudere il tuo primo famiglio.,Lass deinen ersten Begleiter schlüpfen.,Fais éclore ton premier familier.
Tavern Perfected,Tavern Perfected,Taverna perfezionata,Taverne perfektioniert,Taverne perfectionnée
Max the permanent Tavern Capacity Refresh Speed and Offer Count upgrade tracks.,Max the permanent Tavern Capacity Refresh Speed and Offer Count upgrade tracks.,"Massimizza i percorsi di potenziamento permanenti di Capacità, Velocità di rinnovo e Numero di offerte della Taverna.","Maximiere die dauerhaften Verbesserungspfade der Taverne für Kapazität, Auffrischungstempo und Angebotsanzahl.","Maximise les voies d'amélioration permanentes de la Taverne : capacité, vitesse de renouvellement et nombre d'offres."
Workshop Perfected,Workshop Perfected,Laboratorio perfezionato,Werkstatt vollendet,Atelier perfectionné
Max the permanent Workshop Capacity and Speed upgrade tracks.,Max the permanent Workshop Capacity and Speed upgrade tracks.,Massimizza i percorsi di potenziamento permanenti di Capacità e Velocità del Laboratorio.,Maximiere die dauerhaften Verbesserungspfade der Werkstatt für Kapazität und Tempo.,Maximise les voies d'amélioration permanentes de l'Atelier : capacité et vitesse.
Fully Attuned,Fully Attuned,Pienamente sintonizzato,Vollständig eingestimmt,Pleinement accordé
Raise any hero to the maximum Echo Resonance rank.,Raise any hero to the maximum Echo Resonance rank.,Porta un eroe qualsiasi al grado massimo di Risonanza dell'Eco.,Bringe einen beliebigen Helden auf den maximalen Rang der Echo-Resonanz.,Amène n'importe quel héros au rang maximal de Résonance d'Écho.
Every Path Mastered,Every Path Mastered,Ogni cammino padroneggiato,Jeder Pfad gemeistert,Toutes les voies maîtrisées
Hold one hero of every elite class in your roster at the same time.,Hold one hero of every elite class in your roster at the same time.,Possiedi contemporaneamente un eroe di ogni classe élite.,Halte gleichzeitig je einen Helden jeder Eliteklasse in deinem Kader.,Possède simultanément un héros de chaque classe d'élite dans ton effectif.
Fortune Forged,Fortune Forged,Fortuna forgiata,Glück geschmiedet,Fortune forgée
"Earn 10,000,000 Coins from rewards and item sales.","Earn 10,000,000 Coins from rewards and item sales.",Guadagna 10.000.000 di Monete da ricompense e vendita di oggetti.,Verdiene 10.000.000 Münzen durch Belohnungen und Gegenstandsverkäufe.,Gagne 10 000 000 de Pièces grâce aux récompenses et à la vente d'objets.
Bane of Ten Thousand,Bane of Ten Thousand,Flagello di diecimila,Fluch der Zehntausend,Fléau des dix mille
"Defeat 10,000 monsters across Dungeons, Raids, the Tower, and Echo Descent.","Defeat 10,000 monsters across Dungeons, Raids, the Tower, and Echo Descent.","Sconfiggi 10.000 mostri tra Dungeon, Raid, la Torre e la Discesa dell'Eco.","Besiege 10.000 Monster in Verliesen, Raids, dem Turm und dem Echo-Abstieg.","Vaincs 10 000 monstres dans les Donjons, les Raids, la Tour et la Descente d'Écho."
Veteran Delver,Veteran Delver,Esploratore veterano,Tiefen-Veteran,Vétéran des profondeurs
Complete 100 dungeon cycles by clearing Slime Forest or defeating an objective boss.,Complete 100 dungeon cycles by clearing Slime Forest or defeating an objective boss.,Completa 100 cicli di dungeon superando la Foresta degli Slime o sconfiggendo un boss obiettivo.,"Schließe 100 Verlieszyklen ab, indem du den Slime-Wald bezwingst oder einen Zielboss besiegst.",Termine 100 cycles de donjon en achevant la Forêt des slimes ou en vainquant un boss d'objectif.
Veteran Raider,Veteran Raider,Incursore veterano,Raid-Veteran,Vétéran des raids
Win 100 permanent Raid runs. Last Road runway trials do not count.,Win 100 permanent Raid runs. Last Road runway trials do not count.,Vinci 100 raid permanenti. Le prove del percorso dell'Ultima Via non contano.,Gewinne 100 permanente Raid-Durchläufe. Die Anlaufprüfungen des Letzten Wegs zählen nicht.,Remporte 100 raids permanents. Les épreuves du parcours de la Dernière Route ne comptent pas.
Master Artisan,Master Artisan,Maestro artigiano,Meisterhandwerker,Maître artisan
Complete the crafting of 500 item outputs. Queued and cancelled jobs do not count.,Complete the crafting of 500 item outputs. Queued and cancelled jobs do not count.,Completa la creazione di 500 oggetti. I lavori in coda o annullati non contano.,Schließe die Herstellung von 500 Gegenständen ab. Eingereihte und abgebrochene Aufträge zählen nicht.,Termine la fabrication de 500 objets. Les travaux en file et annulés ne comptent pas.
Echo Unbound,Echo Unbound,Eco senza vincoli,Echo entfesselt,Écho délié
Gain 200 lifetime Echo Resonance ranks across your roster.,Gain 200 lifetime Echo Resonance ranks across your roster.,Ottieni 200 gradi di Risonanza dell'Eco a vita fra tutti i tuoi eroi.,Erlange insgesamt 200 Ränge Echo-Resonanz in deinem Kader.,Cumule 200 rangs de Résonance d'Écho sur l'ensemble de ton effectif.
CHECKPOINT MATERIALS,CHECKPOINT MATERIALS,MATERIALI DI CHECKPOINT,KONTROLLPUNKT-MATERIALIEN,MATÉRIAUX DE POINT DE CONTRÔLE
Every tenth floor (10-100) grants one checkpoint material (%s) on first clear - %s / 10 collected. These are saved toward a future final construction project once every checkpoint is cleared.,Every tenth floor (10-100) grants one checkpoint material (%s) on first clear - %s / 10 collected. These are saved toward a future final construction project once every checkpoint is cleared.,"Ogni decimo piano (10-100) concede un materiale di checkpoint (%s) al primo superamento - %s / 10 raccolti. Sono conservati per un futuro progetto di costruzione finale, una volta completati tutti i checkpoint.","Jede zehnte Ebene (10-100) gewährt beim ersten Abschluss ein Kontrollpunkt-Material (%s) - %s / 10 gesammelt. Diese werden für ein künftiges finales Bauprojekt aufbewahrt, sobald jeder Kontrollpunkt abgeschlossen ist.","Chaque dixième étage (10-100) accorde un matériau de point de contrôle (%s) à la première victoire - %s / 10 collectés. Ils sont conservés pour un futur projet de construction final, une fois tous les points de contrôle franchis."
Checkpoints: %s,Checkpoints: %s,Checkpoint: %s,Kontrollpunkte: %s,Points de contrôle : %s
%s / 10 checkpoint materials collected (%s) - saved for a future final construction project.,%s / 10 checkpoint materials collected (%s) - saved for a future final construction project.,%s / 10 materiali di checkpoint raccolti (%s) - conservati per un futuro progetto di costruzione finale.,%s / 10 Kontrollpunkt-Materialien gesammelt (%s) - für ein künftiges finales Bauprojekt aufbewahrt.,%s / 10 matériaux de point de contrôle récoltés (%s) - conservés pour un futur projet de construction final.
Tower Mist,Tower Mist,Nebbia della Torre,Turmnebel,Brume de la Tour
"Tower floors 71 and up add their own banded Mist on top of the difficulty curve, growing band by band toward the apex alongside the intended Echo Resonance rank for that floor. It works exactly like dungeon Mist: it directly adds enemy Evade, shown in the floor preview before you attempt it and through the same Mist badge and tooltip once the fight begins. Mist Reduction and Mist Damage counter it the same way they do in dungeons.","Tower floors 71 and up add their own banded Mist on top of the difficulty curve, growing band by band toward the apex alongside the intended Echo Resonance rank for that floor. It works exactly like dungeon Mist: it directly adds enemy Evade, shown in the floor preview before you attempt it and through the same Mist badge and tooltip once the fight begins. Mist Reduction and Mist Damage counter it the same way they do in dungeons.","I piani della Torre dal 71 in su aggiungono una propria Nebbia a bande sopra la curva di difficoltà, che cresce banda dopo banda verso l'apice insieme al grado di Risonanza dell'Eco previsto per quel piano. Funziona esattamente come la Nebbia dei dungeon: aggiunge direttamente Schivata ai nemici, mostrata nell'anteprima del piano prima del tentativo e tramite lo stesso indicatore e tooltip della Nebbia una volta iniziato lo scontro. Riduzione nebbia e Danno da nebbia la contrastano allo stesso modo dei dungeon.","Turmebenen ab 71 fügen der Schwierigkeitskurve einen eigenen, in Bänder unterteilten Nebel hinzu, der Band für Band bis zur Spitze anwächst — zusammen mit dem für diese Ebene vorgesehenen Echo-Resonanz-Rang. Er funktioniert genau wie der Nebel im Verlies: Er erhöht direkt das Ausweichen der Gegner, wird vor dem Versuch in der Ebenenvorschau angezeigt und nach Kampfbeginn über dieselbe Nebel-Markierung und denselben Tooltip. Nebelminderung und Nebelschaden wirken ihm genauso entgegen wie in Verliesen.","Les étages 71 et plus de la Tour ajoutent leur propre Brume par bandes en plus de la courbe de difficulté, croissant bande après bande jusqu'au sommet, en parallèle du rang de Résonance d'Écho prévu pour cet étage. Elle fonctionne exactement comme la Brume des donjons : elle ajoute directement de l'Esquive aux ennemis, indiquée dans l'aperçu de l'étage avant la tentative et via le même badge et la même infobulle de Brume une fois le combat lancé. La Réduction de brume et les Dégâts de brume la contrent de la même manière que dans les donjons."
Save Update Required,Save Update Required,Aggiornamento del salvataggio richiesto,Speicherstand-Update erforderlich,Mise à jour de la sauvegarde requise
"This save was created by a newer version of the game (save version %d; this build supports up to %d). Your save files were left unchanged, and saving and cloud restore are paused to protect your progress. Update the game, then reopen it. Do not uninstall the game or clear its data.","This save was created by a newer version of the game (save version %d; this build supports up to %d). Your save files were left unchanged, and saving and cloud restore are paused to protect your progress. Update the game, then reopen it. Do not uninstall the game or clear its data.","Questo salvataggio è stato creato da una versione più recente del gioco (versione salvataggio %d; questa build supporta fino alla %d). I file di salvataggio non sono stati modificati e il salvataggio e il ripristino dal cloud sono sospesi per proteggere i tuoi progressi. Aggiorna il gioco, quindi riaprilo. Non disinstallare il gioco e non cancellarne i dati.","Dieser Speicherstand wurde von einer neueren Spielversion erstellt (Speicherstand-Version %d; dieser Build unterstützt bis zu %d). Deine Speicherdateien wurden nicht verändert, und Speichern sowie Cloud-Wiederherstellung sind pausiert, um deinen Fortschritt zu schützen. Aktualisiere das Spiel und öffne es dann erneut. Deinstalliere das Spiel nicht und lösche seine Daten nicht.","Cette sauvegarde a été créée par une version plus récente du jeu (version de sauvegarde %d ; cette version prend en charge jusqu'à %d). Tes fichiers de sauvegarde n'ont pas été modifiés, et l'enregistrement ainsi que la restauration cloud sont suspendus pour protéger ta progression. Mets le jeu à jour, puis rouvre-le. Ne désinstalle pas le jeu et n'efface pas ses données."
Save Version Unsupported,Save Version Unsupported,Versione del salvataggio non supportata,Speicherstandversion nicht unterstützt,Version de sauvegarde non prise en charge
"This save uses an older format that this build cannot safely migrate (save version %d; supported versions are %d-%d). Your save files were left unchanged, and saving and cloud restore are paused to protect your progress. Contact support before reinstalling or clearing app data.","This save uses an older format that this build cannot safely migrate (save version %d; supported versions are %d-%d). Your save files were left unchanged, and saving and cloud restore are paused to protect your progress. Contact support before reinstalling or clearing app data.",Questo salvataggio usa un formato precedente che questa build non può migrare in sicurezza (versione salvataggio %d; versioni supportate %d-%d). I file di salvataggio non sono stati modificati e il salvataggio e il ripristino dal cloud sono sospesi per proteggere i tuoi progressi. Contatta l'assistenza prima di reinstallare o cancellare i dati dell'app.,"Dieser Speicherstand nutzt ein älteres Format, das dieser Build nicht sicher migrieren kann (Speicherstand-Version %d; unterstützt werden die Versionen %d-%d). Deine Speicherdateien wurden nicht verändert, und Speichern sowie Cloud-Wiederherstellung sind pausiert, um deinen Fortschritt zu schützen. Wende dich an den Support, bevor du die App neu installierst oder ihre Daten löschst.","Cette sauvegarde utilise un ancien format que cette version ne peut pas migrer en toute sécurité (version de sauvegarde %d ; versions prises en charge : %d-%d). Tes fichiers de sauvegarde n'ont pas été modifiés, et l'enregistrement ainsi que la restauration cloud sont suspendus pour protéger ta progression. Contacte l'assistance avant de réinstaller l'application ou d'effacer ses données."
Apex level: +1 hero capacity,Apex level: +1 hero capacity,Livello Apex: +1 capacità eroi,Apex-Stufe: +1 Heldenkapazität,Niveau Apex : +1 capacité de héros
Apex level: +10% arrival speed,Apex level: +10% arrival speed,Livello Apex: +10% velocità degli arrivi,Apex-Stufe: +10% Ankunftstempo,Niveau Apex : +10% de vitesse d'arrivée
Apex level: +1 crafting queue slot,Apex level: +1 crafting queue slot,Livello Apex: +1 slot della coda di creazione,Apex-Stufe: +1 Platz in der Handwerks-Warteschlange,Niveau Apex : +1 emplacement dans la file d'artisanat
Apex level: +10% crafting speed,Apex level: +10% crafting speed,Livello Apex: +10% velocità di creazione,Apex-Stufe: +10% Handwerkstempo,Niveau Apex : +10% de vitesse d'artisanat
Apex level: %s slots · %s%% Legendary,Apex level: %s slots · %s%% Legendary,Livello Apex: %s posti · %s%% Leggendario,Apex-Stufe: %s Plätze · %s%% Legendär,Niveau Apex : %s emplacements · %s%% Légendaire
Stats,Stats,Statistiche,Werte,Stats
Current fight statistics,Current fight statistics,Statistiche dello scontro attuale,Statistiken des aktuellen Kampfes,Statistiques du combat actuel
Successful encounter records,Successful encounter records,Primati degli scontri vinti,Rekorde gewonnener Begegnungen,Records des rencontres réussies
ENCOUNTER RECORDS,ENCOUNTER RECORDS,PRIMATI DEGLI SCONTRI,BEGEGNUNGSREKORDE,RECORDS DE RENCONTRES
Current fight · successful clears,Current fight · successful clears,Scontro attuale · vittorie,Aktueller Kampf · erfolgreiche Abschlüsse,Combat actuel · réussites
"The active encounter clock is shared by live play, offline progress, and restored saves.","The active encounter clock is shared by live play, offline progress, and restored saves.","Il cronometro dello scontro attivo è condiviso tra gioco dal vivo, progressi offline e salvataggi ripristinati.","Die Uhr der aktiven Begegnung gilt gemeinsam für Live-Spiel, Offline-Fortschritt und wiederhergestellte Speicherstände.","L'horloge de la rencontre active est partagée entre le jeu en direct, la progression hors ligne et les sauvegardes restaurées."
No active fight. Start an encounter to create records.,No active fight. Start an encounter to create records.,Nessuno scontro attivo. Avvia uno scontro per creare dei primati.,"Kein aktiver Kampf. Starte eine Begegnung, um Rekorde aufzustellen.",Aucun combat en cours. Lance une rencontre pour créer des records.
No successful encounters recorded yet.,No successful encounters recorded yet.,Nessuno scontro vinto ancora registrato.,Noch keine gewonnenen Begegnungen aufgezeichnet.,Aucune rencontre réussie enregistrée pour l'instant.
Rolling average: 0 of 10 successful encounters recorded.,Rolling average: 0 of 10 successful encounters recorded.,Media mobile: registrati 0 scontri vinti su 10.,Gleitender Durchschnitt: 0 von 10 gewonnenen Begegnungen aufgezeichnet.,Moyenne mobile : 0 rencontre réussie sur 10 enregistrée.
Longest successful clear,Longest successful clear,Vittoria riuscita più lunga,Längster erfolgreicher Abschluss,Victoire la plus longue
Shortest successful clear,Shortest successful clear,Vittoria riuscita più breve,Kürzester erfolgreicher Abschluss,Victoire la plus courte
Latest 10 rolling average,Latest 10 rolling average,Media mobile degli ultimi 10,Gleitender Durchschnitt der letzten 10,Moyenne mobile des 10 derniers
%s · Completed encounters used: %s,%s · Completed encounters used: %s,%s · Scontri completati utilizzati: %s,%s · Genutzte abgeschlossene Begegnungen: %s,%s · Rencontres terminées utilisées : %s
Rolling average: %s of 10 successful encounters recorded.,Rolling average: %s of 10 successful encounters recorded.,Media mobile: registrati %s scontri vinti su 10.,Gleitender Durchschnitt: %s von 10 gewonnenen Begegnungen aufgezeichnet.,Moyenne mobile : %s rencontres réussies sur 10 enregistrées.
Only completed successful encounters are included.,Only completed successful encounters are included.,Sono inclusi solo gli scontri completati con successo.,"Es werden nur abgeschlossene, gewonnene Begegnungen berücksichtigt.",Seules les rencontres réussies et terminées sont prises en compte.
Successful encounter records use the same saved clocks shown in each arena's Stats view.,Successful encounter records use the same saved clocks shown in each arena's Stats view.,I primati degli scontri vinti usano gli stessi cronometri salvati mostrati nella vista Statistiche di ogni arena.,"Die Rekorde gewonnener Begegnungen nutzen dieselben gespeicherten Zeiten, die in der Werte-Ansicht jeder Arena angezeigt werden.",Les records des rencontres réussies utilisent les mêmes chronos enregistrés que ceux affichés dans la vue Stats de chaque arène.
TOWER CHECKPOINT PROGRESSION,TOWER CHECKPOINT PROGRESSION,PROGRESSIONE DEI CHECKPOINT DELLA TORRE,FORTSCHRITT DER TURM-KONTROLLPUNKTE,PROGRESSION DES POINTS DE CONTRÔLE DE LA TOUR
Floor %s · Progression day %s,Floor %s · Progression day %s,Piano %s · Giorno di progressione %s,Ebene %s · Fortschrittstag %s,Étage %s · Jour de progression %s
Floor %s · Legacy record unavailable,Floor %s · Legacy record unavailable,Piano %s · Record storico non disponibile,Ebene %s · Alter Rekord nicht verfügbar,Étage %s · Record hérité indisponible
Floor %s · Not cleared,Floor %s · Not cleared,Piano %s · Non completato,Ebene %s · Nicht abgeschlossen,Étage %s · Non terminé
Exact historical progression day is unavailable for checkpoints cleared before records were introduced.,Exact historical progression day is unavailable for checkpoints cleared before records were introduced.,Il giorno esatto della progressione storica non è disponibile per i checkpoint completati prima dell'introduzione dei primati.,"Der genaue historische Fortschrittstag ist für Kontrollpunkte, die vor Einführung der Rekorde abgeschlossen wurden, nicht verfügbar.",Le jour de progression historique exact n'est pas disponible pour les points de contrôle franchis avant l'introduction des records.
Echo Descent - Depth %s ready at secured Anchor %s. Open Echo Descent.,Echo Descent - Depth %s ready at secured Anchor %s. Open Echo Descent.,Discesa dell'Eco - Profondità %s pronta all'Ancora consolidata %s. Apri la Discesa dell'Eco.,Echo-Abstieg - Tiefe %s bereit am gesicherten Anker %s. Öffne den Echo-Abstieg.,Descente d'Écho - Profondeur %s prête à l'Ancre sécurisée %s. Ouvre la Descente d'Écho.
"Next push: Depth %s to Anchor %s
Secured Anchor: %s · Deepest reached: %s","Next push: Depth %s to Anchor %s
Secured Anchor: %s · Deepest reached: %s","Prossima avanzata: Profondità %s verso Ancora %s
Ancora consolidata: %s · Profondità massima raggiunta: %s","Nächster Vorstoß: Tiefe %s bis Anker %s
Gesicherter Anker: %s · Tiefster Vorstoß: %s","Prochaine avancée : de la profondeur %s à l'Ancre %s
Ancre consolidée : %s · Profondeur maximale atteinte : %s"
Practice ready · Guardian clear grants Bond XP; Anchor %s stays secured,Practice ready · Guardian clear grants Bond XP; Anchor %s stays secured,Prova pronta · Sconfiggere il Guardiano concede PE Legame; l'Ancora %s resta consolidata,Übung bereit · Ein Wächter-Sieg gewährt Bindungs-EP; Anker %s bleibt gesichert,Entraînement prêt · Vaincre le Gardien accorde de l'XP de lien ; l'Ancre %s reste consolidée
Reward push ready · Guardian clear grants +%s Resonance and secures Anchor %s,Reward push ready · Guardian clear grants +%s Resonance and secures Anchor %s,Avanzata con ricompensa pronta · Sconfiggere il Guardiano concede +%s Risonanza e consolida l'Ancora %s,Belohnungsvorstoß bereit · Ein Wächter-Sieg gewährt +%s Resonanz und sichert Anker %s,Avancée avec récompense prête · Vaincre le Gardien accorde +%s Résonance et consolide l'Ancre %s
"Echo Descent unlocks after Tower Floor %s. Each push crosses four hostile strata and then one Guardian.

Failure or abandon returns the party to its secured Anchor. Attempts are unlimited, and Echo monsters grant no ordinary item drops.

Recommended: Career Lv. %s · Tier %s gear","Echo Descent unlocks after Tower Floor %s. Each push crosses four hostile strata and then one Guardian.

Failure or abandon returns the party to its secured Anchor. Attempts are unlimited, and Echo monsters grant no ordinary item drops.

Recommended: Career Lv. %s · Tier %s gear","La Discesa dell'Eco si sblocca dopo il Piano %s della Torre. Ogni avanzata attraversa quattro strati ostili e poi un Guardiano.

Fallire o abbandonare riporta il gruppo alla sua Ancora consolidata. I tentativi sono illimitati e i mostri dell'Eco non lasciano oggetti normali.

Consigliato: Livello carriera %s · Equipaggiamento T%s","Der Echo-Abstieg wird nach Turmebene %s freigeschaltet. Jeder Vorstoß durchquert vier feindliche Schichten und danach einen Wächter.

Niederlage oder Abbruch bringt die Gruppe zu ihrem gesicherten Anker zurück. Die Versuche sind unbegrenzt, und Echo-Monster lassen keine gewöhnlichen Gegenstände fallen.

Empfohlen: Karrierestufe %s · Ausrüstung Grad %s","La Descente d'Écho se débloque après l'Étage %s de la Tour. Chaque poussée traverse quatre strates hostiles puis un Gardien.

Un échec ou un abandon ramène le groupe à son Ancre sécurisée. Les tentatives sont illimitées et les monstres d'Écho ne laissent aucun butin ordinaire.

Recommandé : Niv. de carrière %s · Équipement palier %s"
Successful Guardian clears: %s,Successful Guardian clears: %s,Guardiani sconfitti con successo: %s,Erfolgreiche Wächter-Siege: %s,Victoires réussies sur le Gardien : %s
"The first reward-eligible Guardian cleared each UTC day secures the next Anchor and grants +%s Resonance to every hero in the victorious formation, once per day. Later same-day Guardian clears are practice: they grant Bond XP but do not advance the Anchor. Resonance has a maximum rank of %s. Each rank grants +2%% maximum HP and Attack, plus +0.5 Defense and Magic Defense, helping those heroes climb higher Tower floors.","The first reward-eligible Guardian cleared each UTC day secures the next Anchor and grants +%s Resonance to every hero in the victorious formation, once per day. Later same-day Guardian clears are practice: they grant Bond XP but do not advance the Anchor. Resonance has a maximum rank of %s. Each rank grants +2%% maximum HP and Attack, plus +0.5 Defense and Magic Defense, helping those heroes climb higher Tower floors.","Il primo Guardiano idoneo alla ricompensa sconfitto ogni giorno UTC consolida l'Ancora successiva e concede +%s Risonanza a ogni eroe della formazione vincente, una volta al giorno. Le altre vittorie contro il Guardiano nello stesso giorno sono prove: concedono PE Legame ma non fanno avanzare l'Ancora. La Risonanza ha un grado massimo di %s. Ogni grado concede +2%% a PV massimi e Attacco, oltre a +0,5 a Difesa e Difesa magica, aiutando quegli eroi a salire ai piani più alti della Torre.","Der erste belohnungsberechtigte Wächter, der an jedem UTC-Tag besiegt wird, sichert den nächsten Anker und gewährt jedem Helden der siegreichen Formation +%s Resonanz, einmal pro Tag. Weitere Wächtersiege am selben Tag sind Übung: Sie gewähren Bindungs-EP, bringen den Anker aber nicht voran. Resonanz hat einen maximalen Rang von %s. Jeder Rang gewährt +2%% maximale LP und Angriff sowie +0,5 Verteidigung und Magieverteidigung und hilft diesen Helden, höhere Turmebenen zu erklimmen.","Le premier Gardien éligible aux récompenses vaincu chaque jour UTC sécurise l'Ancre suivante et accorde +%s Résonance à chaque héros de la formation victorieuse, une fois par jour. Les victoires suivantes contre le Gardien le même jour servent d'entraînement : elles accordent de l'XP de lien mais ne font pas avancer l'Ancre. La Résonance a un rang maximal de %s. Chaque rang accorde +2%% de PV maximum et d'Attaque, ainsi que +0,5 en Défense et en Défense magique, aidant ces héros à gravir des étages plus élevés de la Tour."
SHIFTING LAW RULES,SHIFTING LAW RULES,REGOLE DELLE LEGGI MUTEVOLI,REGELN DER WANDELNDEN GESETZE,RÈGLES DES LOIS CHANGEANTES
"Three laws reshape damage, recovery, and combat openings. They rotate at 00:00 UTC, while a started stratum keeps the laws it began with until that fight resolves. Review today's laws in Overview before arranging the formation; during a push, Info shows the locked set.","Three laws reshape damage, recovery, and combat openings. They rotate at 00:00 UTC, while a started stratum keeps the laws it began with until that fight resolves. Review today's laws in Overview before arranging the formation; during a push, Info shows the locked set.","Tre leggi rimodellano danni, recupero e aperture in combattimento. Cambiano alle 00:00 UTC, mentre uno strato avviato mantiene le leggi con cui è iniziato finché lo scontro non si risolve. Consulta le leggi di oggi in Panoramica prima di organizzare la formazione; durante un'avanzata, Info mostra il set vincolato.","Drei Gesetze verändern Schaden, Erholung und Kampfauftakte. Sie wechseln um 00:00 UTC, während eine begonnene Schicht die Gesetze behält, mit denen sie gestartet ist, bis dieser Kampf entschieden ist. Sieh dir die heutigen Gesetze in der Übersicht an, bevor du die Formation aufstellst; während eines Vorstoßes zeigt Info den festgelegten Satz.","Trois lois remodèlent les dégâts, la récupération et les ouvertures de combat. Elles changent à 00:00 UTC, tandis qu'une strate commencée conserve les lois avec lesquelles elle a débuté jusqu'à la résolution du combat. Consulte les lois du jour dans Aperçu avant d'organiser la formation ; pendant une avancée, Info affiche le jeu de lois verrouillé."
TODAY'S LAWS,TODAY'S LAWS,LE LEGGI DI OGGI,DIE GESETZE VON HEUTE,LES LOIS DU JOUR
CURRENT RUN LAWS,CURRENT RUN LAWS,LEGGI DELL'AVANZATA ATTUALE,GESETZE DES AKTUELLEN LAUFS,LOIS DE L'EXPÉDITION ACTUELLE
Locked for this stratum; daily rotation cannot change this run.,Locked for this stratum; daily rotation cannot change this run.,Vincolate a questo strato; il cambio giornaliero non può modificare questa avanzata.,Für diese Schicht festgelegt; der tägliche Wechsel kann diesen Durchgang nicht ändern.,Verrouillées pour cette strate ; le changement quotidien ne peut pas modifier cette tentative.
Next law rotation at 00:00 UTC in %s.,Next law rotation at 00:00 UTC in %s.,Prossimo cambio delle leggi alle 00:00 UTC tra %s.,Nächster Gesetzeswechsel um 00:00 UTC in %s.,Prochain changement de lois à 00:00 UTC dans %s.
Select %s more available heroes,Select %s more available heroes,Seleziona altri %s eroi disponibili,Wähle %s weitere verfügbare Helden,Sélectionne %s héros disponibles de plus
Team: %s/%s heroes · %s/%s companions,Team: %s/%s heroes · %s/%s companions,Squadra: %s/%s eroi · %s/%s famigli,Team: %s/%s Helden · %s/%s Begleiter,Équipe : %s/%s héros · %s/%s familiers
"[b]Plan the current push in Overview[/b]

Overview keeps the next depth and Anchor, today's reward mode, current laws, formation readiness, and the formation action together.

[b]Use Guide as the rules reference[/b]
Guide holds the route structure, Anchor and failure rules, daily Resonance and practice details, law timing, recommendations, and clear history.

[b]During a push[/b]
Battle shows live combat. Info shows the laws locked to that stratum. Abandoning returns the party to its secured Anchor.","[b]Plan the current push in Overview[/b]

Overview keeps the next depth and Anchor, today's reward mode, current laws, formation readiness, and the formation action together.

[b]Use Guide as the rules reference[/b]
Guide holds the route structure, Anchor and failure rules, daily Resonance and practice details, law timing, recommendations, and clear history.

[b]During a push[/b]
Battle shows live combat. Info shows the laws locked to that stratum. Abandoning returns the party to its secured Anchor.","[b]Pianifica l'avanzata attuale in Panoramica[/b]

Panoramica riunisce la profondità e l'Ancora successive, la modalità ricompensa di oggi, le leggi attuali, lo stato di preparazione della formazione e l'azione per organizzarla.

[b]Usa Guida come riferimento per le regole[/b]
Guida contiene la struttura del percorso, le regole su Ancora e fallimento, i dettagli su Risonanza giornaliera e prove, le tempistiche delle leggi, i consigli e lo storico dei completamenti.

[b]Durante un'avanzata[/b]
Battaglia mostra il combattimento in corso. Info mostra le leggi vincolate a quello strato. Abbandonare riporta il gruppo alla sua Ancora consolidata.","[b]Plane den aktuellen Vorstoß in der Übersicht[/b]

Die Übersicht vereint die nächste Tiefe und den nächsten Anker, den heutigen Belohnungsmodus, die aktuellen Gesetze, die Bereitschaft der Formation und die Formationsaktion.

[b]Nutze den Guide als Regelwerk[/b]
Der Guide enthält den Streckenaufbau, die Anker- und Fehlschlagregeln, Details zu täglicher Resonanz und Übungskämpfen, die Zeitpunkte der Gesetze, Empfehlungen und den Verlauf deiner Siege.

[b]Während eines Vorstoßes[/b]
Kampf zeigt das laufende Geschehen. Info zeigt die für diese Schicht festgelegten Gesetze. Ein Abbruch bringt die Gruppe zu ihrem gesicherten Anker zurück.","[b]Planifie l'avancée en cours dans Aperçu[/b]

Aperçu réunit la profondeur et l'Ancre suivantes, le mode de récompense du jour, les lois actuelles, l'état de préparation de la formation et l'action de formation.

[b]Utilise Guide comme référence des règles[/b]
Guide contient la structure du parcours, les règles d'Ancre et d'échec, les détails sur la Résonance quotidienne et l'entraînement, le calendrier des lois, les recommandations et l'historique des victoires.

[b]Pendant une avancée[/b]
Combat affiche le combat en direct. Info affiche les lois verrouillées pour cette strate. Abandonner ramène le groupe à son Ancre sécurisée."
Skins,Skins,Aspetti,Skins,Style
Elite Skins,Elite Skins,Aspetti élite,Elite-Skins,Apparences d'élite
Cosmetic only. Skins change hero art but never combat stats.,Cosmetic only. Skins change hero art but never combat stats.,"Solo estetica. Gli aspetti cambiano l'immagine dell'eroe, mai le statistiche di combattimento.","Rein kosmetisch. Skins ändern die Heldengrafik, niemals die Kampfwerte.","Purement cosmétique. Les apparences changent l'illustration du héros, jamais les stats de combat."
Elite class,Elite class,Classe élite,Eliteklasse,Classe d'élite
Hero to equip,Hero to equip,Eroe da personalizzare,Auszurüstender Held,Héros à équiper
No eligible hero,No eligible hero,Nessun eroe idoneo,Kein passender Held,Aucun héros éligible
%s · Level %s,%s · Level %s,%s · Livello %s,%s · Stufe %s,%s · Niveau %s
Recruit or promote a %s to equip these skins. Purchases remain account-wide.,Recruit or promote a %s to equip these skins. Purchases remain account-wide.,Recluta o promuovi un %s per equipaggiare questi aspetti. Gli acquisti restano validi per tutto l'account.,"Rekrutiere oder befördere einen %s, um diese Skins auszurüsten. Käufe gelten weiterhin für das gesamte Konto.",Recrute ou promeus un %s pour équiper ces apparences. Les achats restent valables sur tout le compte.
Available · %s gems,Available · %s gems,Disponibile · %s gemme,Verfügbar · %s Edelsteine,Disponible · %s gemmes
Choose an eligible hero before equipping this skin,Choose an eligible hero before equipping this skin,Scegli un eroe idoneo prima di equipaggiare questo aspetto,"Wähle einen geeigneten Helden, bevor du diesen Skin ausrüstest",Choisis un héros éligible avant d'équiper cette apparence
Unequip,Unequip,Rimuovi,Ablegen,Déséquiper
Return %s to base class art,Return %s to base class art,Ripristina per %s l'immagine base della classe,%s auf die Basisklassen-Grafik zurücksetzen,Rendre à %s l'illustration de sa classe de base
Equip %s on %s,Equip %s on %s,Equipaggia %s su %s,%s bei %s ausrüsten,Équiper %s sur %s
This skin is no longer available.,This skin is no longer available.,Questo aspetto non è più disponibile.,Dieser Skin ist nicht mehr verfügbar.,Ce Skin n'est plus disponible.
Purchase skin?,Purchase skin?,Acquistare l'aspetto?,Skin kaufen?,Acheter l'apparence ?
BUY SKIN,BUY SKIN,ACQUISTA ASPETTO,SKIN KAUFEN,ACHETER L'APPARENCE
Purchase %s for %s?,Purchase %s for %s?,Acquistare %s per %s?,%s für %s kaufen?,Acheter %s pour %s ?
Price: %s gems. This skin is cosmetic only and does not change combat stats.,Price: %s gems. This skin is cosmetic only and does not change combat stats.,Prezzo: %s gemme. Questo aspetto è solo estetico e non cambia le statistiche di combattimento.,Preis: %s Edelsteine. Dieser Skin ist rein kosmetisch und verändert keine Kampfwerte.,Prix : %s gemmes. Cette apparence est purement cosmétique et ne modifie aucune statistique de combat.
Purchased %s,Purchased %s,Acquistato: %s,Gekauft: %s,Acheté : %s
Not enough gems. This skin costs %s gems.,Not enough gems. This skin costs %s gems.,Gemme insufficienti. Questo aspetto costa %s gemme.,Nicht genügend Edelsteine. Dieser Skin kostet %s Edelsteine.,Gemmes insuffisantes. Cette apparence coûte %s gemmes.
This skin is already owned.,This skin is already owned.,Possiedi già questo aspetto.,Dieser Skin ist bereits vorhanden.,Tu possèdes déjà ce Skin.
The purchase could not be saved. No gems were spent.,The purchase could not be saved. No gems were spent.,Impossibile salvare l'acquisto. Non è stata spesa alcuna gemma.,Der Kauf konnte nicht gespeichert werden. Es wurden keine Edelsteine ausgegeben.,L'achat n'a pas pu être enregistré. Aucune gemme n'a été dépensée.
This skin purchase could not be completed.,This skin purchase could not be completed.,Impossibile completare l'acquisto dell'aspetto.,Dieser Skin-Kauf konnte nicht abgeschlossen werden.,Cet achat de Skin n'a pas pu être finalisé.
%s equipped on %s,%s equipped on %s,%s equipaggiato su %s,%s ausgerüstet bei %s,%s équipé sur %s
The skin could not be equipped or saved.,The skin could not be equipped or saved.,Impossibile equipaggiare o salvare l'aspetto.,Der Skin konnte nicht angelegt oder gespeichert werden.,Le Skin n'a pas pu être équipé ou enregistré.
%s returned to base class art,%s returned to base class art,%s è tornato all'immagine base della classe,%s ist zur Basis-Klassengrafik zurückgekehrt,%s est revenu à l'illustration de base de la classe
The skin could not be unequipped or saved.,The skin could not be unequipped or saved.,Impossibile rimuovere o salvare l'aspetto.,Der Skin konnte nicht abgelegt oder gespeichert werden.,Le Skin n'a pas pu être retiré ou enregistré.
Purchase %s for %s gems,Purchase %s for %s gems,Acquista %s per %s gemme,%s für %s Edelsteine kaufen,Acheter %s pour %s gemmes
Owned,Owned,Posseduto,Besessen,Possédé
Acquisition sources,Acquisition sources,Fonti di acquisizione,Bezugsquellen,Sources d'obtention
Sources,Sources,Fonti,Quellen,Sources
Sources: %s,Sources: %s,Fonti: %s,Quellen: %s,Sources : %s
Retired item - no current acquisition source.,Retired item - no current acquisition source.,Oggetto ritirato: nessuna fonte di acquisizione attuale.,Ausgemusterter Gegenstand - derzeit keine Bezugsquelle.,Objet retiré - aucune source d'obtention actuelle.
Undiscovered acquisition source,Undiscovered acquisition source,Fonte di acquisizione non scoperta,Unentdeckte Bezugsquelle,Source d'obtention non découverte
Dropped by an undiscovered enemy,Dropped by an undiscovered enemy,Bottino di un nemico non scoperto,Beute eines unentdeckten Gegners,Lâché par un ennemi non découvert
Exclusive reward from an undiscovered boss or activity,Exclusive reward from an undiscovered boss or activity,Ricompensa esclusiva di un boss o un'attività non scoperti,Exklusive Belohnung von einem unentdeckten Boss oder einer unentdeckten Aktivität,Récompense exclusive d'un boss ou d'une activité non découverts
Reward from an undiscovered activity,Reward from an undiscovered activity,Ricompensa di un'attività non scoperta,Belohnung aus einer unentdeckten Aktivität,Récompense d'une activité non découverte
Crafted from discovered materials,Crafted from discovered materials,Creabile con materiali scoperti,Aus entdeckten Materialien hergestellt,Fabriqué à partir de matériaux découverts
May appear in an undiscovered Shop offer,May appear in an undiscovered Shop offer,Può apparire in un'offerta non scoperta del Negozio,Kann in einem unentdeckten Ladenangebot erscheinen,Peut apparaître dans une offre non découverte de la Boutique
Reward from an undiscovered quest,Reward from an undiscovered quest,Ricompensa di una missione non scoperta,Belohnung aus einem unentdeckten Auftrag,Récompense d'une quête non découverte
Granted by an undiscovered special reward,Granted by an undiscovered special reward,Concesso da una ricompensa speciale non scoperta,Wird durch eine unentdeckte Sonderbelohnung gewährt,Accordé par une récompense spéciale non découverte
Enemy drop: %s in %s,Enemy drop: %s in %s,Bottino nemico: %s in %s,Gegnerbeute: %s in %s,Butin d'ennemi : %s dans %s
Boss-exclusive drop: %s in %s,Boss-exclusive drop: %s in %s,Bottino esclusivo del boss: %s in %s,Boss-exklusive Beute: %s in %s,Butin exclusif du boss : %s dans %s
Enemy drop: %s,Enemy drop: %s,Bottino nemico: %s,Gegnerbeute: %s,Butin d'ennemi : %s
Boss-exclusive drop: %s,Boss-exclusive drop: %s,Bottino esclusivo del boss: %s,Boss-exklusive Beute: %s,Butin exclusif du boss : %s
Activity reward: %s,Activity reward: %s,Ricompensa attività: %s,Aktivitätsbelohnung: %s,Récompense d'activité : %s
Activity reward: %s checkpoints (Floors %s),Activity reward: %s checkpoints (Floors %s),Ricompensa attività: checkpoint di %s (Piani %s),Aktivitätsbelohnung: %s Kontrollpunkte (Ebenen %s),Récompense d'activité : %s points de contrôle (Étages %s)
Crafting: Workshop recipe,Crafting: Workshop recipe,Creazione: ricetta del Laboratorio,Handwerk: Werkstattrezept,Artisanat : recette de l'Atelier
Shop: Rotating Shop offer,Shop: Rotating Shop offer,Negozio: offerta a rotazione,Laden: Wechselndes Ladenangebot,Boutique : offre tournante de la Boutique
Quest reward: %s,Quest reward: %s,Ricompensa missione: %s,Auftragsbelohnung: %s,Récompense de quête : %s
Other reward: %s,Other reward: %s,Altra ricompensa: %s,Andere Belohnung: %s,Autre récompense : %s
 - first clear only, - first clear only, - solo al primo completamento, - nur beim ersten Abschluss, - uniquement à la première victoire
Back to Item Details,Back to Item Details,Torna ai dettagli dell'oggetto,Zurück zu den Gegenstandsdetails,Retour aux détails de l'objet
Back to Recipes,Back to Recipes,Torna alle ricette,Zurück zu den Rezepten,Retour aux recettes
Open source in Bestiary: %s,Open source in Bestiary: %s,Apri la fonte nel Bestiario: %s,Quelle im Bestiarium öffnen: %s,Ouvrir la source dans le Bestiaire : %s
Monster catalog entry: %s,Monster catalog entry: %s,Voce del catalogo mostri: %s,Monsterkatalog-Eintrag: %s,Entrée du catalogue des monstres : %s
Undiscovered monster catalog entry,Undiscovered monster catalog entry,Voce non scoperta del catalogo mostri,Unentdeckter Eintrag im Monsterkatalog,Entrée non découverte du catalogue des monstres
Raid enemy reward,Raid enemy reward,Ricompensa dei nemici del raid,Belohnung von Raid-Gegnern,Récompense des ennemis de raid
Workshop recipe,Workshop recipe,Ricetta del Laboratorio,Werkstattrezept,Recette de l'Atelier
Rotating Shop offer,Rotating Shop offer,Offerta a rotazione del Negozio,Wechselndes Ladenangebot,Offre tournante de la Boutique
Premium Shop,Premium Shop,Negozio Premium,Premium-Laden,Boutique Premium
OPEN,OPEN,APRI,OFFEN,OUVRIR
 - %s, - %s, - %s, - %s, - %s
 - %s chance, - %s chance, - probabilità %s, - %s Chance, - %s de chance
 - %s-%s%% enemy chance; %s%% boss chance, - %s-%s%% enemy chance; %s%% boss chance, - probabilità nemico %s-%s%%; probabilità boss %s%%, - %s-%s%% Gegnerchance; %s%% Bosschance, - %s-%s%% de chance ennemie ; %s%% de chance boss
 - %s%% base; first copy guaranteed by clear %s, - %s%% base; first copy guaranteed by clear %s, - base %s%%; prima copia garantita entro il completamento %s, - %s%% Basis; erste Kopie garantiert bis Abschluss %s, - %s%% de base ; première copie garantie avant la victoire %s
"Coin balance: %s platinum, %s gold, %s silver, %s copper","Coin balance: %s platinum, %s gold, %s silver, %s copper","Saldo monete: %s platino, %s oro, %s argento, %s rame","Münzstand: %s Platin, %s Gold, %s Silber, %s Kupfer","Solde de pièces : %s platine, %s or, %s argent, %s cuivre"
Exact wallet tuple: %s,Exact wallet tuple: %s,Tupla esatta del portafoglio: %s,Exaktes Wallet-Tupel: %s,Tuple exact du portefeuille : %s
Quests,Quests,Missioni,Aufträge,Quêtes
Open rotating Daily and Weekly Quests and upgrades.,Open rotating Daily and Weekly Quests and upgrades.,Apri le missioni giornaliere e settimanali a rotazione e i potenziamenti.,Öffne wechselnde Tages- und Wochenaufträge sowie Verbesserungen.,Ouvre les quêtes quotidiennes et hebdomadaires en rotation ainsi que les améliorations.
%s quest rewards ready to claim,%s quest rewards ready to claim,%s ricompense missione pronte da riscuotere,%s Auftragsbelohnungen bereit zum Abholen,%s récompenses de quête à récupérer
The badge remains until each completed quest reward is claimed or auto-granted at reset.,The badge remains until each completed quest reward is claimed or auto-granted at reset.,L'indicatore rimane finché ogni ricompensa delle missioni completate non viene riscossa o assegnata automaticamente al ripristino.,"Die Markierung bleibt bestehen, bis jede Belohnung abgeschlossener Quests abgeholt oder beim Zurücksetzen automatisch vergeben wurde.",Le badge reste affiché jusqu'à ce que chaque récompense de quête terminée soit réclamée ou octroyée automatiquement à la réinitialisation.
Quest progress,Quest progress,Progresso missione,Auftragsfortschritt,Progression de la quête
%s of %s complete,%s of %s complete,%s di %s completati,%s von %s abgeschlossen,%s sur %s terminés
Coins,Coins,Monete,Münzen,Pièces
Gems,Gems,Gemme,Edelsteine,Gemmes
Reward: %s %s,Reward: %s %s,Ricompensa: %s %s,Belohnung: %s %s,Récompense : %s %s
Claimed,Claimed,Riscossa,Abgeholt,Récupéré
This reward has already been claimed.,This reward has already been claimed.,Questa ricompensa è già stata riscossa.,Diese Belohnung wurde bereits abgeholt.,Cette récompense a déjà été réclamée.
Claim,Claim,Riscuoti,Abholen,Récupérer
Claim this completed quest reward.,Claim this completed quest reward.,Riscuoti la ricompensa di questa missione completata.,Hole die Belohnung dieses abgeschlossenen Auftrags ab.,Récupère la récompense de cette quête terminée.
Complete the objective before claiming.,Complete the objective before claiming.,Completa l'obiettivo prima di riscuotere la ricompensa.,"Schließe das Ziel ab, bevor du abholst.",Termine l'objectif avant de récupérer.
Maximum Quest rank reached.,Maximum Quest rank reached.,Rango missione massimo raggiunto.,Maximaler Auftragsrang erreicht.,Rang de quête maximal atteint.
Reach Tier %s to unlock this rank.,Reach Tier %s to unlock this rank.,Raggiungi il Grado %s per sbloccare questo rango.,"Erreiche Grad %s, um diesen Rang freizuschalten.",Atteins le palier %s pour débloquer ce rang.
Unlock %s to unlock this rank.,Unlock %s to unlock this rank.,Sblocca %s per sbloccare questo rango.,"Schalte %s frei, um diesen Rang freizuschalten.",Débloque %s pour débloquer ce rang.
Earn more Coins to buy this rank.,Earn more Coins to buy this rank.,Ottieni altre monete per acquistare questo rango.,"Verdiene mehr Münzen, um diesen Rang zu kaufen.",Gagne plus de Pièces pour acheter ce rang.
Quest reset could not be saved. Try again.,Quest reset could not be saved. Try again.,Impossibile salvare il ripristino delle missioni. Riprova.,Das Zurücksetzen der Aufträge konnte nicht gespeichert werden. Versuche es erneut.,Impossible d'enregistrer la réinitialisation des quêtes. Réessaie.
The upgrade was not purchased because saving failed.,The upgrade was not purchased because saving failed.,Il potenziamento non è stato acquistato perché il salvataggio non è riuscito.,"Das Upgrade wurde nicht gekauft, weil das Speichern fehlgeschlagen ist.",L'amélioration n'a pas été achetée car l'enregistrement a échoué.
%s Quests,%s Quests,Missioni %s,%s Aufträge,Quêtes : %s
Daily Quests,Daily Quests,Missioni giornaliere,Tagesaufträge,Quêtes quotidiennes
Weekly Quests,Weekly Quests,Missioni settimanali,Wochenaufträge,Quêtes hebdomadaires
Tier %s · Quest Rank %s · %s active,Tier %s · Quest Rank %s · %s active,Grado %s · Rango missione %s · %s attive,Grad %s · Questrang %s · %s aktiv,Palier %s · Rang de quête %s · %s actives
Targets were scaled for %s days remaining when this board was created.,Targets were scaled for %s days remaining when this board was created.,Gli obiettivi sono stati adattati ai %s giorni rimasti quando questa serie è stata creata.,Die Ziele wurden bei Erstellung dieser Tafel auf %s verbleibende Tage abgestimmt.,Les objectifs ont été calibrés pour %s jours restants lors de la création de ce tableau.
No eligible Quests are available for this board yet.,No eligible Quests are available for this board yet.,Non sono ancora disponibili missioni idonee per questa serie.,Für diese Tafel sind noch keine passenden Aufträge verfügbar.,Aucune quête éligible n'est encore disponible pour ce tableau.
Quest Rank %s,Quest Rank %s,Rango missione %s,Auftragsrang %s,Rang de quête %s
Current: +%s%% rewards · %s Daily slots · %s Weekly slots,Current: +%s%% rewards · %s Daily slots · %s Weekly slots,Attuale: +%s%% ricompense · %s slot giornalieri · %s slot settimanali,Aktuell: +%s%% Belohnungen · %s Tagesplätze · %s Wochenplätze,Actuel : +%s%% de récompenses · %s emplacements quotidiens · %s emplacements hebdomadaires
An upgrade applies when each next board resets. Current targets and rewards stay frozen.,An upgrade applies when each next board resets. Current targets and rewards stay frozen.,Un potenziamento si applica al ripristino di ciascuna serie successiva. Gli obiettivi e le ricompense attuali restano invariati.,"Eine Verbesserung wirkt, sobald die jeweils nächste Auftragstafel zurückgesetzt wird. Aktuelle Ziele und Belohnungen bleiben unverändert.",Une amélioration s'applique à la réinitialisation de chaque tableau suivant. Les objectifs et récompenses actuels restent figés.
Rank %s: +%s%% rewards · %s Daily slots · %s Weekly slots,Rank %s: +%s%% rewards · %s Daily slots · %s Weekly slots,Rango %s: +%s%% ricompense · %s slot giornalieri · %s slot settimanali,Rang %s: +%s%% Belohnungen · %s Tagesplätze · %s Wochenplätze,Rang %s : +%s%% de récompenses · %s emplacements quotidiens · %s emplacements hebdomadaires
Buy Quest Rank %s,Buy Quest Rank %s,Acquista il Rango missione %s,Auftragsrang %s kaufen,Acheter le rang de quête %s
Spend Coins to buy this Quest rank. Existing boards will not change.,Spend Coins to buy this Quest rank. Existing boards will not change.,Spendi monete per acquistare questo rango missione. Le serie esistenti non cambieranno.,"Gib Münzen aus, um diesen Auftragsrang zu kaufen. Bestehende Tafeln ändern sich nicht.",Dépense des Pièces pour acheter ce rang de quête. Les tableaux existants ne changeront pas.
All requirements met. The Coin cost is shown on the button.,All requirements met. The Coin cost is shown on the button.,Tutti i requisiti sono soddisfatti. Il costo in monete è indicato sul pulsante.,Alle Voraussetzungen erfüllt. Die Münzkosten stehen auf der Schaltfläche.,Toutes les conditions sont remplies. Le coût en Pièces est indiqué sur le bouton.
Tier %s,Tier %s,Grado %s,Grad %s,Palier %s
Requires %s. No Raid unlock required.,Requires %s. No Raid unlock required.,Richiede %s. Non è necessario sbloccare alcun Raid.,Erfordert %s. Kein Raid muss freigeschaltet sein.,Nécessite %s. Aucun déblocage de Raid requis.
Requires %s and %s unlocked.,Requires %s and %s unlocked.,Richiede %s e lo sblocco di %s.,Erfordert %s und die Freischaltung von %s.,Nécessite %s et le déblocage de %s.
Quest data is unavailable. Close and reopen this popup.,Quest data is unavailable. Close and reopen this popup.,I dati delle missioni non sono disponibili. Chiudi e riapri questa finestra.,Auftragsdaten sind nicht verfügbar. Schließe dieses Fenster und öffne es erneut.,Les données de quête ne sont pas disponibles. Ferme et rouvre cette fenêtre.
Resets at 00:00 UTC · %s remaining,Resets at 00:00 UTC · %s remaining,Ripristino alle 00:00 UTC · %s rimanenti,Zurücksetzung um 00:00 UTC · %s verbleibend,Réinitialisation à 00:00 UTC · %s restant
Resets Monday at 00:00 UTC · %s remaining,Resets Monday at 00:00 UTC · %s remaining,Ripristino lunedì alle 00:00 UTC · %s rimanenti,Zurücksetzung montags um 00:00 UTC · %s verbleibend,Réinitialisation le lundi à 00:00 UTC · %s restant
Quest objective,Quest objective,Obiettivo missione,Auftragsziel,Objectif de quête
Quest explanation,Quest explanation,Spiegazione missione,Auftragserklärung,Explication de la quête
Reward,Reward,Ricompensa,Belohnung,Récompense
The reward could not be claimed. No reward was spent or lost; try again.,The reward could not be claimed. No reward was spent or lost; try again.,Non è stato possibile riscuotere la ricompensa. Nessuna ricompensa è stata spesa o persa; riprova.,Die Belohnung konnte nicht abgeholt werden. Es wurde keine Belohnung ausgegeben oder verloren; versuche es erneut.,La récompense n'a pas pu être réclamée. Aucune récompense n'a été dépensée ni perdue ; réessaie.
Quest Rank upgraded. Current boards stay unchanged until their next reset.,Quest Rank upgraded. Current boards stay unchanged until their next reset.,Rango missione potenziato. Le serie attuali restano invariate fino al prossimo ripristino.,Auftragsrang verbessert. Die aktuellen Tafeln bleiben bis zum nächsten Zurücksetzen unverändert.,Rang de quête amélioré. Les tableaux actuels restent inchangés jusqu'à leur prochaine réinitialisation.
Daily,Daily,Giornaliere,Täglich,Quotidien
Weekly,Weekly,Settimanali,Wöchentlich,Hebdomadaire
Quest Daily tab,Daily,Oggi,Täglich,Quotidien
Quest Weekly tab,Weekly,Settimana,Wöchentlich,Hebdomadaire
Quest Upgrades tab,Upgrades,Migliorie,Ausbau,Améliorations
Quest rank upgrades,Quest rank upgrades,Potenziamenti del rango missione,Verbesserungen des Auftragsrangs,Améliorations du rang de quête
Make progress automatically through normal play.,Make progress automatically through normal play.,Avanza automaticamente giocando normalmente.,Erziele Fortschritt automatisch durch normales Spielen.,Progresse automatiquement en jouant normalement.
Defeat monsters,Defeat monsters,Sconfiggi mostri,Besiege Monster,Vaincs des monstres
Complete dungeon runs,Complete dungeon runs,Completa spedizioni nei dungeon,Schließe Verliesläufe ab,Termine des expéditions de donjon
Complete raids,Complete raids,Completa raid,Raids abschließen,Terminer des raids
Finish crafted items,Finish crafted items,Completa oggetti creati,Hergestellte Gegenstände fertigstellen,Terminer des objets fabriqués
Earn Coins,Earn Coins,Ottieni monete,Münzen verdienen,Gagner des pièces
Defeat monsters in any running dungeon. Offline combat counts.,Defeat monsters in any running dungeon. Offline combat counts.,Sconfiggi mostri in qualsiasi dungeon attivo. Il combattimento offline conta.,Besiege Monster in jedem laufenden Verlies. Offline-Kämpfe zählen.,Vaincs des monstres dans n'importe quel donjon en cours. Le combat hors ligne compte.
Complete a dungeon run by defeating its completion boss.,Complete a dungeon run by defeating its completion boss.,Completa una spedizione nel dungeon sconfiggendo il boss finale.,"Schließe einen Verlieslauf ab, indem du seinen Abschlussboss besiegst.",Termine une expédition de donjon en vainquant son boss final.
Successfully complete any unlocked raid. The free daily entry is enough.,Successfully complete any unlocked raid. The free daily entry is enough.,Completa con successo qualsiasi raid sbloccato. L'ingresso giornaliero gratuito è sufficiente.,Schließe einen beliebigen freigeschalteten Raid erfolgreich ab. Der kostenlose Tageszutritt genügt.,Termine avec succès n'importe quel raid débloqué. L'entrée quotidienne gratuite suffit.
Finish crafted items. Offline crafting completion counts.,Finish crafted items. Offline crafting completion counts.,Completa oggetti creati. La creazione completata offline conta.,Stelle hergestellte Gegenstände fertig. Auch offline abgeschlossene Herstellung zählt.,Termine des objets fabriqués. La fabrication achevée hors ligne compte.
Earn Coins from gameplay rewards and item sales.,Earn Coins from gameplay rewards and item sales.,Ottieni monete dalle ricompense di gioco e dalla vendita di oggetti.,Verdiene Münzen durch Spielbelohnungen und Gegenstandsverkäufe.,Gagne des Pièces grâce aux récompenses de jeu et à la vente d'objets.
REWARD CODE,REWARD CODE,CODICE PREMIO,PRÄMIENCODE,CODE DE RÉCOMPENSE
Codes are case-sensitive. Enter capitalization exactly as published.,Codes are case-sensitive. Enter capitalization exactly as published.,I codici distinguono maiuscole e minuscole. Inserisci esattamente le maiuscole pubblicate.,Codes unterscheiden Groß- und Kleinschreibung. Gib die Schreibweise genau wie veröffentlicht ein.,Les codes sont sensibles à la casse. Saisis la casse exactement telle que publiée.
Enter case-sensitive code,Enter case-sensitive code,Codice: maiuscole esatte,Code exakt eingeben,Code : respecte la casse
Case-sensitive reward code,Case-sensitive reward code,Codice premio con maiuscole esatte,Prämiencode mit Groß-/Kleinschreibung,Code de récompense sensible à la casse
Enter the reward code with the exact published capitalization.,Enter the reward code with the exact published capitalization.,Inserisci il codice premio rispettando esattamente le maiuscole pubblicate.,Gib den Belohnungscode genau mit der veröffentlichten Groß- und Kleinschreibung ein.,Saisis le code de récompense exactement avec la casse publiée.
Reward code redemption,Reward code redemption,Riscatto codice premio,Einlösung des Belohnungscodes,Utilisation d'un code de récompense
Account switching is locked until the reward-code cloud receipt uploads.,Account switching is locked until the reward-code cloud receipt uploads.,Il cambio di account è bloccato finché la ricevuta cloud del codice premio non viene caricata.,"Der Kontowechsel ist gesperrt, bis die Cloud-Quittung des Prämiencodes hochgeladen ist.",Le changement de compte est bloqué jusqu'à l'envoi du reçu cloud du code de récompense.
Reward code status,Reward code status,Stato del codice premio,Status des Belohnungscodes,État du code de récompense
Further reward-code redemption and account switching are locked until cloud upload succeeds. Normal gameplay remains available.,Further reward-code redemption and account switching are locked until cloud upload succeeds. Normal gameplay remains available.,Il riscatto di altri codici premio e il cambio di account sono bloccati finché il caricamento cloud non riesce. Il gioco normale resta disponibile.,"Weitere Einlösungen von Belohnungscodes und der Kontowechsel sind gesperrt, bis der Cloud-Upload gelingt. Das normale Spiel bleibt verfügbar.",L'utilisation d'autres codes de récompense et le changement de compte sont bloqués tant que l'envoi vers le cloud n'a pas abouti. Le jeu normal reste disponible.
Reward code cloud upload restriction,Reward code cloud upload restriction,Limitazione del caricamento cloud del codice premio,Einschränkung beim Cloud-Upload des Belohnungscodes,Restriction d'envoi cloud du code de récompense
Enter a reward code to check eligibility.,Enter a reward code to check eligibility.,Inserisci un codice premio per verificarne l'idoneità.,"Gib einen Belohnungscode ein, um die Berechtigung zu prüfen.",Saisis un code de récompense pour vérifier son éligibilité.
This code is eligible for the currently verified profile.,This code is eligible for the currently verified profile.,Questo codice è valido per il profilo attualmente verificato.,Dieser Code ist für das aktuell verifizierte Profil gültig.,Ce code est valable pour le profil actuellement vérifié.
That reward code is invalid. Nothing was consumed.,That reward code is invalid. Nothing was consumed.,Il codice premio non è valido. Non è stato consumato nulla.,Dieser Belohnungscode ist ungültig. Es wurde nichts verbraucht.,Ce code de récompense n'est pas valide. Rien n'a été utilisé.
Code capitalization does not match. Reward codes are case-sensitive; nothing was consumed.,Code capitalization does not match. Reward codes are case-sensitive; nothing was consumed.,Le maiuscole del codice non corrispondono. I codici premio distinguono maiuscole e minuscole; non è stato consumato nulla.,Die Groß-/Kleinschreibung des Codes stimmt nicht. Prämiencodes unterscheiden Groß- und Kleinschreibung; es wurde nichts verbraucht.,La casse du code ne correspond pas. Les codes de récompense sont sensibles à la casse ; rien n'a été consommé.
Legendary Pet Pack code capitalization does not match. Reward codes are case-sensitive; nothing was consumed.,Legendary Pet Pack code capitalization does not match. Reward codes are case-sensitive; nothing was consumed.,Le maiuscole del codice del Pacchetto Famiglio Leggendario non corrispondono. I codici premio distinguono maiuscole e minuscole; non è stato consumato nulla.,Die Groß-/Kleinschreibung des Codes für das Legendäre Begleiter-Paket stimmt nicht. Bei Belohnungscodes wird zwischen Groß- und Kleinschreibung unterschieden; es wurde nichts verbraucht.,La casse du code du Pack Familier Légendaire ne correspond pas. Les codes de récompense respectent la casse ; rien n'a été utilisé.
This reward code was already redeemed by this Play Games profile.,This reward code was already redeemed by this Play Games profile.,Questo codice premio è già stato riscattato da questo profilo Play Games.,Dieser Belohnungscode wurde von diesem Play Games-Profil bereits eingelöst.,Ce code de récompense a déjà été utilisé par ce profil Play Games.
This Legendary Pet Pack reward code was already redeemed by this Play Games profile.,This Legendary Pet Pack reward code was already redeemed by this Play Games profile.,Questo codice premio del Pacchetto Famiglio Leggendario è già stato riscattato da questo profilo Play Games.,Dieser Belohnungscode für das Legendäre Begleiter-Paket wurde von diesem Play Games-Profil bereits eingelöst.,Ce code de récompense du Pack Familier Légendaire a déjà été utilisé par ce profil Play Games.
The Welcome Premium Pack is already owned. The code was not consumed.,The Welcome Premium Pack is already owned. The code was not consumed.,Il Pacchetto Premium di Benvenuto è già posseduto. Il codice non è stato consumato.,Das Premium-Willkommenspaket ist bereits vorhanden. Der Code wurde nicht verbraucht.,Le Pack Premium de Bienvenue est déjà en ta possession. Le code n'a pas été consommé.
The Legendary Pet Pack is already owned. The code was not consumed.,The Legendary Pet Pack is already owned. The code was not consumed.,Il Pacchetto Famiglio Leggendario è già posseduto. Il codice non è stato consumato.,Das Legendäre Begleiter-Paket ist bereits vorhanden. Der Code wurde nicht verbraucht.,Le Pack Familier Légendaire est déjà en ta possession. Le code n'a pas été consommé.
Your hero roster is full. Free a slot and try again; the code was not consumed.,Your hero roster is full. Free a slot and try again; the code was not consumed.,La lista degli eroi è piena. Libera uno slot e riprova; il codice non è stato consumato.,Dein Heldenaufgebot ist voll. Mache einen Platz frei und versuche es erneut; der Code wurde nicht verbraucht.,Ton effectif de héros est plein. Libère un emplacement et réessaie ; le code n'a pas été consommé.
Sign in to Google Play Games to verify this profile. The code was not consumed.,Sign in to Google Play Games to verify this profile. The code was not consumed.,Accedi a Google Play Games per verificare questo profilo. Il codice non è stato consumato.,"Melde dich bei Google Play Games an, um dieses Profil zu bestätigen. Der Code wurde nicht verbraucht.",Connecte-toi à Google Play Games pour vérifier ce profil. Le code n'a pas été utilisé.
Google Play Games is available in Android builds. The code was not consumed.,Google Play Games is available in Android builds. The code was not consumed.,Google Play Games è disponibile nelle versioni Android. Il codice non è stato consumato.,Google Play Games ist in Android-Versionen verfügbar. Der Code wurde nicht verbraucht.,Google Play Games est disponible dans les versions Android. Le code n'a pas été utilisé.
Finish Google Play Games cloud synchronization before redeeming. The code was not consumed.,Finish Google Play Games cloud synchronization before redeeming. The code was not consumed.,Completa la sincronizzazione cloud di Google Play Games prima del riscatto. Il codice non è stato consumato.,"Schließe die Cloud-Synchronisierung von Google Play Games ab, bevor du einlöst. Der Code wurde nicht verbraucht.",Termine la synchronisation cloud de Google Play Games avant de valider le code. Le code n'a pas été utilisé.
Retrying the reward-code cloud receipt…,Retrying the reward-code cloud receipt…,Nuovo tentativo di caricamento della ricevuta cloud del codice premio…,Cloud-Beleg des Belohnungscodes wird erneut hochgeladen…,Nouvelle tentative d'envoi du reçu cloud du code de récompense…
Redeeming code and committing the reward locally…,Redeeming code and committing the reward locally…,Riscatto del codice e salvataggio locale della ricompensa…,Code wird eingelöst und die Belohnung lokal gespeichert…,Utilisation du code et enregistrement local de la récompense…
Reward saved locally and usable now. Cloud receipt upload is pending; normal gameplay remains available.,Reward saved locally and usable now. Cloud receipt upload is pending; normal gameplay remains available.,Ricompensa salvata in locale e già utilizzabile. Il caricamento della ricevuta cloud è in attesa; il gioco normale resta disponibile.,Belohnung lokal gespeichert und sofort nutzbar. Der Upload des Cloud-Belegs steht noch aus; das normale Spiel bleibt verfügbar.,Récompense enregistrée localement et utilisable dès maintenant. L'envoi du reçu cloud est en attente ; le jeu normal reste disponible.
Reward code redeemed. The Welcome Premium Pack is ready to use.,Reward code redeemed. The Welcome Premium Pack is ready to use.,Codice premio riscattato. Il Pacchetto Premium di Benvenuto è pronto all'uso.,Belohnungscode eingelöst. Das Premium-Willkommenspaket ist einsatzbereit.,Code de récompense utilisé. Le Pack Premium de bienvenue est prêt à l'emploi.
Reward code redeemed. The Legendary Pet Pack is ready to use.,Reward code redeemed. The Legendary Pet Pack is ready to use.,Codice premio riscattato. Il Pacchetto Famiglio Leggendario è pronto all'uso.,Belohnungscode eingelöst. Das Legendäre Begleiter-Paket ist einsatzbereit.,Code de récompense utilisé. Le Pack Familier Légendaire est prêt à l'emploi.
"Reward code redeemed. The Legendary Pet Pack is owned; the Dreadbell Whale and 1,000 Gems will be delivered together when a stable slot is free.","Reward code redeemed. The Legendary Pet Pack is owned; the Dreadbell Whale and 1,000 Gems will be delivered together when a stable slot is free.",Codice premio riscattato. Il Pacchetto Famiglio Leggendario è posseduto; la Balena della campana funesta e 1.000 Gemme verranno consegnate insieme quando si libererà un posto nella stalla.,"Belohnungscode eingelöst. Das Legendäre Begleiter-Paket ist in deinem Besitz; der Schreckensglocken-Wal und 1.000 Edelsteine werden gemeinsam geliefert, sobald ein Stallplatz frei ist.",Code de récompense utilisé. Le Pack Familier Légendaire est acquis ; la Baleine du glas funeste et 1 000 gemmes seront livrées ensemble dès qu'un emplacement d'écurie sera libre.
The reward could not be saved. Nothing was consumed; try again.,The reward could not be saved. Nothing was consumed; try again.,Non è stato possibile salvare la ricompensa. Non è stato consumato nulla; riprova.,Die Belohnung konnte nicht gespeichert werden. Es wurde nichts verbraucht; versuche es erneut.,La récompense n'a pas pu être enregistrée. Rien n'a été consommé ; réessaie.
The reward code could not be redeemed. Nothing was consumed.,The reward code could not be redeemed. Nothing was consumed.,Non è stato possibile riscattare il codice premio. Non è stato consumato nulla.,Der Belohnungscode konnte nicht eingelöst werden. Es wurde nichts verbraucht.,Le code de récompense n'a pas pu être utilisé. Rien n'a été consommé.
Retry cloud upload,Retry cloud upload,Riprova caricamento cloud,Cloud-Upload erneut versuchen,Réessayer l'envoi vers le cloud
Retrying…,Retrying…,Nuovo tentativo…,Neuer Versuch…,Nouvel essai…
Processing…,Processing…,Elaborazione…,Verarbeitung…,Traitement…
Redeemed,Redeemed,Riscattato,Eingelöst,Utilisé
Redeem code,Redeem code,Riscatta codice,Code einlösen,Utiliser le code
Retry uploading the locally saved reward-code receipt to Google Play Games.,Retry uploading the locally saved reward-code receipt to Google Play Games.,Riprova a caricare su Google Play Games la ricevuta del codice premio salvata in locale.,"Versuche erneut, den lokal gespeicherten Beleg des Belohnungscodes zu Google Play Games hochzuladen.",Réessaie d'envoyer à Google Play Games le reçu du code de récompense enregistré localement.
Reward-code processing is in progress.,Reward-code processing is in progress.,Elaborazione del codice premio in corso.,Der Belohnungscode wird gerade verarbeitet.,Le traitement du code de récompense est en cours.
Redeem this code for the currently verified Play Games profile.,Redeem this code for the currently verified Play Games profile.,Riscatta questo codice per il profilo Play Games attualmente verificato.,Löse diesen Code für das derzeit bestätigte Play-Games-Profil ein.,Utilise ce code pour le profil Play Games actuellement vérifié.
This reward code has already been redeemed.,This reward code has already been redeemed.,Questo codice premio è già stato riscattato.,Dieser Belohnungscode wurde bereits eingelöst.,Ce code de récompense a déjà été utilisé.
Statistics,Statistics,Statistiche,Statistiken,Statistiques
View lifetime gameplay statistics,View lifetime gameplay statistics,Visualizza le statistiche complessive di gioco,Gesamte Spielstatistiken ansehen,Consulter les statistiques de jeu cumulées
Lifetime Statistics,Lifetime Statistics,Statistiche complessive,Gesamtstatistiken,Statistiques cumulées
Lifetime statistics are stored locally and remain available without Play Games sign-in.,Lifetime statistics are stored locally and remain available without Play Games sign-in.,Le statistiche complessive sono salvate in locale e restano disponibili senza accesso a Play Games.,Gesamtstatistiken werden lokal gespeichert und bleiben auch ohne Play-Games-Anmeldung verfügbar.,Les statistiques cumulées sont enregistrées localement et restent disponibles sans connexion à Play Games.
About lifetime statistics,About lifetime statistics,Informazioni sulle statistiche complessive,Über Gesamtstatistiken,À propos des statistiques globales
"Statistics are stored locally and work without Play Games sign-in. Play Time counts active foreground time only. Offline Progress Time is credited separately, capped at 12 hours per eligible absence, and overlapping time is never counted twice.","Statistics are stored locally and work without Play Games sign-in. Play Time counts active foreground time only. Offline Progress Time is credited separately, capped at 12 hours per eligible absence, and overlapping time is never counted twice.","Le statistiche sono salvate in locale e funzionano senza accesso a Play Games. Il Tempo di gioco conta solo il tempo attivo in primo piano. Il Tempo di progresso offline viene accreditato separatamente, fino a un massimo di 12 ore per ogni assenza idonea, e il tempo sovrapposto non viene mai contato due volte.","Die Statistiken werden lokal gespeichert und funktionieren ohne Play-Games-Anmeldung. Die Spielzeit zählt nur die aktive Zeit im Vordergrund. Die Offline-Fortschrittszeit wird getrennt gutgeschrieben, ist pro anrechenbarer Abwesenheit auf 12 Stunden begrenzt, und überlappende Zeit wird nie doppelt gezählt.","Les statistiques sont enregistrées localement et fonctionnent sans connexion à Play Games. Le Temps de jeu ne compte que le temps actif au premier plan. Le Temps de progression hors ligne est crédité séparément, plafonné à 12 heures par absence éligible, et le temps qui se chevauche n'est jamais compté deux fois."
Combat,Combat,Combattimento,Kampf,Combat
Progression,Progression,Progressione,Fortschritt,Progression
Economy,Economy,Economia,Wirtschaft,Économie
Play Time,Play Time,Tempo di gioco,Spielzeit,Temps de jeu
Show %s lifetime statistics,Show %s lifetime statistics,Mostra le statistiche complessive di %s,Gesamtstatistiken von %s anzeigen,Afficher les statistiques cumulées de %s
Monsters defeated,Monsters defeated,Mostri sconfitti,Besiegte Monster,Monstres vaincus
Damage dealt,Damage dealt,Danni inflitti,Verursachter Schaden,Dégâts infligés
Highest single-attack damage,Highest single-attack damage,Danno massimo di un singolo attacco,Höchster Schaden eines einzelnen Angriffs,Dégâts les plus élevés en une seule attaque
Highest single heal,Highest single heal,Cura singola massima,Größte Einzelheilung,Soin unique le plus élevé
Dungeons completed,Dungeons completed,Dungeon completati,Abgeschlossene Verliese,Donjons terminés
Raids completed,Raids completed,Raid completati,Abgeschlossene Raids,Raids terminés
Resonance Points gained,Resonance Points gained,Punti Risonanza ottenuti,Erhaltene Resonanzpunkte,Points de résonance obtenus
Highest hero level,Highest hero level,Livello eroe più alto,Höchste Heldenstufe,Niveau de héros le plus élevé
Highest Tower floor,Highest Tower floor,Piano più alto della Torre,Höchste Turmebene,Étage de la Tour le plus élevé
Highest Echo depth,Highest Echo depth,Profondità massima dell'Eco,Größte Echo-Tiefe,Profondeur d'Écho maximale
Items crafted,Items crafted,Oggetti creati,Hergestellte Gegenstände,Objets fabriqués
Heroes recruited,Heroes recruited,Eroi reclutati,Rekrutierte Helden,Héros recrutés
Pets hatched,Pets hatched,Famigli schiusi,Geschlüpfte Begleiter,Familiers éclos
Unique items discovered,Unique items discovered,Oggetti unici scoperti,Einzigartige Gegenstände entdeckt,Objets uniques découverts
Unique monsters discovered,Unique monsters discovered,Mostri unici scoperti,Einzigartige Monster entdeckt,Monstres uniques découverts
Coins earned,Coins earned,Monete ottenute,Erhaltene Münzen,Pièces obtenues
Coins spent,Coins spent,Monete spese,Ausgegebene Münzen,Pièces dépensées
Gems earned,Gems earned,Gemme ottenute,Erhaltene Edelsteine,Gemmes obtenues
Gems spent,Gems spent,Gemme spese,Ausgegebene Edelsteine,Gemmes dépensées
Items sold,Items sold,Oggetti venduti,Verkaufte Gegenstände,Objets vendus
Offline Progress Time,Offline Progress Time,Tempo di progresso offline,Offline-Fortschrittszeit,Temps de progression hors ligne
Lifetime statistic value.,Lifetime statistic value.,Valore statistico complessivo.,Gesamtstatistikwert.,Valeur de statistique cumulée.
At least this amount,At least this amount,Almeno questo importo,Mindestens dieser Betrag,Au moins ce montant
%s gems,%s gems,%s gemme,%s Edelsteine,%s gemmes
Tracked since version %s.,Tracked since version %s.,Monitorato dalla versione %s.,Erfasst seit Version %s.,Suivi depuis la version %s.
At least this value; the shared achievement counter stops at its target.,At least this value; the shared achievement counter stops at its target.,Almeno questo valore; il contatore dell'obiettivo condiviso si ferma al traguardo.,Mindestens dieser Wert; der geteilte Erfolgszähler stoppt bei seinem Ziel.,Au moins cette valeur ; le compteur de succès partagé s'arrête à son objectif.
Record set %s.,Record set %s.,Record stabilito il %s.,Rekord aufgestellt am %s.,Record établi le %s.
Last increased %s.,Last increased %s.,Ultimo incremento il %s.,Zuletzt erhöht am %s.,Dernière augmentation le %s.
Earlier history and its original date are unavailable.,Earlier history and its original date are unavailable.,La cronologia precedente e la data originale non sono disponibili.,Frühere Verläufe und ihr ursprüngliches Datum sind nicht verfügbar.,L'historique antérieur et sa date d'origine ne sont pas disponibles.
At least %s,At least %s,Almeno %s,Mindestens %s,Au moins %s
"%s platinum, %s gold, %s silver, %s copper","%s platinum, %s gold, %s silver, %s copper","%s platino, %s oro, %s argento, %s rame","%s Platin, %s Gold, %s Silber, %s Kupfer","%s platine, %s or, %s argent, %s cuivre"
What's New,What's New,Novità,Neuigkeiten,Nouveautés
VERSION %s,VERSION %s,VERSIONE %s,VERSION %s,VERSION %s
Highlights from this update,Highlights from this update,Novità principali di questo aggiornamento,Höhepunkte dieses Updates,Points forts de cette mise à jour
A steadier adventure,A steadier adventure,Un'avventura più equilibrata,Ein ausgeglicheneres Abenteuer,Une aventure plus équilibrée
"Heroes, dungeons, Mist, Ascension, equipment, and progression have been rebalanced for a smoother climb.","Heroes, dungeons, Mist, Ascension, equipment, and progression have been rebalanced for a smoother climb.","Eroi, dungeon, Nebbia, Ascensione, equipaggiamento e progressione sono stati ribilanciati per un avanzamento più fluido.","Helden, Verliese, Nebel, Aufstieg, Ausrüstung und Fortschritt wurden neu ausbalanciert, damit der Weg nach oben runder verläuft.","Les héros, les donjons, la Brume, l'Ascension, l'équipement et la progression ont été rééquilibrés pour une montée plus fluide."
"Raid sets, reforged","Raid sets, reforged","Set da raid, riforgiati","Raid-Sets, neu geschmiedet","Sets de raid, reforgés"
"Every raid set is now three pieces with its own gear identity, plus new craftable raid armors and reforging that keeps a piece's effects.","Every raid set is now three pieces with its own gear identity, plus new craftable raid armors and reforging that keeps a piece's effects.","Ogni set da raid ora è composto da tre pezzi con una propria identità di equipaggiamento, con nuove armature da raid creabili e una riforgiatura che conserva gli effetti del pezzo.","Jedes Raid-Set besteht jetzt aus drei Teilen mit eigener Ausrüstungsidentität, dazu kommen neue herstellbare Raid-Rüstungen und ein Umschmieden, das die Effekte eines Teils erhält.","Chaque set de raid compte désormais trois pièces avec sa propre identité d'équipement, avec de nouvelles armures de raid fabricables et une reforge qui conserve les effets d'une pièce."
Tower of Resonance,Tower of Resonance,Torre della Risonanza,Turm der Resonanz,Tour de Résonance
"The renamed Tower now has Auto-Advance, stronger final floors, checkpoint rewards, and clearer Echo Resonance guidance.","The renamed Tower now has Auto-Advance, stronger final floors, checkpoint rewards, and clearer Echo Resonance guidance.","La Torre, ora rinominata, offre Avanzamento automatico, piani finali più difficili, ricompense ai checkpoint e indicazioni più chiare sulla Risonanza dell'Eco.","Der umbenannte Turm bietet jetzt Automatisches Vorrücken, stärkere Endebenen, Kontrollpunkt-Belohnungen und klarere Hinweise zur Echo-Resonanz.","La Tour renommée propose désormais l'Avancée automatique, des étages finaux plus coriaces, des récompenses de point de contrôle et des indications plus claires sur la Résonance d'Écho."
More ways to grow,More ways to grow,Più modi per progredire,Mehr Wege zu wachsen,Plus de façons de progresser
"Achievements, pet upgrades, shared Legendary pity, and a new Legendary companion pack expand long-term progression.","Achievements, pet upgrades, shared Legendary pity, and a new Legendary companion pack expand long-term progression.","Obiettivi, potenziamenti dei famigli, garanzia Leggendaria condivisa e un nuovo pacchetto famiglio Leggendario ampliano la progressione a lungo termine.","Erfolge, Begleiter-Verbesserungen, eine geteilte Legendär-Garantie und ein neues legendäres Begleiterpaket erweitern den langfristigen Fortschritt.","Les succès, les améliorations de familiers, une garantie Légendaire partagée et un nouveau pack de compagnons Légendaires étendent la progression à long terme."
A smoother interface,A smoother interface,Un'interfaccia più fluida,Eine flüssigere Oberfläche,Une interface plus fluide
"Raid and Echo screens, combat management, equipment comparisons, nested popups, and device notifications are clearer and easier to use.","Raid and Echo screens, combat management, equipment comparisons, nested popups, and device notifications are clearer and easier to use.","Schermate Raid ed Eco, gestione del combattimento, confronti dell'equipaggiamento, popup annidati e notifiche del dispositivo sono più chiari e facili da usare.","Raid- und Echo-Bildschirme, Kampfverwaltung, Ausrüstungsvergleiche, verschachtelte Fenster und Gerätebenachrichtigungen sind klarer und leichter zu bedienen.","Les écrans de Raid et d'Écho, la gestion du combat, les comparaisons d'équipement, les fenêtres imbriquées et les notifications de l'appareil sont plus clairs et plus faciles à utiliser."
Faster and lighter,Faster and lighter,Più veloce e leggero,Schneller und leichter,Plus rapide et plus léger
"Menus and buttons respond far faster, catching up after a long absence takes seconds instead of minutes, and the download is about half its old size.","Menus and buttons respond far faster, catching up after a long absence takes seconds instead of minutes, and the download is about half its old size.","Menu e pulsanti rispondono molto più rapidamente, il recupero dopo una lunga assenza richiede secondi invece di minuti e il download pesa circa la metà di prima.","Menüs und Schaltflächen reagieren deutlich schneller, das Aufholen nach langer Abwesenheit dauert Sekunden statt Minuten, und der Download ist nur noch etwa halb so groß.","Les menus et les boutons réagissent bien plus vite, le rattrapage après une longue absence prend des secondes au lieu de minutes, et le téléchargement fait environ la moitié de sa taille précédente."
What's New · Version %s,What's New · Version %s,Novità · Versione %s,Neuerungen · Version %s,Nouveautés · Version %s
Open the current release highlights.,Open the current release highlights.,Apri le novità della versione attuale.,Die Höhepunkte der aktuellen Version öffnen.,Ouvrir les points forts de la version actuelle.
"Beyond Floor 70, five heroes face one Guardian floor each UTC day under three shifting laws and return with permanent Resonance.","Beyond Floor 70, five heroes face one Guardian floor each UTC day under three shifting laws and return with permanent Resonance.","Oltre il Piano 70, cinque eroi affrontano un piano del Guardiano ogni giorno UTC sotto tre leggi mutevoli e tornano con Risonanza permanente.",Jenseits von Ebene 70 bestreiten fünf Helden an jedem UTC-Tag eine Wächterebene unter drei wechselnden Gesetzen und kehren mit dauerhafter Resonanz zurück.,"Au-delà de l'Étage 70, cinq héros affrontent un étage du Gardien chaque jour UTC sous trois lois changeantes et reviennent avec une Résonance permanente."
Echo Descent - Today's floor is complete. The next daily floor opens at 00:00 UTC.,Echo Descent - Today's floor is complete. The next daily floor opens at 00:00 UTC.,Discesa dell'Eco - Il piano di oggi è completato. Il prossimo piano giornaliero si apre alle 00:00 UTC.,Echo-Abstieg - Die heutige Ebene ist abgeschlossen. Die nächste tägliche Ebene öffnet um 00:00 UTC.,Descente d'Écho - L'étage du jour est terminé. Le prochain étage quotidien s'ouvre à 00:00 UTC.
"Today's Echo floor is complete.
Secured Anchor: %s · Deepest reached: %s","Today's Echo floor is complete.
Secured Anchor: %s · Deepest reached: %s","Il piano dell'Eco di oggi è completato.
Ancora consolidata: %s · Profondità massima raggiunta: %s","Die Echo-Ebene von heute ist abgeschlossen.
Gesicherter Anker: %s · Tiefster Punkt: %s","L'étage d'Écho du jour est terminé.
Ancre sécurisée : %s · Profondeur maximale : %s"
"Today's floor: Depth %s to Anchor %s
Secured Anchor: %s · Deepest reached: %s","Today's floor: Depth %s to Anchor %s
Secured Anchor: %s · Deepest reached: %s","Piano di oggi: Profondità %s verso Ancora %s
Ancora consolidata: %s · Profondità massima raggiunta: %s","Ebene von heute: Tiefe %s bis Anker %s
Gesicherter Anker: %s · Tiefster Punkt: %s","Étage du jour : Profondeur %s jusqu'à l'Ancre %s
Ancre sécurisée : %s · Profondeur maximale : %s"
Daily floor complete · +%s Resonance claimed for today's five heroes,Daily floor complete · +%s Resonance claimed for today's five heroes,Piano giornaliero completato · +%s Risonanza ottenuta dai cinque eroi di oggi,Tägliche Ebene abgeschlossen · +%s Resonanz für die fünf Helden von heute erhalten,Étage quotidien terminé · +%s Résonance obtenue pour les cinq héros du jour
Daily floor ready · Guardian clear grants +%s Resonance and secures Anchor %s,Daily floor ready · Guardian clear grants +%s Resonance and secures Anchor %s,Piano giornaliero pronto · Sconfiggere il Guardiano concede +%s Risonanza e consolida l'Ancora %s,Tägliche Ebene bereit · Ein Wächtersieg gewährt +%s Resonanz und sichert Anker %s,Étage quotidien prêt · Vaincre le Gardien accorde +%s Résonance et sécurise l'Ancre %s
"Echo Descent unlocks after Tower Floor %s. Each UTC day offers one Guardian floor.

Failure or abandon lets the party retry today's floor from its secured Anchor. A successful clear closes Echo until the next daily reset, and Echo monsters grant no ordinary item drops.

Recommended: Career Lv. %s · Tier %s gear","Echo Descent unlocks after Tower Floor %s. Each UTC day offers one Guardian floor.

Failure or abandon lets the party retry today's floor from its secured Anchor. A successful clear closes Echo until the next daily reset, and Echo monsters grant no ordinary item drops.

Recommended: Career Lv. %s · Tier %s gear","La Discesa dell'Eco si sblocca dopo il Piano %s della Torre. Ogni giorno UTC offre un piano del Guardiano.

Una sconfitta o un abbandono permette al gruppo di ritentare il piano di oggi dalla sua Ancora consolidata. Una vittoria chiude l'Eco fino al prossimo ripristino giornaliero e i mostri dell'Eco non lasciano oggetti normali.

Consigliato: Livello carriera %s · Equipaggiamento T%s","Der Echo-Abstieg wird nach Turmebene %s freigeschaltet. Jeder UTC-Tag bietet eine Wächterebene.

Bei Niederlage oder Abbruch kann die Gruppe die heutige Ebene vom gesicherten Anker aus erneut versuchen. Ein Sieg schließt Echo bis zum nächsten Tagesreset, und Echo-Monster lassen keine gewöhnlichen Gegenstände fallen.

Empfohlen: Karrierestufe %s · Ausrüstung Grad %s","La Descente d'Écho se débloque après l'Étage %s de la Tour. Chaque jour UTC propose un étage du Gardien.

En cas d'échec ou d'abandon, le groupe peut retenter l'étage du jour depuis son Ancre sécurisée. Une victoire referme l'Écho jusqu'à la prochaine réinitialisation quotidienne, et les monstres d'Écho ne laissent aucun butin ordinaire.

Recommandé : Niv. de carrière %s · Équipement palier %s"
"Clearing the daily Guardian secures the next Anchor and grants +%s Resonance to every hero in the victorious formation. Echo then closes until 00:00 UTC, so each hero can gain at most one Resonance rank per day. Resonance has a maximum rank of %s. Each rank grants +2%% maximum HP and Attack, plus +0.5 Defense and Magic Defense, helping those heroes climb higher Tower floors.","Clearing the daily Guardian secures the next Anchor and grants +%s Resonance to every hero in the victorious formation. Echo then closes until 00:00 UTC, so each hero can gain at most one Resonance rank per day. Resonance has a maximum rank of %s. Each rank grants +2%% maximum HP and Attack, plus +0.5 Defense and Magic Defense, helping those heroes climb higher Tower floors.","Sconfiggere il Guardiano giornaliero consolida l'Ancora successiva e concede +%s Risonanza a ogni eroe della formazione vincente. L'Eco si chiude quindi fino alle 00:00 UTC, così ogni eroe può ottenere al massimo un grado di Risonanza al giorno. La Risonanza ha un grado massimo di %s. Ogni grado concede +2%% a PV massimi e Attacco, oltre a +0,5 a Difesa e Difesa magica, aiutando quegli eroi a salire ai piani più alti della Torre.","Der Abschluss des täglichen Wächters sichert den nächsten Anker und gewährt jedem Helden der siegreichen Formation +%s Resonanz. Danach schließt Echo bis 00:00 UTC, sodass jeder Held höchstens einen Resonanzrang pro Tag erhalten kann. Resonanz hat einen Höchstrang von %s. Jeder Rang gewährt +2%% maximale LP und Angriff sowie +0,5 Verteidigung und Magieverteidigung und hilft diesen Helden, höhere Turmebenen zu erklimmen.","Vaincre le Gardien quotidien sécurise l'Ancre suivante et accorde +%s Résonance à chaque héros de la formation victorieuse. L'Écho se referme ensuite jusqu'à 00:00 UTC, si bien que chaque héros ne peut gagner qu'un rang de Résonance par jour au maximum. La Résonance a un rang maximal de %s. Chaque rang accorde +2%% de PV maximum et d'Attaque, plus +0,5 de Défense et de Défense magique, ce qui aide ces héros à gravir des étages plus hauts de la Tour."
"Three laws reshape damage, recovery, and combat openings. They rotate at 00:00 UTC, while a started floor keeps the laws it began with until that fight resolves. Review today's laws in Overview before arranging the formation; during a push, Info shows the locked set.","Three laws reshape damage, recovery, and combat openings. They rotate at 00:00 UTC, while a started floor keeps the laws it began with until that fight resolves. Review today's laws in Overview before arranging the formation; during a push, Info shows the locked set.","Tre leggi rimodellano danni, recupero e aperture in combattimento. Cambiano alle 00:00 UTC, mentre un piano avviato mantiene le leggi con cui è iniziato finché lo scontro non si risolve. Consulta le leggi di oggi in Panoramica prima di organizzare la formazione; durante un'avanzata, Info mostra il set vincolato.","Drei Gesetze verändern Schaden, Erholung und Kampfauftakte. Sie wechseln um 00:00 UTC, während eine begonnene Ebene die Gesetze behält, mit denen sie gestartet ist, bis dieser Kampf entschieden ist. Sieh dir die heutigen Gesetze in der Übersicht an, bevor du die Formation aufstellst; während eines Vorstoßes zeigt Info den festgelegten Satz.","Trois lois remodèlent les dégâts, la récupération et les ouvertures de combat. Elles changent à 00:00 UTC, tandis qu'un étage commencé conserve les lois avec lesquelles il a débuté jusqu'à la résolution du combat. Consulte les lois du jour dans Aperçu avant d'organiser la formation ; pendant une avancée, Info affiche le jeu de lois verrouillé."
Locked for this floor; daily rotation cannot change this run.,Locked for this floor; daily rotation cannot change this run.,Vincolate a questo piano; il cambio giornaliero non può modificare questa avanzata.,Für diese Ebene festgelegt; der tägliche Wechsel kann diesen Durchgang nicht ändern.,Verrouillées pour cet étage ; le changement quotidien ne peut pas modifier cette tentative.
Next daily floor at 00:00 UTC in %s,Next daily floor at 00:00 UTC in %s,Prossimo piano giornaliero alle 00:00 UTC tra %s,Nächste Tagesebene um 00:00 UTC in %s,Prochain étage quotidien à 00:00 UTC dans %s
Today's Echo floor is complete; the next floor opens at 00:00 UTC,Today's Echo floor is complete; the next floor opens at 00:00 UTC,Il piano dell'Eco di oggi è completato; il prossimo si apre alle 00:00 UTC,Die Echo-Ebene von heute ist abgeschlossen; die nächste Ebene öffnet um 00:00 UTC,L'étage d'Écho du jour est terminé ; le prochain étage s'ouvre à 00:00 UTC
Depth %s | Daily floor %s/%s,Depth %s | Daily floor %s/%s,Profondità %s | Piano giornaliero %s/%s,Tiefe %s | Tägliche Ebene %s/%s,Profondeur %s | Étage quotidien %s/%s
"Permanent Echo power. Rank %s grants +%s%% max HP and Attack, and +%.1f Defense and Magic Defense. Today's single Guardian floor grants +%s Echo Resonance to exactly five heroes, then closes until 00:00 UTC.","Permanent Echo power. Rank %s grants +%s%% max HP and Attack, and +%.1f Defense and Magic Defense. Today's single Guardian floor grants +%s Echo Resonance to exactly five heroes, then closes until 00:00 UTC.","Potere permanente dell'Eco. Il grado %s concede +%s%% a PV massimi e Attacco e +%.1f a Difesa e Difesa magica. L'unico piano del Guardiano di oggi concede +%s Risonanza dell'Eco a esattamente cinque eroi, poi si chiude fino alle 00:00 UTC.",Dauerhafte Echo-Macht. Rang %s gewährt +%s%% maximale LP und Angriff sowie +%.1f Verteidigung und Magieverteidigung. Die heutige einzelne Wächter-Ebene gewährt genau fünf Helden +%s Echo-Resonanz und schließt dann bis 00:00 UTC.,"Puissance d'Écho permanente. Le rang %s accorde +%s%% de PV max et d'Attaque, ainsi que +%.1f en Défense et Défense magique. L'unique étage du Gardien du jour accorde +%s Résonance d'Écho à exactement cinq héros, puis ferme jusqu'à 00:00 UTC."
Echo Depth %s cleared; Anchor %s held,Echo Depth %s cleared; Anchor %s held,Profondità dell'Eco %s superata; Ancora %s mantenuta,Echo-Tiefe %s abgeschlossen; Anker %s gehalten,Profondeur d'Écho %s terminée ; Ancre %s conservée
Daily floor complete,Daily floor complete,Piano giornaliero completato,Tägliche Ebene abgeschlossen,Étage quotidien terminé
"[b]Plan today's floor in Overview[/b]

Overview keeps the next depth and Anchor, today's completion state, current laws, formation readiness, and the formation action together.

[b]Use Guide as the rules reference[/b]
Guide holds the daily-floor structure, Anchor and retry rules, daily Resonance limit, law timing, recommendations, and clear history.

[b]During the floor[/b]
Battle shows live combat. Info shows the laws locked to that floor. Abandoning returns the party to its secured Anchor so it can retry today.","[b]Plan today's floor in Overview[/b]

Overview keeps the next depth and Anchor, today's completion state, current laws, formation readiness, and the formation action together.

[b]Use Guide as the rules reference[/b]
Guide holds the daily-floor structure, Anchor and retry rules, daily Resonance limit, law timing, recommendations, and clear history.

[b]During the floor[/b]
Battle shows live combat. Info shows the laws locked to that floor. Abandoning returns the party to its secured Anchor so it can retry today.","[b]Pianifica il piano di oggi in Panoramica[/b]

Panoramica riunisce la prossima profondità e Ancora, lo stato di completamento odierno, le leggi attuali, la prontezza della formazione e la relativa azione.

[b]Usa Guida come riferimento per le regole[/b]
Guida contiene la struttura del piano giornaliero, le regole di Ancora e ritentativo, il limite giornaliero di Risonanza, gli orari delle leggi, i consigli e lo storico delle vittorie.

[b]Durante il piano[/b]
Battaglia mostra il combattimento in corso. Info mostra le leggi vincolate a quel piano. Abbandonare riporta il gruppo alla sua Ancora consolidata, così può ritentare oggi.","[b]Plane die heutige Ebene in der Übersicht[/b]

Die Übersicht vereint die nächste Tiefe und den nächsten Anker, den heutigen Abschlussstand, die aktuellen Gesetze, die Bereitschaft der Formation und die Formationsaktion.

[b]Nutze den Guide als Regelwerk[/b]
Der Guide enthält den Aufbau der Tagesebene, die Anker- und Wiederholungsregeln, das tägliche Resonanzlimit, die Zeitpunkte der Gesetze, Empfehlungen und den Verlauf deiner Siege.

[b]Während der Ebene[/b]
Kampf zeigt das laufende Geschehen. Info zeigt die für diese Ebene festgelegten Gesetze. Ein Abbruch bringt die Gruppe zu ihrem gesicherten Anker zurück, damit sie es heute erneut versuchen kann.","[b]Planifie l'étage du jour dans Aperçu[/b]

Aperçu réunit la profondeur et l'Ancre suivantes, l'état d'achèvement du jour, les lois actuelles, l'état de préparation de la formation et l'action de formation.

[b]Utilise Guide comme référence des règles[/b]
Guide contient la structure de l'étage quotidien, les règles d'Ancre et de nouvelle tentative, la limite quotidienne de Résonance, le calendrier des lois, les recommandations et l'historique des victoires.

[b]Pendant l'étage[/b]
Combat affiche le combat en direct. Info affiche les lois verrouillées pour cet étage. Abandonner ramène le groupe à son Ancre sécurisée afin qu'il puisse réessayer aujourd'hui."
"After the Tower unlock, five heroes face one daily Guardian fight under a randomly selected three-law theme and return with permanent Resonance.","After the Tower unlock, five heroes face one daily Guardian fight under a randomly selected three-law theme and return with permanent Resonance.","Dopo lo sblocco della Torre, cinque eroi affrontano uno scontro giornaliero con il Guardiano sotto un tema casuale di tre leggi e ottengono Risonanza permanente.",Nach der Freischaltung des Turms bestreiten fünf Helden einen täglichen Wächterkampf unter einem zufällig gewählten Thema aus drei Gesetzen und kehren mit dauerhafter Resonanz zurück.,"Après le déblocage de la Tour, cinq héros affrontent un combat quotidien contre le Gardien sous un thème de trois lois choisi au hasard et reviennent avec une Résonance permanente."
[color=yellow]The daily Echo fight was abandoned. You can challenge it again today.[/color],[color=yellow]The daily Echo fight was abandoned. You can challenge it again today.[/color],[color=yellow]Lo scontro giornaliero dell'Eco è stato abbandonato. Puoi affrontarlo di nuovo oggi.[/color],[color=yellow]Der tägliche Echo-Kampf wurde abgebrochen. Du kannst ihn heute erneut annehmen.[/color],[color=yellow]Le combat d'Écho quotidien a été abandonné. Tu peux le relever de nouveau aujourd'hui.[/color]
[color=yellow]Daily Echo fight won.[/color],[color=yellow]Daily Echo fight won.[/color],[color=yellow]Scontro giornaliero dell'Eco vinto.[/color],[color=yellow]Täglicher Echo-Kampf gewonnen.[/color],[color=yellow]Combat d'Écho quotidien remporté.[/color]
Daily fight in progress,Daily fight in progress,Scontro giornaliero in corso,Täglicher Kampf läuft,Combat quotidien en cours
Daily fight complete,Daily fight complete,Scontro giornaliero completato,Täglicher Kampf abgeschlossen,Combat quotidien terminé
Daily fight ready,Daily fight ready,Scontro giornaliero pronto,Täglicher Kampf bereit,Combat quotidien prêt
Daily laws | %s,Daily laws | %s,Leggi giornaliere | %s,Tagesgesetze | %s,Lois quotidiennes | %s
Daily fight in progress | %s/%s heroes | %s/%s companions,Daily fight in progress | %s/%s heroes | %s/%s companions,Scontro giornaliero in corso | %s/%s eroi | %s/%s famigli,Täglicher Kampf läuft | %s/%s Helden | %s/%s Begleiter,Combat quotidien en cours | %s/%s héros | %s/%s compagnons
Daily fight | Kills %s | Deaths %s | XP %s,Daily fight | Kills %s | Deaths %s | XP %s,Scontro giornaliero | Uccisioni %s | Morti %s | PE %s,Täglicher Kampf | Siege %s | Tode %s | EP %s,Combat quotidien | Victoires %s | Morts %s | XP %s
Echo Descent - unlocks after the Tower's %sth challenge,Echo Descent - unlocks after the Tower's %sth challenge,Discesa dell'Eco - si sblocca dopo la sfida numero %s della Torre,Echo-Abstieg - wird nach der %s. Herausforderung des Turms freigeschaltet,Descente d'Écho - se débloque après le %se défi de la Tour
Echo Descent - Today's fight is in progress. Open the active fight.,Echo Descent - Today's fight is in progress. Open the active fight.,Discesa dell'Eco - Lo scontro di oggi è in corso. Apri lo scontro attivo.,Echo-Abstieg - Der heutige Kampf läuft. Öffne den aktiven Kampf.,Descente d'Écho - Le combat du jour est en cours. Ouvre le combat actif.
Echo Descent - Today's fight is complete. The next challenge opens at 00:00 UTC.,Echo Descent - Today's fight is complete. The next challenge opens at 00:00 UTC.,Discesa dell'Eco - Lo scontro di oggi è completato. La prossima sfida si apre alle 00:00 UTC.,Echo-Abstieg - Der heutige Kampf ist abgeschlossen. Die nächste Herausforderung öffnet um 00:00 UTC.,Descente d'Écho - Le combat du jour est terminé. Le prochain défi s'ouvre à 00:00 UTC.
Echo Descent - Today's fight is ready. Open Echo Descent.,Echo Descent - Today's fight is ready. Open Echo Descent.,Discesa dell'Eco - Lo scontro di oggi è pronto. Apri la Discesa dell'Eco.,Echo-Abstieg - Der heutige Kampf ist bereit. Öffne den Echo-Abstieg.,Descente d'Écho - Le combat du jour est prêt. Ouvre la Descente d'Écho.
TODAY'S FIGHT,TODAY'S FIGHT,SCONTRO DI OGGI,DER KAMPF VON HEUTE,LE COMBAT DU JOUR
Today's Echo fight is complete.,Today's Echo fight is complete.,Lo scontro dell'Eco di oggi è completato.,Der Echo-Kampf von heute ist abgeschlossen.,Le combat d'Écho du jour est terminé.
Today's Echo fight is ready.,Today's Echo fight is ready.,Lo scontro dell'Eco di oggi è pronto.,Der Echo-Kampf von heute ist bereit.,Le combat d'Écho du jour est prêt.
Daily fight complete · +%s Resonance claimed for today's five heroes,Daily fight complete · +%s Resonance claimed for today's five heroes,Scontro giornaliero completato · +%s Risonanza ottenuta dai cinque eroi di oggi,Täglicher Kampf abgeschlossen · +%s Resonanz für die fünf Helden von heute erhalten,Combat quotidien terminé · +%s Résonance obtenue pour les cinq héros du jour
Daily fight ready · Win to grant +%s Resonance to all five heroes,Daily fight ready · Win to grant +%s Resonance to all five heroes,Scontro giornaliero pronto · Vinci per concedere +%s Risonanza a tutti e cinque gli eroi,"Täglicher Kampf bereit · Siege, um allen fünf Helden +%s Resonanz zu gewähren",Combat quotidien prêt · Gagne pour accorder +%s Résonance aux cinq héros
"Echo Descent unlocks after the Tower's %sth challenge. Each UTC day offers one Guardian fight.

Failure or abandonment lets the party retry today's fight. Winning closes Echo until the next daily reset, and Echo monsters grant no ordinary item drops.

Recommended: Career Lv. %s · Tier %s gear","Echo Descent unlocks after the Tower's %sth challenge. Each UTC day offers one Guardian fight.

Failure or abandonment lets the party retry today's fight. Winning closes Echo until the next daily reset, and Echo monsters grant no ordinary item drops.

Recommended: Career Lv. %s · Tier %s gear","La Discesa dell'Eco si sblocca dopo la sfida numero %s della Torre. Ogni giorno UTC offre uno scontro con il Guardiano.

Una sconfitta o un abbandono permette al gruppo di ritentare lo scontro di oggi. Una vittoria chiude l'Eco fino al prossimo ripristino giornaliero e i mostri dell'Eco non rilasciano oggetti ordinari.

Consigliato: livello carriera %s · equipaggiamento grado %s","Der Echo-Abstieg wird nach der %s. Herausforderung des Turms freigeschaltet. Jeder UTC-Tag bietet einen Wächterkampf.

Bei Niederlage oder Abbruch kann die Gruppe den heutigen Kampf erneut versuchen. Ein Sieg schließt Echo bis zum nächsten Tagesreset, und Echo-Monster lassen keine gewöhnlichen Gegenstände fallen.

Empfohlen: Karrierestufe %s · Ausrüstung Grad %s","La Descente d'Écho se débloque après le %se défi de la Tour. Chaque jour UTC propose un combat contre le Gardien.

En cas d'échec ou d'abandon, le groupe peut retenter le combat du jour. Une victoire referme l'Écho jusqu'à la prochaine réinitialisation quotidienne, et les monstres d'Écho ne laissent aucun butin ordinaire.

Recommandé : Niv. de carrière %s · Équipement palier %s"
Daily fights won: %s,Daily fights won: %s,Scontri giornalieri vinti: %s,Gewonnene tägliche Kämpfe: %s,Combats quotidiens remportés : %s
"Winning the daily fight grants +%s Resonance to every hero in the victorious formation. Echo then closes until 00:00 UTC, so each hero can gain at most one Resonance rank per day. Resonance has a maximum rank of %s. Each rank grants +2%% maximum HP and Attack, plus +0.5 Defense and Magic Defense, helping those heroes climb higher in the Tower.","Winning the daily fight grants +%s Resonance to every hero in the victorious formation. Echo then closes until 00:00 UTC, so each hero can gain at most one Resonance rank per day. Resonance has a maximum rank of %s. Each rank grants +2%% maximum HP and Attack, plus +0.5 Defense and Magic Defense, helping those heroes climb higher in the Tower.","Vincere lo scontro giornaliero concede +%s Risonanza a ogni eroe della formazione vincente. L'Eco si chiude quindi fino alle 00:00 UTC, così ogni eroe può ottenere al massimo un grado di Risonanza al giorno. La Risonanza ha un grado massimo di %s. Ogni grado concede +2%% a PV massimi e Attacco, oltre a +0,5 a Difesa e Difesa magica, aiutando quegli eroi a salire più in alto nella Torre.","Ein Sieg im täglichen Kampf gewährt jedem Helden der siegreichen Formation +%s Resonanz. Danach schließt Echo bis 00:00 UTC, sodass jeder Held höchstens einen Resonanzrang pro Tag erhalten kann. Resonanz hat einen maximalen Rang von %s. Jeder Rang gewährt +2%% maximale LP und Angriff sowie +0,5 Verteidigung und Magieverteidigung und hilft diesen Helden, im Turm höher zu steigen.","Remporter le combat quotidien accorde +%s Résonance à chaque héros de la formation victorieuse. Écho se referme ensuite jusqu'à 00:00 UTC, si bien que chaque héros peut gagner au maximum un rang de Résonance par jour. La Résonance a un rang maximal de %s. Chaque rang accorde +2%% de PV maximum et d'Attaque, ainsi que +0,5 en Défense et en Défense magique, aidant ces héros à monter plus haut dans la Tour."
"One randomly selected daily theme bundles three laws into a readable strategy. Themes rotate at 00:00 UTC, while a started fight keeps the laws it began with until it resolves. Review today's theme and laws in Overview before arranging the formation; during the fight, Info shows the locked set.","One randomly selected daily theme bundles three laws into a readable strategy. Themes rotate at 00:00 UTC, while a started fight keeps the laws it began with until it resolves. Review today's theme and laws in Overview before arranging the formation; during the fight, Info shows the locked set.","Un tema giornaliero selezionato casualmente combina tre leggi in una strategia leggibile. I temi cambiano alle 00:00 UTC, mentre uno scontro già iniziato mantiene le leggi con cui è iniziato finché non si risolve. Consulta il tema e le leggi di oggi in Panoramica prima di organizzare la formazione; durante lo scontro, Info mostra il set vincolato.","Ein zufällig gewähltes Tagesthema bündelt drei Gesetze zu einer lesbaren Strategie. Die Themen wechseln um 00:00 UTC, während ein begonnener Kampf bis zu seinem Ende die Gesetze behält, mit denen er gestartet ist. Sieh dir das heutige Thema und die Gesetze in der Übersicht an, bevor du die Formation aufstellst; während des Kampfes zeigt Info den festgelegten Satz.","Un thème quotidien choisi au hasard réunit trois lois en une stratégie lisible. Les thèmes changent à 00:00 UTC, tandis qu'un combat commencé conserve les lois de départ jusqu'à sa résolution. Consulte le thème et les lois du jour dans Aperçu avant d'organiser la formation ; pendant le combat, Infos affiche l'ensemble verrouillé."
"%s — %s
%s","%s — %s
%s","%s — %s
%s","%s — %s
%s","%s — %s
%s"
CURRENT FIGHT LAWS,CURRENT FIGHT LAWS,LEGGI DELLO SCONTRO ATTUALE,GESETZE DES AKTUELLEN KAMPFES,LOIS DU COMBAT ACTUEL
Locked for this fight; daily rotation cannot change it.,Locked for this fight; daily rotation cannot change it.,Vincolate a questo scontro; il cambio giornaliero non può modificarle.,Für diesen Kampf festgelegt; der tägliche Wechsel kann daran nichts ändern.,Verrouillées pour ce combat ; le changement quotidien ne peut rien y changer.
Next daily fight at 00:00 UTC in %s,Next daily fight at 00:00 UTC in %s,Prossimo scontro giornaliero alle 00:00 UTC tra %s,Nächster Tageskampf um 00:00 UTC in %s,Prochain combat quotidien à 00:00 UTC dans %s
The daily Echo fight is in progress. Finish or abandon it before attempting the Tower.,The daily Echo fight is in progress. Finish or abandon it before attempting the Tower.,Lo scontro giornaliero dell'Eco è in corso. Completalo o abbandonalo prima di tentare la Torre.,"Der tägliche Echo-Kampf läuft. Beende oder brich ihn ab, bevor du den Turm versuchst.",Le combat d'Écho quotidien est en cours. Termine-le ou abandonne-le avant de tenter la Tour.
"Abandon Fight
(Retry remains available)","Abandon Fight
(Retry remains available)","Abbandona lo scontro
(Puoi ancora ritentare)","Kampf abbrechen
(Erneuter Versuch bleibt möglich)","Abandonner le combat
(Nouvel essai possible)"
You can challenge today's Echo fight again,You can challenge today's Echo fight again,Puoi affrontare di nuovo lo scontro dell'Eco di oggi,Du kannst den heutigen Echo-Kampf erneut versuchen,Tu peux relever de nouveau le combat d'Écho du jour
Today's Echo fight is complete; the next challenge opens at 00:00 UTC,Today's Echo fight is complete; the next challenge opens at 00:00 UTC,Lo scontro dell'Eco di oggi è completato; la prossima sfida si apre alle 00:00 UTC,Der Echo-Kampf von heute ist abgeschlossen; die nächste Herausforderung öffnet um 00:00 UTC,Le combat d'Écho du jour est terminé ; le prochain défi s'ouvre à 00:00 UTC
Challenge Today's Echo Fight,Challenge Today's Echo Fight,Affronta lo scontro dell'Eco di oggi,Heutigen Echo-Kampf herausfordern,Affronter le combat d'Écho du jour
"ECHO DESCENT UNLOCK
Clear the Tower's %sth challenge to reveal the Echo icon beside this title.","ECHO DESCENT UNLOCK
Clear the Tower's %sth challenge to reveal the Echo icon beside this title.","SBLOCCO DISCESA DELL'ECO
Supera la sfida numero %s della Torre per mostrare l'icona dell'Eco accanto a questo titolo.","ECHO-ABSTIEG FREISCHALTEN
Schließe die %s. Herausforderung des Turms ab, um das Echo-Symbol neben diesem Titel zu enthüllen.","DÉBLOCAGE DE LA DESCENTE D'ÉCHO
Termine le %se défi de la Tour pour révéler l'icône d'Écho à côté de ce titre."
Echo Descent unlocks after clearing the Tower's %sth challenge.,Echo Descent unlocks after clearing the Tower's %sth challenge.,La Discesa dell'Eco si sblocca dopo aver superato la sfida numero %s della Torre.,Der Echo-Abstieg wird nach dem Abschluss der %s. Herausforderung des Turms freigeschaltet.,La Descente d'Écho se débloque après avoir terminé le %se défi de la Tour.
Finish or abandon the active Echo fight first,Finish or abandon the active Echo fight first,Completa o abbandona prima lo scontro attivo dell'Eco,Beende oder brich zuerst den aktiven Echo-Kampf ab,Termine ou abandonne d'abord le combat d'Écho en cours
Daily Echo fight won,Daily Echo fight won,Scontro giornaliero dell'Eco vinto,Täglicher Echo-Kampf gewonnen,Combat d'Écho quotidien remporté
Daily Echo fight abandoned · Retry remains available,Daily Echo fight abandoned · Retry remains available,Scontro giornaliero dell'Eco abbandonato · Puoi ancora ritentare,Täglicher Echo-Kampf abgebrochen · Erneuter Versuch bleibt möglich,Combat d'Écho quotidien abandonné · Nouvel essai possible
Daily Echo fight lost · Retry remains available,Daily Echo fight lost · Retry remains available,Scontro giornaliero dell'Eco perso · Puoi ancora ritentare,Täglicher Echo-Kampf verloren · Erneuter Versuch bleibt möglich,Combat d'Écho quotidien perdu · Nouvel essai possible
"Permanent Echo power. Rank %s grants +%s%% max HP and Attack, and +%.1f Defense and Magic Defense. Winning today's Guardian fight grants +%s Echo Resonance to exactly five heroes, then closes until 00:00 UTC.","Permanent Echo power. Rank %s grants +%s%% max HP and Attack, and +%.1f Defense and Magic Defense. Winning today's Guardian fight grants +%s Echo Resonance to exactly five heroes, then closes until 00:00 UTC.","Potere permanente dell'Eco. Il grado %s concede +%s%% a PV massimi e Attacco e +%.1f a Difesa e Difesa magica. Vincere lo scontro di oggi con il Guardiano concede +%s Risonanza dell'Eco a esattamente cinque eroi, poi chiude l'Eco fino alle 00:00 UTC.",Dauerhafte Echo-Macht. Rang %s gewährt +%s%% maximale LP und Angriff sowie +%.1f Verteidigung und Magieverteidigung. Der Sieg im heutigen Wächter-Kampf gewährt genau fünf Helden +%s Echo-Resonanz und schließt den Echo dann bis 00:00 UTC.,"Puissance d'Écho permanente. Le rang %s accorde +%s%% de PV max et d'Attaque, ainsi que +%.1f en Défense et Défense magique. Remporter le combat du Gardien du jour accorde +%s Résonance d'Écho à exactement cinq héros, puis ferme l'Écho jusqu'à 00:00 UTC."
"[b]Plan today's fight in Overview[/b]

Overview keeps today's completion state, current laws, formation readiness, and challenge action together.

[b]Use Guide as the rules reference[/b]
Guide explains retries, the daily Resonance limit, law timing, recommendations, and fight history.

[b]During the fight[/b]
Battle shows live combat. Info shows the laws locked to that fight. Abandoning keeps today's challenge available for another attempt.","[b]Plan today's fight in Overview[/b]

Overview keeps today's completion state, current laws, formation readiness, and challenge action together.

[b]Use Guide as the rules reference[/b]
Guide explains retries, the daily Resonance limit, law timing, recommendations, and fight history.

[b]During the fight[/b]
Battle shows live combat. Info shows the laws locked to that fight. Abandoning keeps today's challenge available for another attempt.","[b]Pianifica lo scontro di oggi in Panoramica[/b]

Panoramica riunisce lo stato di completamento odierno, le leggi attuali, la prontezza della formazione e l'azione per affrontare la sfida.

[b]Usa Guida come riferimento per le regole[/b]
Guida spiega i ritentativi, il limite giornaliero di Risonanza, gli orari delle leggi, i consigli e lo storico degli scontri.

[b]Durante lo scontro[/b]
Battaglia mostra il combattimento in corso. Info mostra le leggi vincolate a quello scontro. Abbandonare mantiene disponibile la sfida di oggi per un altro tentativo.","[b]Plane den heutigen Kampf in der Übersicht[/b]

Die Übersicht vereint den heutigen Abschlussstand, die aktuellen Gesetze, die Bereitschaft der Formation und die Aktion für die Herausforderung.

[b]Nutze den Guide als Regelwerk[/b]
Der Guide erklärt Wiederholungsversuche, das tägliche Resonanzlimit, die Zeitpunkte der Gesetze, Empfehlungen und den Kampfverlauf.

[b]Während des Kampfes[/b]
Kampf zeigt das laufende Geschehen. Info zeigt die für diesen Kampf festgelegten Gesetze. Ein Abbruch hält die heutige Herausforderung für einen weiteren Versuch bereit.","[b]Planifie le combat du jour dans Aperçu[/b]

Aperçu réunit l'état d'achèvement du jour, les lois actuelles, l'état de préparation de la formation et l'action de défi.

[b]Utilise Guide comme référence des règles[/b]
Guide explique les nouvelles tentatives, la limite quotidienne de Résonance, le calendrier des lois, les recommandations et l'historique des combats.

[b]Pendant le combat[/b]
Combat affiche le combat en direct. Info affiche les lois verrouillées pour ce combat. Abandonner laisse le défi du jour disponible pour une nouvelle tentative."
Echo Descent - unlocks after the Tower's 70th challenge,Echo Descent - unlocks after the Tower's 70th challenge,Discesa dell'Eco - si sblocca dopo la sfida numero 70 della Torre,Echo-Abstieg - wird nach der 70. Herausforderung des Turms freigeschaltet,Descente d'Écho - se débloque après le 70e défi de la Tour
Echo fights won,Echo fights won,Scontri dell'Eco vinti,Gewonnene Echo-Kämpfe,Combats d'Écho remportés
Search recipes...,Search recipes...,Cerca ricette...,Rezepte suchen...,Rechercher des recettes...
Recipe Details,Recipe Details,Dettagli ricetta,Rezeptdetails,Détails de la recette
Filter by item type,Filter by item type,Filtra per tipo di oggetto,Nach Gegenstandsart filtern,Filtrer par type d'objet
Type,Type,Tipo,Typ,Type
Sort recipes,Sort recipes,Ordina ricette,Rezepte sortieren,Trier les recettes
Filter by tier,Filter by tier,Filtra per grado,Nach Grad filtern,Filtrer par palier
Tier,Tier,Grado,Grad,Palier
Tier %s recipes,Tier %s recipes,Ricette di Grado %s,Rezepte vom Grad %s,Recettes de palier %s
Queued,Queued,In coda,Wartet,En file
Unknown,Unknown,Sconosciuto,Unklar,Inconnu
Unknown recipes,Unknown,Ignote,Unklar,Inconnu
QUEUE %s/%s,QUEUE %s/%s,CODA %s/%s,AUFTRÄGE %s/%s,FILE %s/%s
No recipes match the current search and filters.,No recipes match the current search and filters.,Nessuna ricetta corrisponde alla ricerca e ai filtri attuali.,Keine Rezepte entsprechen der aktuellen Suche und den Filtern.,Aucune recette ne correspond à la recherche et aux filtres actuels.
Queued for crafting ×%s,Queued for crafting ×%s,In coda per la creazione ×%s,Für die Herstellung eingereiht ×%s,En file de fabrication ×%s
Open recipe details,Open recipe details,Apri i dettagli della ricetta,Rezeptdetails öffnen,Ouvrir les détails de la recette
"Ready, but every crafting slot is occupied","Ready, but every crafting slot is occupied","Pronto, ma tutti gli slot di creazione sono occupati","Bereit, aber alle Herstellungsplätze sind belegt","Prêt, mais tous les emplacements de fabrication sont occupés"
Ready to craft ×%s,Ready to craft ×%s,Pronto da creare ×%s,Bereit zur Herstellung ×%s,Prêt à fabriquer ×%s
Open to review missing materials and Coins,Open to review missing materials and Coins,Apri per controllare i materiali e le Monete mancanti,"Öffnen, um fehlende Materialien und Münzen zu prüfen",Ouvrir pour vérifier les matériaux et les Pièces manquants
Open to review missing materials,Open to review missing materials,Apri per controllare i materiali mancanti,"Öffnen, um fehlende Materialien zu prüfen",Ouvrir pour vérifier les matériaux manquants
Reach Tier %s to unlock this recipe,Reach Tier %s to unlock this recipe,Raggiungi il Grado %s per sbloccare questa ricetta,"Erreiche Grad %s, um dieses Rezept freizuschalten",Atteins le palier %s pour débloquer cette recette
Clear %s once to unlock this recipe,Clear %s once to unlock this recipe,Completa %s una volta per sbloccare questa ricetta,"Schließe %s einmal ab, um dieses Rezept freizuschalten",Termine %s une fois pour débloquer cette recette
the required Raid,the required Raid,il Raid richiesto,der erforderliche Raid,le Raid requis
DISCOVERED,DISCOVERED,SCOPERTO,ENTDECKT,DÉCOUVERT
Known Recipe,Known Recipe,Ricetta nota,Bekanntes Rezept,Recette connue
Time · %s each,Time · %s each,Tempo · %s ciascuno,Zeit · je %s,Temps · %s chacun
Not enough materials or Coins,Not enough materials or Coins,Materiali o Monete insufficienti,Nicht genügend Materialien oder Münzen,Matériaux ou Pièces insuffisants
Not enough materials,Not enough materials,Materiali insufficienti,Nicht genügend Materialien,Matériaux insuffisants
Queue full · %s / %s jobs,Queue full · %s / %s jobs,Coda piena · %s / %s lavorazioni,Warteschlange voll · %s / %s Aufgaben,File pleine · %s / %s travaux
Ready to craft · maximum ×%s,Ready to craft · maximum ×%s,Pronto da creare · massimo ×%s,Bereit zur Herstellung · maximal ×%s,Prêt à fabriquer · maximum ×%s
%s · Tier %s · Owned ×%s,%s · Tier %s · Owned ×%s,%s · Grado %s · Posseduti ×%s,%s · Grad %s · Besessen ×%s,%s · Palier %s · Possédés ×%s
Tier %s · Craft it once to reveal its identity and properties.,Tier %s · Craft it once to reveal its identity and properties.,Grado %s · Crealo una volta per rivelarne identità e proprietà.,"Grad %s · Stelle es einmal her, um Identität und Eigenschaften zu enthüllen.",Palier %s · Fabrique-le une fois pour révéler son identité et ses propriétés.
IN QUEUE ×%s · Crafting now · %s remaining,IN QUEUE ×%s · Crafting now · %s remaining,IN CODA ×%s · In creazione · %s rimanenti,IN WARTESCHLANGE ×%s · Wird hergestellt · %s verbleibend,EN FILE ×%s · Fabrication en cours · %s restant
IN QUEUE ×%s · Position #%s,IN QUEUE ×%s · Position #%s,IN CODA ×%s · Posizione n. %s,IN WARTESCHLANGE ×%s · Platz Nr. %s,EN FILE ×%s · Position n° %s
Unknown material,Unknown material,Materiale sconosciuto,Unbekanntes Material,Matériau inconnu
Batch time · %s,Batch time · %s,Tempo lotto · %s,Chargenzeit · %s,Durée du lot · %s
View Item,View Item,Vedi oggetto,Gegenstand ansehen,Voir l'objet
Need Materials,Need Materials,Servono materiali,Materialien fehlen,Matériaux requis
Craft Another,Craft Another,Creane un altro,Weiteren herstellen,En fabriquer un autre
Craft & Discover,Craft & Discover,Crea e scopri,Herstellen & Entdecken,Fabriquer et découvrir
UNDISCOVERED,UNDISCOVERED,NON SCOPERTO,UNENTDECKT,NON DÉCOUVERT
Queue Full,Queue Full,Coda piena,Warteschlange voll,File pleine
Wave %d,Wave %d,Fase %d,Welle %d,Vague %d
Planned for Wave %d,Planned for Wave %d,Pianificata per la fase %d,Für Welle %d geplant,Prévu pour la vague %d
Planned — translation and quality review required before release.,Planned — translation and quality review required before release.,Pianificata — traduzione e controllo qualità richiesti prima del rilascio.,Geplant — Übersetzung und Qualitätsprüfung vor der Veröffentlichung erforderlich.,Prévu — traduction et contrôle qualité requis avant la sortie.
%s / %s  %s,%s / %s  %s,%s / %s  %s,%s / %s  %s,%s / %s  %s
−,−,−,−,−
Carry the whole set up,Carry the whole set up,Porta su tutto il set,Trage das ganze Set nach oben,Fais monter le set complet
Back up progress anywhere,Back up progress anywhere,Salva i progressi ovunque,Fortschritt überall sichern,Sauvegarde ta progression partout
Save Recovery can export the exact encrypted local save and validate an imported backup before any replacement.,Save Recovery can export the exact encrypted local save and validate an imported backup before any replacement.,Il Recupero salvataggio può esportare il salvataggio locale crittografato esatto e convalidare un backup importato prima di qualsiasi sostituzione.,Die Spielstand-Wiederherstellung kann den exakten verschlüsselten lokalen Spielstand exportieren und ein importiertes Backup vor jeder Ersetzung prüfen.,La Récupération de sauvegarde peut exporter la sauvegarde locale chiffrée exacte et valider une sauvegarde importée avant tout remplacement.
Reconnect Play Games safely,Reconnect Play Games safely,Ricollega Play Games in sicurezza,Play Games sicher neu verbinden,Reconnecte Play Games en toute sécurité
"After a fresh identity check, reassociate the local save and explicitly choose this device or Google Cloud with a second confirmation.","After a fresh identity check, reassociate the local save and explicitly choose this device or Google Cloud with a second confirmation.","Dopo una nuova verifica dell'identità, riassocia il salvataggio locale e scegli esplicitamente questo dispositivo o Google Cloud con una seconda conferma.","Ordne den lokalen Spielstand nach einer neuen Identitätsprüfung neu zu und wähle dieses Gerät oder Google Cloud ausdrücklich mit einer zweiten Bestätigung.","Après une nouvelle vérification d'identité, réassocie la sauvegarde locale et choisis explicitement cet appareil ou Google Cloud avec une seconde confirmation."
See cloud limits clearly,See cloud limits clearly,Vedi chiaramente i limiti del cloud,Cloud-Limits klar erkennen,Affiche clairement les limites du cloud
"Cloud data stays compact, and an oversized upload reports its actual size and limit without changing the local save.","Cloud data stays compact, and an oversized upload reports its actual size and limit without changing the local save.","I dati cloud restano compatti e un caricamento troppo grande mostra dimensione effettiva e limite senza modificare il salvataggio locale.","Cloud-Daten bleiben kompakt, und ein zu großer Upload meldet seine tatsächliche Größe und das Limit, ohne den lokalen Spielstand zu ändern.","Les données cloud restent compactes et un envoi trop volumineux indique sa taille réelle et la limite sans modifier la sauvegarde locale."
Languages are easier to scan,Languages are easier to scan,Le lingue sono più facili da consultare,Sprachen sind leichter zu überblicken,Les langues sont plus faciles à parcourir
"The language picker is now one clear row per language, with unavailable choices simply disabled.","The language picker is now one clear row per language, with unavailable choices simply disabled.","Il selettore della lingua ora mostra una riga chiara per ogni lingua e disattiva semplicemente le opzioni non disponibili.","Die Sprachauswahl zeigt jetzt eine klare Zeile pro Sprache; nicht verfügbare Optionen sind einfach deaktiviert.","Le sélecteur de langue affiche maintenant une ligne claire par langue, les choix indisponibles étant simplement désactivés."
German and French move forward,German and French move forward,Tedesco e francese fanno passi avanti,Deutsch und Französisch machen Fortschritte,L'allemand et le français progressent
German and French are fully translated and selectable in Settings.,German and French are fully translated and selectable in Settings.,Tedesco e francese sono completamente tradotti e selezionabili nelle Impostazioni.,Deutsch und Französisch sind vollständig übersetzt und in den Einstellungen auswählbar.,L'allemand et le français sont entièrement traduits et sélectionnables dans les Paramètres.
"Every raid's unique accessory can now be reforged to a higher tier, keeping its identity, set bonus, and effect while only the stats scale.","Every raid's unique accessory can now be reforged to a higher tier, keeping its identity, set bonus, and effect while only the stats scale.","L'accessorio unico di ogni raid ora può essere riforgiato a un grado superiore: mantiene identità, bonus del set ed effetto, cambiano solo le statistiche.","Das einzigartige Accessoire jedes Raids kann jetzt auf einen höheren Grad umgeschmiedet werden: Identität, Set-Bonus und Effekt bleiben erhalten, nur die Werte skalieren.","L'accessoire unique de chaque raid peut désormais être reforgé à un palier supérieur : il conserve son identité, son bonus de set et son effet, seules les statistiques évoluent."
Echo runs a theme each day,Echo runs a theme each day,L'Eco propone un tema ogni giorno,Echo führt jeden Tag ein Thema,L'Écho propose un thème chaque jour
"The daily Guardian fight now follows one of twelve named themes, each bundling three Echo laws into one readable strategy, rotating at 00:00 UTC.","The daily Guardian fight now follows one of twelve named themes, each bundling three Echo laws into one readable strategy, rotating at 00:00 UTC.","Il combattimento giornaliero contro il Guardiano segue ora uno di dodici temi, ognuno dei quali combina tre leggi dell'Eco in un'unica strategia, con rotazione alle 00:00 UTC.","Der tägliche Wächterkampf folgt jetzt einem von zwölf benannten Themen, die je drei Echo-Gesetze zu einer verständlichen Strategie bündeln und um 00:00 UTC wechseln.","Le combat quotidien contre le Gardien suit désormais l'un des douze thèmes nommés, chacun réunissant trois lois d'Écho en une stratégie lisible, avec une rotation à 00:00 UTC."
A steadier gear cadence,A steadier gear cadence,Una cadenza dell'equipaggiamento più regolare,Ein gleichmäßigerer Ausrüstungsrhythmus,Une cadence d'équipement plus régulière
"Every ordinary tier now offers the three Core weapons plus exactly one variant line, and guard armor covers one weight per tier.","Every ordinary tier now offers the three Core weapons plus exactly one variant line, and guard armor covers one weight per tier.","Ogni grado ordinario offre ora le tre armi Base più esattamente una linea di variante, e le armature da guardia coprono un peso per grado.","Jeder gewöhnliche Grad bietet jetzt die drei Basiswaffen plus genau eine Variantenlinie, und Wachrüstungen decken pro Grad ein Gewicht ab.","Chaque palier ordinaire propose désormais les trois armes de base plus exactement une ligne de variante, et les armures de garde couvrent un poids par palier."
Find a recipe faster,Find a recipe faster,Trova una ricetta più in fretta,Ein Rezept schneller finden,Trouver une recette plus vite
"The Workshop's recipe list gained a tier filter, and compact sort labels fit filter, sort, and search on one phone row.","The Workshop's recipe list gained a tier filter, and compact sort labels fit filter, sort, and search on one phone row.","L'elenco delle ricette del laboratorio ha un filtro per grado, e le etichette compatte fanno stare filtro, ordinamento e ricerca su una riga al telefono.","Die Rezeptliste der Werkstatt hat jetzt einen Grad-Filter, und kompakte Sortierbezeichnungen bringen Filter, Sortierung und Suche auf dem Handy in eine Zeile.","La liste de recettes de l'Atelier possède désormais un filtre par palier, et des libellés de tri compacts font tenir filtre, tri et recherche sur une seule ligne sur téléphone."
Fixes and polish,Fixes and polish,Correzioni e rifiniture,Korrekturen und Feinschliff,Corrections et finitions
"Google Play Games on PC no longer opens to a black screen and starts far faster, and the tier-8 weapons match their family palette.","Google Play Games on PC no longer opens to a black screen and starts far faster, and the tier-8 weapons match their family palette.","Google Play Games su PC non si apre più su una schermata nera e si avvia molto più in fretta, e le armi di grado 8 rispettano la tavolozza della loro famiglia.","Google Play Games auf dem PC startet nicht mehr mit schwarzem Bildschirm und deutlich schneller, und die Waffen von Grad 8 passen zur Palette ihrer Familie.","Google Play Games sur PC ne s'ouvre plus sur un écran noir et démarre bien plus vite, et les armes de palier 8 respectent la palette de leur famille."
"This device save belongs to a different Play Games profile. Export a backup before changing its association, continue offline, or cancel.","This device save belongs to a different Play Games profile. Export a backup before changing its association, continue offline, or cancel.","Il salvataggio di questo dispositivo appartiene a un profilo Play Games diverso. Esporta un backup prima di modificarne l'associazione, continua offline oppure annulla.","Der Spielstand dieses Geräts gehört zu einem anderen Play-Games-Profil. Exportiere ein Backup, bevor du seine Zuordnung änderst, spiele offline weiter oder brich ab.","La sauvegarde de cet appareil appartient à un autre profil Play Games. Exporte une sauvegarde avant de modifier son association, continue hors ligne ou annule."
"Both saves are valid. Preview their details, then choose which copy becomes authoritative. The other copy may be overwritten.","Both saves are valid. Preview their details, then choose which copy becomes authoritative. The other copy may be overwritten.","Entrambi i salvataggi sono validi. Controlla i dettagli, poi scegli quale copia usare come riferimento. L'altra copia potrebbe essere sovrascritta.","Beide Spielstände sind gültig. Prüfe ihre Details und wähle dann die maßgebliche Kopie. Die andere Kopie könnte überschrieben werden.","Les deux sauvegardes sont valides. Vérifie leurs détails, puis choisis la copie de référence. L'autre copie pourra être écrasée."
"No Google Cloud save exists for this profile. Review the device save before confirming it as the authoritative copy.","No Google Cloud save exists for this profile. Review the device save before confirming it as the authoritative copy.","Non esiste alcun salvataggio Google Cloud per questo profilo. Controlla il salvataggio del dispositivo prima di confermarlo come copia di riferimento.","Für dieses Profil gibt es keinen Google-Cloud-Spielstand. Prüfe den Gerätespielstand, bevor du ihn als maßgebliche Kopie bestätigst.","Il n'existe aucune sauvegarde Google Cloud pour ce profil. Vérifie la sauvegarde de l'appareil avant de la confirmer comme copie de référence."
"Unsupported recovery preview.","Unsupported recovery preview.","Anteprima di recupero non supportata.","Nicht unterstützte Wiederherstellungsvorschau.","Aperçu de récupération non pris en charge."
"Imported backup preview","Imported backup preview","Anteprima del backup importato","Vorschau des importierten Backups","Aperçu de la sauvegarde importée"
"Profile association preview","Profile association preview","Anteprima dell'associazione del profilo","Vorschau der Profilzuordnung","Aperçu de l'association du profil"
"Review this backup before importing it. Nothing has changed yet.","Review this backup before importing it. Nothing has changed yet.","Controlla questo backup prima di importarlo. Non è stato ancora modificato nulla.","Prüfe dieses Backup vor dem Import. Es wurde noch nichts geändert.","Vérifie cette sauvegarde avant de l'importer. Rien n'a encore été modifié."
"Review the local save before associating it with the current Play Games profile. Nothing has changed yet.","Review the local save before associating it with the current Play Games profile. Nothing has changed yet.","Controlla il salvataggio locale prima di associarlo al profilo Play Games corrente. Non è stato ancora modificato nulla.","Prüfe den lokalen Spielstand, bevor du ihn dem aktuellen Play-Games-Profil zuordnest. Es wurde noch nichts geändert.","Vérifie la sauvegarde locale avant de l'associer au profil Play Games actuel. Rien n'a encore été modifié."
"Date: %s","Date: %s","Data: %s","Datum: %s","Date : %s"
"Game version: %s","Game version: %s","Versione del gioco: %s","Spielversion: %s","Version du jeu : %s"
"Save version: %s","Save version: %s","Versione del salvataggio: %s","Spielstandversion: %s","Version de la sauvegarde : %s"
"Play time: %s","Play time: %s","Tempo di gioco: %s","Spielzeit: %s","Temps de jeu : %s"
"Progression: %s","Progression: %s","Progressi: %s","Fortschritt: %s","Progression : %s"
"Highest level: %s","Highest level: %s","Livello più alto: %s","Höchste Stufe: %s","Niveau maximal : %s"
"Heroes: %s","Heroes: %s","Eroi: %s","Helden: %s","Héros : %s"
"Size: %s","Size: %s","Dimensione: %s","Größe: %s","Taille : %s"
"Revision: %s","Revision: %s","Revisione: %s","Revision: %s","Révision : %s"
"Snapshot: Not found","Snapshot: Not found","Istantanea: non trovata","Momentaufnahme: Nicht gefunden","Instantané : introuvable"
"Save recovery","Save recovery","Recupero del salvataggio","Spielstandwiederherstellung","Récupération de sauvegarde"
"Save Recovery","Save Recovery","Recupero del salvataggio","Spielstandwiederherstellung","Récupération de sauvegarde"
"Protect your progress before changing profiles or replacing a save.","Protect your progress before changing profiles or replacing a save.","Proteggi i tuoi progressi prima di cambiare profilo o sostituire un salvataggio.","Schütze deinen Fortschritt, bevor du das Profil wechselst oder einen Spielstand ersetzt.","Protège ta progression avant de changer de profil ou de remplacer une sauvegarde."
"Backup transfer","Backup transfer","Trasferimento del backup","Backup-Übertragung","Transfert de sauvegarde"
"Import and Export work without signing in to Play Games.","Import and Export work without signing in to Play Games.","L'importazione e l'esportazione funzionano anche senza accedere a Play Games.","Import und Export funktionieren auch ohne Anmeldung bei Play Games.","L'importation et l'exportation fonctionnent sans connexion à Play Games."
"Export Backup","Export Backup","Esporta backup","Backup exportieren","Exporter la sauvegarde"
"Export a verified copy of this device save","Export a verified copy of this device save","Esporta una copia verificata del salvataggio di questo dispositivo","Eine verifizierte Kopie dieses Gerätespielstands exportieren","Exporter une copie vérifiée de la sauvegarde de cet appareil"
"Import Backup","Import Backup","Importa backup","Backup importieren","Importer une sauvegarde"
"Choose and preview a backup file","Choose and preview a backup file","Scegli un file di backup e visualizzane l'anteprima","Eine Backup-Datei auswählen und in der Vorschau prüfen","Choisir un fichier de sauvegarde et afficher son aperçu"
"Compare with Google Cloud","Compare with Google Cloud","Confronta con Google Cloud","Mit Google Cloud vergleichen","Comparer à Google Cloud"
"Fetch the current profile's cloud snapshot before choosing a save","Fetch the current profile's cloud snapshot before choosing a save","Scarica l'istantanea cloud del profilo corrente prima di scegliere un salvataggio","Die Cloud-Kopie des aktuellen Profils abrufen, bevor ein Spielstand gewählt wird","Récupérer l'instantané cloud du profil actuel avant de choisir une sauvegarde"
"Save recovery details","Save recovery details","Dettagli del recupero del salvataggio","Details zur Spielstandwiederherstellung","Détails de la récupération de sauvegarde"
"Different Play Games profile detected","Different Play Games profile detected","Rilevato un profilo Play Games diverso","Abweichendes Play-Games-Profil erkannt","Autre profil Play Games détecté"
"Associate Current Play Games Profile","Associate Current Play Games Profile","Associa il profilo Play Games corrente","Aktuelles Play-Games-Profil zuordnen","Associer le profil Play Games actuel"
"Preview this device save before changing its profile association","Preview this device save before changing its profile association","Visualizza l'anteprima del salvataggio di questo dispositivo prima di modificarne l'associazione al profilo","Diesen Gerätespielstand vor dem Ändern seiner Profilzuordnung in der Vorschau prüfen","Afficher un aperçu de la sauvegarde de cet appareil avant de modifier son association au profil"
"Continue Local Only","Continue Local Only","Continua solo in locale","Nur lokal fortfahren","Continuer en local uniquement"
"Keep playing from this device without cloud synchronization","Keep playing from this device without cloud synchronization","Continua a giocare da questo dispositivo senza sincronizzazione cloud","Auf diesem Gerät ohne Cloud-Synchronisierung weiterspielen","Continuer à jouer sur cet appareil sans synchronisation cloud"
"Close save recovery without changing data","Close save recovery without changing data","Chiudi il recupero del salvataggio senza modificare i dati","Spielstandwiederherstellung ohne Datenänderung schließen","Fermer la récupération de sauvegarde sans modifier les données"
"This device","This device","Questo dispositivo","Dieses Gerät","Cet appareil"
"Imported backup","Imported backup","Backup importato","Importiertes Backup","Sauvegarde importée"
"Review & Continue","Review & Continue","Controlla e continua","Prüfen & fortfahren","Vérifier et continuer"
"Open the first confirmation step","Open the first confirmation step","Apri il primo passaggio di conferma","Erste Bestätigung öffnen","Ouvrir la première étape de confirmation"
"Return without applying this preview","Return without applying this preview","Torna indietro senza applicare questa anteprima","Zurückkehren, ohne diese Vorschau anzuwenden","Revenir sans appliquer cet aperçu"
"Choose the authoritative save","Choose the authoritative save","Scegli il salvataggio di riferimento","Maßgeblichen Spielstand wählen","Choisir la sauvegarde de référence"
"Use This Device","Use This Device","Usa questo dispositivo","Dieses Gerät verwenden","Utiliser cet appareil"
"Review a destructive confirmation before replacing the cloud save","Review a destructive confirmation before replacing the cloud save","Controlla una conferma irreversibile prima di sostituire il salvataggio cloud","Vor dem Ersetzen des Cloud-Spielstands eine endgültige Bestätigung prüfen","Vérifier une confirmation irréversible avant de remplacer la sauvegarde cloud"
"Review a destructive confirmation before replacing the device save","Review a destructive confirmation before replacing the device save","Controlla una conferma irreversibile prima di sostituire il salvataggio del dispositivo","Vor dem Ersetzen des Gerätespielstands eine endgültige Bestätigung prüfen","Vérifier une confirmation irréversible avant de remplacer la sauvegarde de l'appareil"
"Play Games: signed out · Backup transfer remains available","Play Games: signed out · Backup transfer remains available","Play Games: disconnesso · Il trasferimento dei backup rimane disponibile","Play Games: abgemeldet · Die Backup-Übertragung bleibt verfügbar","Play Games : déconnecté · Le transfert de sauvegarde reste disponible"
"Play Games: %s","Play Games: %s","Play Games: %s","Play Games: %s","Play Games : %s"
"Current profile: %s · Save profile: %s","Current profile: %s · Save profile: %s","Profilo corrente: %s · Profilo del salvataggio: %s","Aktuelles Profil: %s · Spielstandprofil: %s","Profil actuel : %s · Profil de la sauvegarde : %s"
"Sign in to Play Games before associating this save","Sign in to Play Games before associating this save","Accedi a Play Games prima di associare questo salvataggio","Melde dich bei Play Games an, bevor du diesen Spielstand zuordnest","Connecte-toi à Play Games avant d'associer cette sauvegarde"
"Confirm Backup Import","Confirm Backup Import","Conferma l'importazione del backup","Backup-Import bestätigen","Confirmer l'importation de la sauvegarde"
"Import this validated backup? A recovery copy must be created before the device save is replaced.","Import this validated backup? A recovery copy must be created before the device save is replaced.","Importare questo backup convalidato? Prima di sostituire il salvataggio del dispositivo deve essere creata una copia di recupero.","Dieses geprüfte Backup importieren? Vor dem Ersetzen des Gerätespielstands muss eine Wiederherstellungskopie erstellt werden.","Importer cette sauvegarde validée ? Une copie de récupération doit être créée avant de remplacer la sauvegarde de l'appareil."
"Confirm Profile Association","Confirm Profile Association","Conferma l'associazione del profilo","Profilzuordnung bestätigen","Confirmer l'association du profil"
"Associate this local save with the current Play Games profile? Progress must remain unchanged and the old cloud lineage must be cleared.","Associate this local save with the current Play Games profile? Progress must remain unchanged and the old cloud lineage must be cleared.","Associare questo salvataggio locale al profilo Play Games corrente? I progressi devono rimanere invariati e la vecchia cronologia cloud deve essere azzerata.","Diesen lokalen Spielstand dem aktuellen Play-Games-Profil zuordnen? Der Fortschritt muss unverändert bleiben und die alte Cloud-Abstammung muss gelöscht werden.","Associer cette sauvegarde locale au profil Play Games actuel ? La progression doit rester inchangée et l'ancienne lignée cloud doit être effacée."
"Associate Profile","Associate Profile","Associa profilo","Profil zuordnen","Associer le profil"
"Profile association is unavailable (%s).","Profile association is unavailable (%s).","L'associazione del profilo non è disponibile (%s).","Die Profilzuordnung ist nicht verfügbar (%s).","L'association du profil est indisponible (%s)."
"Confirm Save Replacement","Confirm Save Replacement","Conferma la sostituzione del salvataggio","Ersetzen des Spielstands bestätigen","Confirmer le remplacement de la sauvegarde"
"Use the device save and replace Google Cloud? The current cloud copy may be overwritten. A recovery backup should be retained.","Use the device save and replace Google Cloud? The current cloud copy may be overwritten. A recovery backup should be retained.","Usare il salvataggio del dispositivo e sostituire quello su Google Cloud? La copia cloud corrente potrebbe essere sovrascritta. È consigliabile conservare un backup di recupero.","Den Gerätespielstand verwenden und Google Cloud ersetzen? Die aktuelle Cloud-Kopie könnte überschrieben werden. Ein Wiederherstellungs-Backup sollte aufbewahrt werden.","Utiliser la sauvegarde de l'appareil et remplacer celle de Google Cloud ? La copie cloud actuelle pourra être écrasée. Une sauvegarde de récupération doit être conservée."
"Replace Cloud Save","Replace Cloud Save","Sostituisci salvataggio cloud","Cloud-Spielstand ersetzen","Remplacer la sauvegarde cloud"
"Use the Google Cloud save and replace this device save? Local progress not present in that copy may be lost. A recovery backup should be retained.","Use the Google Cloud save and replace this device save? Local progress not present in that copy may be lost. A recovery backup should be retained.","Usare il salvataggio Google Cloud e sostituire quello di questo dispositivo? I progressi locali non presenti in quella copia potrebbero andare persi. È consigliabile conservare un backup di recupero.","Den Google-Cloud-Spielstand verwenden und diesen Gerätespielstand ersetzen? Lokaler Fortschritt, der in dieser Kopie fehlt, könnte verloren gehen. Ein Wiederherstellungs-Backup sollte aufbewahrt werden.","Utiliser la sauvegarde Google Cloud et remplacer celle de cet appareil ? La progression locale absente de cette copie pourra être perdue. Une sauvegarde de récupération doit être conservée."
"Replace Device Save","Replace Device Save","Sostituisci salvataggio del dispositivo","Gerätespielstand ersetzen","Remplacer la sauvegarde de l'appareil"
"Save recovery is unavailable because its adapter is incomplete (%s).","Save recovery is unavailable because its adapter is incomplete (%s).","Il recupero del salvataggio non è disponibile perché il relativo adattatore è incompleto (%s).","Die Spielstandwiederherstellung ist nicht verfügbar, weil ihr Adapter unvollständig ist (%s).","La récupération de sauvegarde est indisponible, car son adaptateur est incomplet (%s)."
"Applying the verified backup…","Applying the verified backup…","Applicazione del backup verificato…","Verifiziertes Backup wird angewendet…","Application de la sauvegarde vérifiée…"
"Associating the save with this profile…","Associating the save with this profile…","Associazione del salvataggio a questo profilo…","Spielstand wird diesem Profil zugeordnet…","Association de la sauvegarde à ce profil…"
"Backup verified. Review the preview.","Backup verified. Review the preview.","Backup verificato. Controlla l'anteprima.","Backup verifiziert. Prüfe die Vorschau.","Sauvegarde vérifiée. Vérifie l'aperçu."
"Choose which save should be authoritative.","Choose which save should be authoritative.","Scegli quale salvataggio usare come riferimento.","Wähle den maßgeblichen Spielstand.","Choisis la sauvegarde de référence."
"Continuing with this device save only.","Continuing with this device save only.","Si continua usando solo il salvataggio di questo dispositivo.","Es wird nur mit diesem Gerätespielstand fortgefahren.","Poursuite avec la sauvegarde de cet appareil uniquement."
"Backup export is ready.","Backup export is ready.","L'esportazione del backup è pronta.","Der Backup-Export ist bereit.","L'exportation de la sauvegarde est prête."
"Backup imported successfully.","Backup imported successfully.","Backup importato correttamente.","Backup erfolgreich importiert.","Sauvegarde importée."
"Save associated with the current Play Games profile.","Save associated with the current Play Games profile.","Salvataggio associato al profilo Play Games corrente.","Spielstand dem aktuellen Play-Games-Profil zugeordnet.","Sauvegarde associée au profil Play Games actuel."
"Unavailable","Unavailable","Non disponibile","Nicht verfügbar","Indisponible"
"%sd %02dh %02dm","%sd %02dh %02dm","%s g %02d h %02d min","%s T. %02d Std. %02d Min.","%s j %02d h %02d min"
"%02dh %02dm","%02dh %02dm","%02d h %02d min","%02d Std. %02d Min.","%02d h %02d min"
"%s bytes","%s bytes","%s byte","%s Byte","%s octets"
"Resolve Save Profile Mismatch","Resolve Save Profile Mismatch","Risolvi il conflitto del profilo di salvataggio","Abweichendes Spielstandprofil klären","Résoudre la discordance du profil de sauvegarde"
"This device save belongs to another Play Games profile. Export a backup, associate the current profile, continue locally, or cancel without changes.","This device save belongs to another Play Games profile. Export a backup, associate the current profile, continue locally, or cancel without changes.","Questo salvataggio del dispositivo appartiene a un altro profilo Play Games. Esporta un backup, associa il profilo corrente, continua in locale oppure annulla senza modifiche.","Dieser Gerätespielstand gehört zu einem anderen Play-Games-Profil. Exportiere ein Backup, ordne das aktuelle Profil zu, fahre lokal fort oder brich ohne Änderungen ab.","Cette sauvegarde d'appareil appartient à un autre profil Play Games. Exporte une sauvegarde, associe le profil actuel, continue en local ou annule sans modification."
"Import or export an encrypted backup. Backup transfer remains available when Play Games is signed out.","Import or export an encrypted backup. Backup transfer remains available when Play Games is signed out.","Importa o esporta un backup crittografato. Il trasferimento dei backup rimane disponibile quando Play Games è disconnesso.","Importiere oder exportiere ein verschlüsseltes Backup. Die Backup-Übertragung bleibt verfügbar, wenn Play Games abgemeldet ist.","Importe ou exporte une sauvegarde chiffrée. Le transfert de sauvegarde reste disponible lorsque Play Games est déconnecté."
"Import, export, or safely change this save's Play Games association","Import, export, or safely change this save's Play Games association","Importa, esporta o modifica in modo sicuro l'associazione Play Games di questo salvataggio","Importiere, exportiere oder ändere sicher die Play-Games-Zuordnung dieses Spielstands","Importer, exporter ou modifier en toute sécurité l'association Play Games de cette sauvegarde"
"Previous profile","Previous profile","Profilo precedente","Vorheriges Profil","Profil précédent"
"Backup exported: %s · SHA-256: %s","Backup exported: %s · SHA-256: %s","Backup esportato: %s · SHA-256: %s","Backup exportiert: %s · SHA-256: %s","Sauvegarde exportée : %s · SHA-256 : %s"
