keys,en,it,de,fr
Melee,Melee,Mischia,Nahkampf,Mêlée
Ranged,Ranged,Distanza,Fernkampf,À distance
Magic,Magic,Magia,Magie,Magie
Heavy,Heavy,Pesante,Schwer,Lourde
Medium,Medium,Media,Mittel,Moyenne
Light,Light,Leggera,Leicht,Légère
Guardian,Guardian,Guardiano,Wächter,Gardien
A heavily protected frontline hero who controls enemy attention and intercepts attacks aimed at vulnerable allies.,A heavily protected frontline hero who controls enemy attention and intercepts attacks aimed at vulnerable allies.,Un eroe di prima linea pesantemente protetto che attira l'attenzione dei nemici e intercetta gli attacchi diretti agli alleati più vulnerabili.,"Ein schwer geschützter Frontheld, der die Aufmerksamkeit der Gegner lenkt und Angriffe auf verwundbare Verbündete abfängt.",Un héros de première ligne lourdement protégé qui attire l'attention des ennemis et intercepte les attaques visant les alliés vulnérables.
Shield Intercept,Shield Intercept,Intercettazione con lo scudo,Schildabfang,Interception au bouclier
"Shields the weakest ally (25% max HP, until broken), then gains +6 Threat, Intercept, and +15 Defense for 2 turns.","Shields the weakest ally (25% max HP, until broken), then gains +6 Threat, Intercept, and +15 Defense for 2 turns.","Protegge l'alleato più debole con una barriera (25% dei PV massimi, finché non viene infranta), poi ottiene +6 Minaccia, Intercettazione e +15 Difesa per 2 turni.","Schützt den schwächsten Verbündeten (25% der maximalen LP, bis sie bricht) und erhält dann +6 Bedrohung, Abfangen und +15 Verteidigung für 2 Züge.","Protège l'allié le plus faible (25% des PV max, jusqu'à ce qu'elle soit brisée), puis gagne +6 Menace, Interception et +15 Défense pendant 2 tours."
Vigilant Presence,Vigilant Presence,Presenza vigile,Wachsame Präsenz,Présence vigilante
Always +3 Threat and +8 Defense; +2 more Defense per living ally.,Always +3 Threat and +8 Defense; +2 more Defense per living ally.,Sempre +3 Minaccia e +8 Difesa; +2 Difesa aggiuntiva per ogni alleato in vita.,Immer +3 Bedrohung und +8 Verteidigung; +2 Verteidigung zusätzlich pro lebendem Verbündeten.,Toujours +3 Menace et +8 Défense ; +2 Défense supplémentaire par allié en vie.
Knight,Knight,Cavaliere,Ritter,Chevalier
"An armored defender who blocks routes, challenges dangerous enemies, and protects adjacent allies.","An armored defender who blocks routes, challenges dangerous enemies, and protects adjacent allies.","Un difensore corazzato che sbarra il passaggio, sfida i nemici più pericolosi e protegge gli alleati adiacenti.","Ein gepanzerter Verteidiger, der Wege versperrt, gefährliche Gegner herausfordert und benachbarte Verbündete schützt.","Un défenseur en armure qui barre les passages, défie les ennemis dangereux et protège les alliés adjacents."
Challenge the Line,Challenge the Line,Sfida alla prima linea,Herausforderung der Frontlinie,Défi à la première ligne
"Strikes the strongest enemy for -35% Attack for 2 turns (other enemies -15%), then gains +10 Threat and Intercept for 2 turns.","Strikes the strongest enemy for -35% Attack for 2 turns (other enemies -15%), then gains +10 Threat and Intercept for 2 turns.","Colpisce il nemico più forte infliggendo -35% Attacco per 2 turni (altri nemici -15%), poi ottiene +10 Minaccia e Intercetta per 2 turni.",Trifft den stärksten Gegner mit -35% Angriff für 2 Züge (andere Gegner -15%) und erhält dann +10 Bedrohung und Abfangen für 2 Züge.,"Frappe l'ennemi le plus fort en lui infligeant -35% Attaque pendant 2 tours (autres ennemis -15%), puis gagne +10 Menace et Interception pendant 2 tours."
Hold the Gate,Hold the Gate,Difesa del varco,Haltet das Tor,Tiens la porte
"Always +5 Threat, +20 Immunity, and +3 Defense per living ally.","Always +5 Threat, +20 Immunity, and +3 Defense per living ally.","Sempre +5 Minaccia, +20 Immunità e +3 Difesa per ogni alleato in vita.","Immer +5 Bedrohung, +20 Immunität und +3 Verteidigung pro lebendem Verbündeten.","Toujours +5 Menace, +20 Immunité et +3 Défense par allié en vie."
Royal Bastion,Royal Bastion,Bastione Reale,Königliche Bastion,Bastion royal
An immovable champion whose presence shields the entire formation and denies enemies control of the frontline.,An immovable champion whose presence shields the entire formation and denies enemies control of the frontline.,Un campione inamovibile la cui presenza protegge l'intera formazione e impedisce ai nemici di controllare la prima linea.,"Ein unerschütterlicher Champion, dessen Gegenwart die gesamte Formation schützt und den Gegnern die Herrschaft über die Frontlinie verwehrt.",Un champion inébranlable dont la présence protège toute la formation et refuse aux ennemis le contrôle de la première ligne.
Citadel Command,Citadel Command,Comando della cittadella,Zitadellenbefehl,Commandement de la citadelle
"Shields the whole party (22% max HP, until broken), then grants +15 Defense and +15 Magic Defense, applies -35% Attack to all enemies, and gains +12 Threat and Intercept for 3 turns.","Shields the whole party (22% max HP, until broken), then grants +15 Defense and +15 Magic Defense, applies -35% Attack to all enemies, and gains +12 Threat and Intercept for 3 turns.","Protegge l'intero gruppo con una barriera (22% dei PV massimi, finché non viene infranta), poi concede +15 Difesa e +15 Difesa magica, applica -35% Attacco a tutti i nemici e ottiene +12 Minaccia e Intercetta per 3 turni.","Schützt die gesamte Gruppe (22% der maximalen LP, bis sie bricht), gewährt dann +15 Verteidigung und +15 Magieverteidigung, wendet -35% Angriff auf alle Gegner an und erhält +12 Bedrohung und Abfangen für 3 Züge.","Protège tout le groupe (22% des PV max, jusqu'à ce qu'elle soit brisée), puis accorde +15 Défense et +15 Défense magique, applique -35% Attaque à tous les ennemis et gagne +12 Menace et Interception pendant 3 tours."
Unyielding Standard,Unyielding Standard,Stendardo inflessibile,Unbeugsames Banner,Étendard inflexible
"Always +7 Threat, +25 Immunity, and +4 Defense per living ally; the whole party gains +8 Defense and +8 Magic Defense.","Always +7 Threat, +25 Immunity, and +4 Defense per living ally; the whole party gains +8 Defense and +8 Magic Defense.","Sempre +7 Minaccia, +25 Immunità e +4 Difesa per ogni alleato in vita; l'intero gruppo ottiene +8 Difesa e +8 Difesa magica.","Immer +7 Bedrohung, +25 Immunität und +4 Verteidigung pro lebendem Verbündeten; die gesamte Gruppe erhält +8 Verteidigung und +8 Magieverteidigung.","Toujours +7 Menace, +25 Immunité et +4 Défense par allié en vie ; tout le groupe gagne +8 Défense et +8 Défense magique."
Paladin,Paladin,Paladino,Paladin,Paladin
"A sacred protector who combines defensive techniques with healing, cleansing, and protection from hostile magic.","A sacred protector who combines defensive techniques with healing, cleansing, and protection from hostile magic.","Un protettore sacro che unisce tecniche difensive, cure, purificazione e protezione dalla magia ostile.","Ein heiliger Beschützer, der Verteidigungstechniken mit Heilung, Reinigung und Schutz vor feindlicher Magie verbindet.","Un protecteur sacré qui allie techniques défensives, soins, purification et protection contre la magie hostile."
Lay on Hands,Lay on Hands,Imposizione delle mani,Handauflegen,Imposition des mains
"Heals the weakest ally, cleanses all harmful effects, and grants +15 Magic Defense for 2 turns.","Heals the weakest ally, cleanses all harmful effects, and grants +15 Magic Defense for 2 turns.","Cura l'alleato più debole, rimuove tutti gli effetti nocivi e concede +15 Difesa magica per 2 turni.","Heilt den schwächsten Verbündeten, reinigt alle schädlichen Effekte und gewährt +15 Magieverteidigung für 2 Züge.","Soigne l'allié le plus faible, purifie tous les effets néfastes et accorde +15 Défense magique pendant 2 tours."
Sacred Aegis,Sacred Aegis,Egida sacra,Heilige Ägis,Égide sacrée
"Always +20 Healing and +8 Magic Defense; skill heals also grant an 8% max HP barrier. After every action, Merciful Surge heals 1 wounded ally.","Always +20 Healing and +8 Magic Defense; skill heals also grant an 8% max HP barrier. After every action, Merciful Surge heals 1 wounded ally.","Sempre +20 Cure e +8 Difesa magica; le cure delle abilità concedono anche una barriera dell'8% dei PV massimi. Dopo ogni azione, Impeto misericordioso cura 1 alleato ferito.",Immer +20 Heilung und +8 Magieverteidigung; Fähigkeitsheilungen gewähren zusätzlich eine Barriere von 8% der maximalen LP. Nach jeder Aktion heilt Gnadenwoge 1 verwundeten Verbündeten.,"Toujours +20 Soins et +8 Défense magique ; les soins de compétence accordent aussi une barrière de 8% des PV max. Après chaque action, Vague de miséricorde soigne 1 allié blessé."
Dawn Warden,Dawn Warden,Custode dell'Alba,Morgenwächter,Gardien de l'aube
A radiant guardian who turns divine protection into powerful counterattacks and party-wide barriers.,A radiant guardian who turns divine protection into powerful counterattacks and party-wide barriers.,Un guardiano radioso che trasforma la protezione divina in potenti contrattacchi e barriere per tutto il gruppo.,"Ein strahlender Wächter, der göttlichen Schutz in mächtige Konterangriffe und Barrieren für die ganze Gruppe verwandelt.",Un gardien radieux qui transforme la protection divine en puissantes ripostes et en barrières pour tout le groupe.
Radiant Reprisal,Radiant Reprisal,Ritorsione radiosa,Strahlende Vergeltung,Représailles radieuses
"Heals the party for 120% Attack, cleanses harmful effects, and shields everyone (20% max HP, until broken), then grants +35 Counter Chance, +75 Counter Power, and +20 Magic Defense for 3 turns.","Heals the party for 120% Attack, cleanses harmful effects, and shields everyone (20% max HP, until broken), then grants +35 Counter Chance, +75 Counter Power, and +20 Magic Defense for 3 turns.","Cura il gruppo per il 120% dell'Attacco, rimuove gli effetti dannosi e protegge tutti con una barriera (20% dei PV massimi, finché non viene infranta), poi concede +35 Probabilità di contrattacco, +75 Potenza di contrattacco e +20 Difesa magica per 3 turni.","Heilt die Gruppe um 120% Angriff, reinigt schädliche Effekte und schützt alle (20% der maximalen LP, bis sie bricht), und gewährt dann +35 Konterchance, +75 Konterkraft und +20 Magieverteidigung für 3 Züge.","Soigne le groupe de 120% Attaque, purifie les effets néfastes et protège tout le monde (20% des PV max, jusqu'à ce qu'elle soit brisée), puis accorde +35 Chance de riposte, +75 Puissance de riposte et +20 Défense magique pendant 3 tours."
Dawn's Promise,Dawn's Promise,Promessa dell'alba,Versprechen des Morgens,Promesse de l'aube
"The party always gains +15 Healing and +15 Immunity. Whenever an ally takes damage, the Dawn Warden gains +20 Counter Chance for 2 turns.","The party always gains +15 Healing and +15 Immunity. Whenever an ally takes damage, the Dawn Warden gains +20 Counter Chance for 2 turns.","Il gruppo ottiene sempre +15 Cure e +15 Immunità. Ogni volta che un alleato subisce danni, il Custode dell'Alba ottiene +20 Probabilità di contrattacco per 2 turni.","Die Gruppe erhält immer +15 Heilung und +15 Immunität. Immer wenn ein Verbündeter Schaden erleidet, erhält der Morgenwächter +20 Konterchance für 2 Züge.","Le groupe gagne toujours +15 Soins et +15 Immunité. Chaque fois qu'un allié subit des dégâts, le Gardien de l'Aube gagne +20 Chance de riposte pendant 2 tours."
Fighter,Fighter,Combattente,Kämpfer,Combattant
A dependable melee combatant who builds momentum through sustained attacks and adapts to different weapons.,A dependable melee combatant who builds momentum through sustained attacks and adapts to different weapons.,Un affidabile combattente corpo a corpo che accumula slancio con attacchi continui e si adatta ad armi diverse.,"Ein verlässlicher Nahkämpfer, der durch anhaltende Angriffe Schwung aufbaut und sich an verschiedene Waffen anpasst.",Un combattant de mêlée fiable qui accumule de l'Élan par des attaques soutenues et s'adapte à différentes armes.
Driving Strike,Driving Strike,Colpo incalzante,Treibender Schlag,Frappe percutante
Strikes a random enemy and grants the Fighter +20% Damage for 2 turns.,Strikes a random enemy and grants the Fighter +20% Damage for 2 turns.,Colpisce un nemico casuale e concede al Combattente +20% Danni per 2 turni.,Trifft einen zufälligen Gegner und gewährt dem Kämpfer +20% Schaden für 2 Züge.,Frappe un ennemi au hasard et accorde au Combattant +20% Dégâts pendant 2 tours.
Battle Rhythm,Battle Rhythm,Ritmo di battaglia,Kampfrhythmus,Rythme de combat
"Each basic attack adds +6% Damage (Momentum, stacks up to +30%) for the rest of the battle.","Each basic attack adds +6% Damage (Momentum, stacks up to +30%) for the rest of the battle.","Ogni attacco base aggiunge +6% Danni (Slancio, fino a un massimo di +30%) per il resto della battaglia.","Jeder Standardangriff fügt +6% Schaden hinzu (Schwung, stapelt bis +30%) für den Rest des Kampfes.","Chaque attaque de base ajoute +6% Dégâts (Élan, cumulable jusqu'à +30%) pour le reste du combat."
Berserker,Berserker,Berserker,Berserker,Berserker
"An aggressive warrior who trades defense and health for escalating damage, speed, and resistance to control.","An aggressive warrior who trades defense and health for escalating damage, speed, and resistance to control.",Un guerriero aggressivo che sacrifica difesa e salute per ottenere danni e velocità crescenti e una maggiore resistenza agli effetti di controllo.,"Ein aggressiver Krieger, der Verteidigung und Leben gegen steigenden Schaden, Tempo und Widerstand gegen Kontrolleffekte eintauscht.","Un guerrier agressif qui échange défense et vie contre des dégâts croissants, de la vitesse et une résistance aux effets de contrôle."
Rending Frenzy,Rending Frenzy,Frenesia lacerante,Zerfetzende Raserei,Frénésie lacérante
"Costs 10% max HP to strike a random enemy 3 times, then grants +30% Damage for 2 turns.","Costs 10% max HP to strike a random enemy 3 times, then grants +30% Damage for 2 turns.","Costa il 10% dei PV massimi per colpire un nemico casuale 3 volte, poi concede +30% Danni per 2 turni.","Kostet 10% der maximalen LP, um einen zufälligen Gegner 3-mal zu treffen, und gewährt dann +30% Schaden für 2 Züge.","Coûte 10% des PV max pour frapper un ennemi au hasard 3 fois, puis accorde +30% Dégâts pendant 2 tours."
Blood Heat,Blood Heat,Fervore del sangue,Blutglut,Ardeur du sang
"Deals up to +50% Damage as Health drops below 50%, strongest near defeat.","Deals up to +50% Damage as Health drops below 50%, strongest near defeat.","Infligge fino a +50% Danni quando la salute scende sotto il 50%, al massimo in punto di morte.","Verursacht bis zu +50% Schaden, während das Leben unter 50% fällt, am stärksten kurz vor der Niederlage.","Inflige jusqu'à +50% Dégâts à mesure que la Vie descend sous 50%, au maximum au bord de la défaite."
Blood Champion,Blood Champion,Campione del Sangue,Blutchampion,Champion du sang
A relentless destroyer who becomes most dangerous when wounded and can overwhelm entire enemy groups.,A relentless destroyer who becomes most dangerous when wounded and can overwhelm entire enemy groups.,Un distruttore implacabile che diventa più pericoloso quando è ferito e può travolgere interi gruppi di nemici.,"Ein unerbittlicher Zerstörer, der am gefährlichsten wird, wenn er verwundet ist, und ganze Gegnergruppen überrennen kann.",Un destructeur implacable qui devient le plus dangereux une fois blessé et peut submerger des groupes entiers d'ennemis.
Crimson Rampage,Crimson Rampage,Furia cremisi,Purpurner Amoklauf,Furie cramoisie
Strikes every enemy and heals for 50% of the damage dealt.,Strikes every enemy and heals for 50% of the damage dealt.,Colpisce tutti i nemici e recupera salute pari al 50% dei danni inflitti.,Trifft jeden Gegner und heilt um 50% des verursachten Schadens.,Frappe chaque ennemi et soigne de 50% des dégâts infligés.
Deathless Momentum,Deathless Momentum,Slancio immortale,Todloser Schwung,Élan immortel
Deals up to +50% Damage as Health drops below 50%. Defeating an enemy heals 18% max HP and grants +20% Damage for 3 turns. Survives the first lethal hit each encounter at 1 HP.,Deals up to +50% Damage as Health drops below 50%. Defeating an enemy heals 18% max HP and grants +20% Damage for 3 turns. Survives the first lethal hit each encounter at 1 HP.,Infligge fino a +50% Danni quando la salute scende sotto il 50%. Sconfiggere un nemico cura il 18% dei PV massimi e concede +20% Danni per 3 turni. Sopravvive al primo colpo letale di ogni scontro con 1 PV.,"Verursacht bis zu +50% Schaden, während das Leben unter 50% fällt. Das Besiegen eines Gegners heilt 18% der maximalen LP und gewährt +20% Schaden für 3 Züge. Übersteht den ersten tödlichen Treffer jeder Begegnung mit 1 LP.",Inflige jusqu'à +50% Dégâts à mesure que la Vie descend sous 50%. Vaincre un ennemi soigne de 18% des PV max et accorde +20% Dégâts pendant 3 tours. Survit au premier coup fatal de chaque rencontre avec 1 PV.
Duelist,Duelist,Duellante,Duellant,Duelliste
"A precise combatant who parries attacks, exploits openings, and excels when fighting a single opponent.","A precise combatant who parries attacks, exploits openings, and excels when fighting a single opponent.","Un combattente preciso che para gli attacchi, sfrutta ogni apertura ed eccelle negli scontri contro un singolo avversario.","Ein präziser Kämpfer, der Angriffe pariert, Blößen ausnutzt und im Kampf gegen einen einzelnen Gegner brilliert.","Un combattant précis qui pare les attaques, exploite les ouvertures et excelle face à un adversaire unique."
Perfect Riposte,Perfect Riposte,Risposta perfetta,Perfekte Riposte,Riposte parfaite
"Strikes a random enemy, then grants +100 Counter Chance and +100 Counter Power for 2 turns.","Strikes a random enemy, then grants +100 Counter Chance and +100 Counter Power for 2 turns.","Colpisce un nemico casuale, poi concede +100 Probabilità di contrattacco e +100 Potenza di contrattacco per 2 turni.",Trifft einen zufälligen Gegner und gewährt dann +100 Konterchance und +100 Konterkraft für 2 Züge.,"Frappe un ennemi au hasard, puis accorde +100 Chance de riposte et +100 Puissance de riposte pendant 2 tours."
Guarded Poise,Guarded Poise,Compostezza difensiva,Wachsame Haltung,Aplomb vigilant
+15 Critical Chance when attacking the same enemy again; +25 Evade against a foe that keeps targeting it.,+15 Critical Chance when attacking the same enemy again; +25 Evade against a foe that keeps targeting it.,+15 Probabilità critica quando attacca di nuovo lo stesso nemico; +25 Schivata contro un nemico che continua a colpirlo.,"+15 Kritische Chance, wenn derselbe Gegner erneut angegriffen wird; +25 Ausweichen gegen einen Feind, der ihn weiterhin anvisiert.",+15 Chance critique en attaquant de nouveau le même ennemi ; +25 Esquive contre un ennemi qui continue de le cibler.
Swordmaster,Swordmaster,Maestro di spada,Schwertmeister,Maître d'armes
A peerless weapon specialist who converts perfect timing and positioning into devastating finishing attacks.,A peerless weapon specialist who converts perfect timing and positioning into devastating finishing attacks.,Uno specialista d'armi senza pari che trasforma tempismo e posizionamento perfetti in devastanti colpi di grazia.,"Ein unvergleichlicher Waffenspezialist, der perfektes Timing und Stellungsspiel in verheerende Todesstöße verwandelt.",Un spécialiste des armes sans égal qui transforme un timing et un placement parfaits en coups de grâce dévastateurs.
Riposte Mastery,Riposte Mastery,Maestria della risposta,Meisterschaft der Riposte,Maîtrise de la riposte
Strikes a random enemy with a guaranteed critical hit that ignores 35% Defense.,Strikes a random enemy with a guaranteed critical hit that ignores 35% Defense.,Colpisce un nemico casuale con un colpo critico garantito che ignora il 35% della Difesa.,"Trifft einen zufälligen Gegner mit einem garantierten kritischen Treffer, der 35% Verteidigung ignoriert.",Frappe un ennemi au hasard d'un coup critique garanti qui ignore 35% de la Défense.
Flowing Steel,Flowing Steel,Acciaio fluente,Fließender Stahl,Acier fluide
"Always +10 Critical Chance and +20 Counter Chance; critical hits restore 6 mana. +15 Critical Chance when attacking the same enemy again, and +25 Evade against a foe that keeps targeting it.","Always +10 Critical Chance and +20 Counter Chance; critical hits restore 6 mana. +15 Critical Chance when attacking the same enemy again, and +25 Evade against a foe that keeps targeting it.",Sempre +10 Probabilità critica e +20 Probabilità di contrattacco; i colpi critici ripristinano 6 mana. +15 Probabilità critica quando attacca di nuovo lo stesso nemico e +25 Schivata contro un avversario che continua a bersagliarlo.,"Immer +10 Kritische Chance und +20 Konterchance; kritische Treffer stellen 6 Mana wieder her. +15 Kritische Chance, wenn derselbe Gegner erneut angegriffen wird, und +25 Ausweichen gegen einen Feind, der ihn weiterhin anvisiert.","Toujours +10 Chance critique et +20 Chance de riposte ; les coups critiques restaurent 6 mana. +15 Chance critique en attaquant de nouveau le même ennemi, et +25 Esquive contre un ennemi qui continue de le cibler."
Rogue,Rogue,Ladro,Schurke,Roublard
"A fast, elusive hero who uses stealth, flanking, and critical strikes to eliminate priority targets.","A fast, elusive hero who uses stealth, flanking, and critical strikes to eliminate priority targets.","Un eroe rapido e sfuggente che usa furtività, aggiramenti e colpi critici per eliminare i bersagli prioritari.","Ein schneller, schwer fassbarer Held, der mit Heimlichkeit, Umgehung und kritischen Treffern vorrangige Ziele ausschaltet.","Un héros rapide et insaisissable qui use de furtivité, de contournement et de coups critiques pour éliminer les cibles prioritaires."
Shadowstep,Shadowstep,Passo nell'ombra,Schattenschritt,Pas d'ombre
"Ambushes the strongest enemy with +50% Critical Chance on this hit, ignoring 20% Defense.","Ambushes the strongest enemy with +50% Critical Chance on this hit, ignoring 20% Defense.","Tende un'imboscata al nemico più forte con +50% Probabilità critica su questo colpo, ignorando il 20% della Difesa.",Überfällt den stärksten Gegner mit +50% Kritischer Chance bei diesem Treffer und ignoriert dabei 20% Verteidigung.,"Prend en embuscade l'ennemi le plus fort avec +50% Chance critique sur ce coup, en ignorant 20% de la Défense."
Opportunist,Opportunist,Opportunista,Opportunist,Opportuniste
+35% Damage against enemies below 50% Health; always +10 Evade and -1 Threat.,+35% Damage against enemies below 50% Health; always +10 Evade and -1 Threat.,+35% Danni contro nemici sotto il 50% di salute; sempre +10 Schivata e -1 Minaccia.,+35% Schaden gegen Gegner unter 50% Leben; immer +10 Ausweichen und -1 Bedrohung.,+35% Dégâts contre les ennemis sous 50% de Vie ; toujours +10 Esquive et -1 Menace.
Assassin,Assassin,Assassino,Assassine,Assassin
A burst-damage specialist who marks isolated targets and attacks from concealment for lethal results.,A burst-damage specialist who marks isolated targets and attacks from concealment for lethal results.,Uno specialista dei danni esplosivi che marchia i bersagli isolati e attacca dall'ombra con esiti letali.,"Ein Spezialist für Schadensausbrüche, der isolierte Ziele markiert und aus der Deckung heraus tödlich zuschlägt.",Un spécialiste des dégâts explosifs qui marque les cibles isolées et attaque depuis l'ombre avec des résultats mortels.
Marked Execution,Marked Execution,Esecuzione marchiata,Markierte Hinrichtung,Exécution marquée
"Finishes the weakest enemy for damage that rises up to 2x as its Health falls, then applies 15% Vulnerability for 3 turns if it survives.","Finishes the weakest enemy for damage that rises up to 2x as its Health falls, then applies 15% Vulnerability for 3 turns if it survives.","Finisce il nemico più debole con danni che aumentano fino al doppio quando la sua salute scende, poi applica il 15% di Vulnerabilità per 3 turni se sopravvive.","Erledigt den schwächsten Gegner mit Schaden, der bis zum Doppelten steigt, während dessen Leben sinkt, und wendet dann 3 Züge lang 15% Verwundbarkeit an, falls er überlebt.","Achève l'ennemi le plus faible avec des dégâts qui montent jusqu'à 2x à mesure que sa Vie baisse, puis applique 15% de Vulnérabilité pendant 3 tours s'il survit."
From Concealment,From Concealment,Dall'ombra,Aus der Deckung,Depuis l'ombre
The first hit on a new target gains +35 Critical Chance and +25% Damage.,The first hit on a new target gains +35 Critical Chance and +25% Damage.,Il primo colpo contro un nuovo bersaglio ottiene +35 Probabilità critica e +25% Danni.,Der erste Treffer auf ein neues Ziel erhält +35 Kritische Chance und +25% Schaden.,Le premier coup porté à une nouvelle cible gagne +35 Chance critique et +25% Dégâts.
Nightblade,Nightblade,Lama notturna,Nachtklinge,Lame nocturne
"A master killer who moves between shadows, chains executions, and disappears before enemies can retaliate.","A master killer who moves between shadows, chains executions, and disappears before enemies can retaliate.","Un maestro assassino che si muove tra le ombre, concatena esecuzioni e scompare prima che i nemici possano reagire.","Ein Meistermörder, der zwischen Schatten wandelt, Hinrichtungen verkettet und verschwindet, bevor Gegner zurückschlagen können.","Un maître assassin qui se déplace entre les ombres, enchaîne les exécutions et disparaît avant que les ennemis puissent riposter."
Umbral Execution,Umbral Execution,Esecuzione umbrale,Schattenhinrichtung,Exécution umbrale
Strikes every enemy for +70% damage against the wounded; killing a target grants +100 Evade for 2 turns.,Strikes every enemy for +70% damage against the wounded; killing a target grants +100 Evade for 2 turns.,Colpisce tutti i nemici infliggendo +70% danni ai feriti; sconfiggere un bersaglio concede +100 Schivata per 2 turni.,Trifft jeden Gegner und verursacht +70% Schaden gegen Verwundete; das Töten eines Ziels gewährt +100 Ausweichen für 2 Züge.,Frappe chaque ennemi avec +70% de dégâts contre les blessés ; tuer une cible accorde +100 Esquive pendant 2 tours.
Vanishing Kill,Vanishing Kill,Uccisione evanescente,Verschwindender Todesstoß,Mise à mort évanescente
Defeating an enemy grants +15% Damage for 3 turns and +35 Evade for 2 turns. The first hit on a new target gains +35 Critical Chance and +25% Damage.,Defeating an enemy grants +15% Damage for 3 turns and +35 Evade for 2 turns. The first hit on a new target gains +35 Critical Chance and +25% Damage.,Sconfiggere un nemico concede +15% Danni per 3 turni e +35 Schivata per 2 turni. Il primo colpo contro un nuovo bersaglio ottiene +35 Probabilità critica e +25% Danni.,Das Besiegen eines Gegners gewährt +15% Schaden für 3 Züge und +35 Ausweichen für 2 Züge. Der erste Treffer auf ein neues Ziel erhält +35 Kritische Chance und +25% Schaden.,Vaincre un ennemi accorde +15% Dégâts pendant 3 tours et +35 Esquive pendant 2 tours. Le premier coup porté à une nouvelle cible gagne +35 Chance critique et +25% Dégâts.
Trickster,Trickster,Ingannatore,Trickster,Filou
"A disruptive skirmisher who uses feints, smoke, theft, and misdirection to manipulate the battlefield.","A disruptive skirmisher who uses feints, smoke, theft, and misdirection to manipulate the battlefield.","Uno schermagliatore destabilizzante che usa finte, fumo, furti e depistaggi per manipolare il campo di battaglia.","Ein störender Plänkler, der mit Finten, Rauch, Diebstahl und Täuschung das Schlachtfeld manipuliert.","Un escarmoucheur perturbateur qui use de feintes, de fumée, de vol et de diversion pour manipuler le champ de bataille."
Smoke and Mirrors,Smoke and Mirrors,Fumo e specchi,Rauch und Spiegel,Fumée et miroirs
Strikes every enemy for -25% Attack for 3 turns and grants the Trickster +35 Evade for 3 turns.,Strikes every enemy for -25% Attack for 3 turns and grants the Trickster +35 Evade for 3 turns.,Colpisce tutti i nemici infliggendo -25% Attacco per 3 turni e concede all'Ingannatore +35 Schivata per 3 turni.,Trifft jeden Gegner mit -25% Angriff für 3 Züge und gewährt dem Gaukler +35 Ausweichen für 3 Züge.,Frappe chaque ennemi en lui infligeant -25% Attaque pendant 3 tours et accorde au Filou +35 Esquive pendant 3 tours.
Loaded Dice,Loaded Dice,Dadi truccati,Gezinkte Würfel,Dés pipés
Always +12 Evade and +8 Critical Chance; a successful evade grants +20% Damage for 2 turns.,Always +12 Evade and +8 Critical Chance; a successful evade grants +20% Damage for 2 turns.,Sempre +12 Schivata e +8 Probabilità critica; una schivata riuscita concede +20% Danni per 2 turni.,Immer +12 Ausweichen und +8 Kritische Chance; ein gelungenes Ausweichen gewährt +20% Schaden für 2 Züge.,Toujours +12 Esquive et +8 Chance critique ; une esquive réussie accorde +20% Dégâts pendant 2 tours.
Phantom,Phantom,Fantasma,Phantom,Fantôme
"An untouchable saboteur who creates decoys, steals enemy advantages, and turns hostile plans against their owners.","An untouchable saboteur who creates decoys, steals enemy advantages, and turns hostile plans against their owners.","Un sabotatore intoccabile che crea esche, sottrae i vantaggi dei nemici e rivolge i loro piani contro chi li ha ideati.","Ein unantastbarer Saboteur, der Lockvögel erschafft, gegnerische Vorteile stiehlt und feindliche Pläne gegen ihre Urheber wendet.","Un saboteur intouchable qui crée des leurres, dérobe les avantages ennemis et retourne les plans hostiles contre leurs auteurs."
Mirror Exchange,Mirror Exchange,Scambio speculare,Spiegeltausch,Échange spéculaire
"Strikes the strongest enemy, applies 20% Vulnerability for 2 turns, and grants the Phantom +100 Evade for 2 turns.","Strikes the strongest enemy, applies 20% Vulnerability for 2 turns, and grants the Phantom +100 Evade for 2 turns.","Colpisce il nemico più forte, applica il 20% di Vulnerabilità per 2 turni e concede al Fantasma +100 Schivata per 2 turni.","Trifft den stärksten Gegner, wendet 2 Züge lang 20% Verwundbarkeit an und gewährt dem Phantom +100 Ausweichen für 2 Züge.","Frappe l'ennemi le plus fort, applique 20% de Vulnérabilité pendant 2 tours et accorde au Fantôme +100 Esquive pendant 2 tours."
Untouchable Scheme,Untouchable Scheme,Piano intoccabile,Unantastbarer Plan,Plan intouchable
Always +18 Evade and +10 Critical Chance; a successful evade restores 12 mana and grants +30% Damage for 2 turns.,Always +18 Evade and +10 Critical Chance; a successful evade restores 12 mana and grants +30% Damage for 2 turns.,Sempre +18 Schivata e +10 Probabilità critica; una schivata riuscita ripristina 12 mana e concede +30% Danni per 2 turni.,Immer +18 Ausweichen und +10 Kritische Chance; ein gelungenes Ausweichen stellt 12 Mana wieder her und gewährt +30% Schaden für 2 Züge.,Toujours +18 Esquive et +10 Chance critique ; une esquive réussie restaure 12 mana et accorde +30% Dégâts pendant 2 tours.
Ranger,Ranger,Ranger,Waldläufer,Rôdeur
"A ranged hunter who scouts hostile territory, marks targets, and gains advantages from terrain and distance.","A ranged hunter who scouts hostile territory, marks targets, and gains advantages from terrain and distance.","Un cacciatore a distanza che esplora territori ostili, marchia i bersagli e sfrutta terreno e distanza a proprio vantaggio.","Ein Fernkampfjäger, der feindliches Gebiet auskundschaftet, Ziele markiert und Vorteile aus Gelände und Entfernung zieht.","Un chasseur à distance qui explore les territoires hostiles, marque les cibles et tire avantage du terrain et de la distance."
Hunter's Mark,Hunter's Mark,Marchio del cacciatore,Jägermal,Marque du chasseur
Strikes the strongest enemy and applies 24% Vulnerability for 4 turns.,Strikes the strongest enemy and applies 24% Vulnerability for 4 turns.,Colpisce il nemico più forte e applica il 24% di Vulnerabilità per 4 turni.,Trifft den stärksten Gegner und wendet 4 Züge lang 24% Verwundbarkeit an.,Frappe l'ennemi le plus fort et applique 24% de Vulnérabilité pendant 4 tours.
Fieldcraft,Fieldcraft,Esperienza sul campo,Feldkunst,Art du terrain
Always +10% Dexterity; +20% Damage against enemies that haven't acted yet this wave.,Always +10% Dexterity; +20% Damage against enemies that haven't acted yet this wave.,Sempre +10% Destrezza; +20% Danni contro nemici che non hanno ancora agito in questa ondata.,"Immer +10% Geschicklichkeit; +20% Schaden gegen Gegner, die in dieser Welle noch nicht gehandelt haben.",Toujours +10% Dextérité ; +20% Dégâts contre les ennemis qui n'ont pas encore agi durant cette vague.
Sniper,Sniper,Cecchino,Scharfschütze,Tireur d'élite
"A patient marksman who sacrifices mobility for exceptional range, armor penetration, and single-target damage.","A patient marksman who sacrifices mobility for exceptional range, armor penetration, and single-target damage.","Un tiratore paziente che sacrifica la mobilità per ottenere gittata, penetrazione dell'armatura e danni a bersaglio singolo eccezionali.","Ein geduldiger Schütze, der Beweglichkeit für außergewöhnliche Reichweite, Rüstungsdurchdringung und Einzelzielschaden opfert.","Un tireur patient qui sacrifie sa mobilité pour une portée, une pénétration d'armure et des dégâts sur cible unique exceptionnels."
Aimed Shot,Aimed Shot,Tiro mirato,Gezielter Schuss,Tir ajusté
"Fires at the strongest enemy, ignoring 45% Defense with +25% Critical Chance on this shot.","Fires at the strongest enemy, ignoring 45% Defense with +25% Critical Chance on this shot.","Spara al nemico più forte, ignorando il 45% della Difesa con +25% Probabilità critica su questo colpo.","Feuert auf den stärksten Gegner, ignoriert 45% Verteidigung und erhält +25% Kritische Chance bei diesem Schuss.","Tire sur l'ennemi le plus fort, en ignorant 45% de la Défense, avec +25% Chance critique sur ce tir."
Patient Scope,Patient Scope,Mira paziente,Geduldiges Visier,Visée patiente
Always +12 Critical Chance; +25% Damage on the Sniper's first action each wave.,Always +12 Critical Chance; +25% Damage on the Sniper's first action each wave.,Sempre +12 Probabilità critica; +25% Danni sulla prima azione del Cecchino in ogni ondata.,Immer +12 Kritische Chance; +25% Schaden bei der ersten Aktion des Scharfschützen in jeder Welle.,Toujours +12 Chance critique ; +25% Dégâts lors de la première action du Tireur d'élite à chaque vague.
Deadeye,Deadeye,Tiratore infallibile,Meisterschütze,Œil de faucon
A legendary shooter who exposes hidden weaknesses and can decide a battle with one perfectly prepared shot.,A legendary shooter who exposes hidden weaknesses and can decide a battle with one perfectly prepared shot.,Un tiratore leggendario che rivela le debolezze nascoste e può decidere una battaglia con un unico colpo preparato alla perfezione.,"Ein legendärer Schütze, der verborgene Schwächen aufdeckt und eine Schlacht mit einem einzigen perfekt vorbereiteten Schuss entscheiden kann.",Un tireur légendaire qui révèle les faiblesses cachées et peut décider d'une bataille d'un seul tir parfaitement préparé.
Heartseeker Shot,Heartseeker Shot,Tiro al cuore,Herzsucherschuss,Tir en plein cœur
"Fires a guaranteed critical shot at the weakest enemy, ignoring 35% Defense.","Fires a guaranteed critical shot at the weakest enemy, ignoring 35% Defense.","Spara un colpo critico garantito al nemico più debole, ignorando il 35% della Difesa.",Feuert einen garantierten kritischen Schuss auf den schwächsten Gegner und ignoriert 35% Verteidigung.,"Tire un coup critique garanti sur l'ennemi le plus faible, en ignorant 35% de la Défense."
Exposed Weakness,Exposed Weakness,Debolezza esposta,Offene Schwäche,Faiblesse exposée
Always +15 Critical Chance; critical hits apply 6% Vulnerability to the target for 3 turns. +30% Damage on the Deadeye's first action each wave.,Always +15 Critical Chance; critical hits apply 6% Vulnerability to the target for 3 turns. +30% Damage on the Deadeye's first action each wave.,Sempre +15 Probabilità critica; i colpi critici applicano il 6% di Vulnerabilità al bersaglio per 3 turni. +30% Danni sulla prima azione del Tiratore infallibile in ogni ondata.,Immer +15 Kritische Chance; kritische Treffer belegen das Ziel 3 Züge lang mit 6% Verwundbarkeit. +30% Schaden bei der ersten Aktion des Meisterschützen in jeder Welle.,Toujours +15 Chance critique ; les coups critiques appliquent 6% de Vulnérabilité à la cible pendant 3 tours. +30% Dégâts lors de la première action du Tireur infaillible à chaque vague.
Beastmaster,Beastmaster,Domatore di bestie,Bestienmeister,Maître des bêtes
A versatile hunter who fights alongside an animal companion and coordinates attacks with it.,A versatile hunter who fights alongside an animal companion and coordinates attacks with it.,Un cacciatore versatile che combatte al fianco di un compagno animale e coordina con esso i propri attacchi.,"Ein vielseitiger Jäger, der an der Seite eines Tiergefährten kämpft und seine Angriffe mit ihm abstimmt.",Un chasseur polyvalent qui combat aux côtés d'un compagnon animal et coordonne ses attaques avec lui.
Coordinated Pounce,Coordinated Pounce,Balzo coordinato,Koordinierter Sprung,Bond coordonné
"Strikes a random enemy 2 times, then shields the Beastmaster (12% max HP, until broken).","Strikes a random enemy 2 times, then shields the Beastmaster (12% max HP, until broken).","Colpisce un nemico casuale 2 volte, poi protegge il Domatore con una barriera (12% dei PV massimi, finché non viene infranta).","Trifft einen zufälligen Gegner 2-mal und schützt dann den Bestienmeister (12% der maximalen LP, bis sie bricht).","Frappe un ennemi au hasard 2 fois, puis protège le Maître des bêtes (12% des PV max, jusqu'à ce qu'elle soit brisée)."
Bonded Companion,Bonded Companion,Compagno legato,Verbundener Gefährte,Compagnon lié
"Always +10% Damage. Below 35% Health, gains a 20% max HP barrier (once per 4 turns).","Always +10% Damage. Below 35% Health, gains a 20% max HP barrier (once per 4 turns).","Sempre +10% Danni. Sotto il 35% di salute, ottiene una barriera del 20% dei PV massimi (una volta ogni 4 turni).",Immer +10% Schaden. Unter 35% Leben entsteht eine Barriere von 20% der maximalen LP (einmal alle 4 Züge).,"Toujours +10% Dégâts. Sous 35% de Vie, gagne une barrière de 20% des PV max (une fois tous les 4 tours)."
Wild Warden,Wild Warden,Custode selvaggio,Wildhüter,Gardien sauvage
A master of the hunt who commands a powerful bonded beast and turns the surrounding wilderness into an ally.,A master of the hunt who commands a powerful bonded beast and turns the surrounding wilderness into an ally.,Un maestro della caccia che comanda una potente bestia legata e trasforma la natura circostante in un'alleata.,"Ein Meister der Jagd, der eine mächtige verbundene Bestie befehligt und die umgebende Wildnis zum Verbündeten macht.",Un maître de la chasse qui commande une puissante bête liée et fait de la nature environnante une alliée.
Alpha's Pounce,Alpha's Pounce,Balzo dell'alfa,Satz des Alphas,Bond de l'alpha
"Calls a pack to strike every enemy 2 times, then grants +20% Damage for 3 turns.","Calls a pack to strike every enemy 2 times, then grants +20% Damage for 3 turns.","Chiama un branco che colpisce 2 volte tutti i nemici, poi concede +20% Danni per 3 turni.","Ruft ein Rudel, das jeden Gegner 2-mal trifft, und gewährt dann +20% Schaden für 3 Züge.","Appelle une meute qui frappe chaque ennemi 2 fois, puis accorde +20% Dégâts pendant 3 tours."
Pack Instinct,Pack Instinct,Istinto del branco,Rudelinstinkt,Instinct de meute
"Always +3 Threat and +12% Damage; each allied basic attack adds +4% Damage (Momentum, stacks up to +32%) for the rest of the battle. Below 35% Health, gains a 20% Max HP barrier once per 4 turns.","Always +3 Threat and +12% Damage; each allied basic attack adds +4% Damage (Momentum, stacks up to +32%) for the rest of the battle. Below 35% Health, gains a 20% Max HP barrier once per 4 turns.","Sempre +3 Minaccia e +12% Danni; ogni attacco base alleato aggiunge +4% Danni (Slancio, fino a un massimo di +32%) per il resto della battaglia. Sotto il 35% di Salute, ottiene una barriera pari al 20% dei PV massimi una volta ogni 4 turni.","Immer +3 Bedrohung und +12% Schaden; jeder Standardangriff eines Verbündeten fügt +4% Schaden hinzu (Schwung, stapelt bis +32%) für den Rest des Kampfes. Unter 35% Leben entsteht einmal alle 4 Züge eine Barriere von 20% der maximalen LP.","Toujours +3 Menace et +12% Dégâts ; chaque attaque de base alliée ajoute +4% Dégâts (Élan, cumulable jusqu'à +32%) pour le reste du combat. Sous 35% de Vie, gagne une barrière de 20% des PV max une fois tous les 4 tours."
Cleric,Cleric,Chierico,Kleriker,Clerc
"A divine support hero who restores health, removes harmful conditions, and protects the party from supernatural threats.","A divine support hero who restores health, removes harmful conditions, and protects the party from supernatural threats.","Un eroe di supporto divino che ripristina salute, rimuove le condizioni nocive e protegge il gruppo dalle minacce soprannaturali.","Ein göttlicher Unterstützungsheld, der Leben wiederherstellt, schädliche Zustände entfernt und die Gruppe vor übernatürlichen Bedrohungen schützt.","Un héros de soutien divin qui restaure la Vie, retire les états néfastes et protège le groupe des menaces surnaturelles."
Restoring Prayer,Restoring Prayer,Preghiera risanatrice,Heilendes Gebet,Prière réparatrice
Heals the weakest ally and grants +18 Magic Defense for 3 turns.,Heals the weakest ally and grants +18 Magic Defense for 3 turns.,Cura l'alleato più debole e concede +18 Difesa magica per 3 turni.,Heilt den schwächsten Verbündeten und gewährt +18 Magieverteidigung für 3 Züge.,Soigne l'allié le plus faible et accorde +18 Défense magique pendant 3 tours.
Divine Grace,Divine Grace,Grazia divina,Göttliche Gnade,Grâce divine
"Always +20 Healing. Skill heals restore 8 mana and cleanse the target's harmful effects. After every action, Twin Mercy delivers a two-pulse heal to 1 wounded ally.","Always +20 Healing. Skill heals restore 8 mana and cleanse the target's harmful effects. After every action, Twin Mercy delivers a two-pulse heal to 1 wounded ally.","Sempre +20 Cure. Le cure delle abilità ripristinano 8 mana e rimuovono gli effetti nocivi del bersaglio. Dopo ogni azione, Duplice misericordia cura in due impulsi 1 alleato ferito.",Immer +20 Heilung. Fähigkeitsheilungen stellen 8 Mana wieder her und reinigen die schädlichen Effekte des Ziels. Nach jeder Aktion spendet Zwillingsgnade 1 verwundetem Verbündeten eine Heilung in zwei Impulsen.,"Toujours +20 Soins. Les soins de compétence restaurent 8 mana et purifient les effets néfastes de la cible. Après chaque action, Double miséricorde délivre un soin en deux impulsions à 1 allié blessé."
Priest,Priest,Sacerdote,Priester,Prêtre
"A dedicated healer who provides efficient restoration, blessings, and emergency protection for wounded allies.","A dedicated healer who provides efficient restoration, blessings, and emergency protection for wounded allies.","Un guaritore devoto che offre cure efficaci, benedizioni e protezione d'emergenza agli alleati feriti.","Ein hingebungsvoller Heiler, der wirksame Wiederherstellung, Segnungen und Notfallschutz für verwundete Verbündete bietet.","Un guérisseur dévoué qui offre des soins efficaces, des bénédictions et une protection d'urgence aux alliés blessés."
Circle of Mending,Circle of Mending,Cerchio di guarigione,Kreis der Genesung,Cercle de guérison
"Heals the whole party immediately, then applies Regeneration (45% Attack per turn) for 3 turns.","Heals the whole party immediately, then applies Regeneration (45% Attack per turn) for 3 turns.","Cura immediatamente l'intero gruppo, poi applica Rigenerazione (45% dell'Attacco a turno) per 3 turni.",Heilt die gesamte Gruppe sofort und wendet dann 3 Züge lang Regeneration (45% Angriff pro Zug) an.,"Soigne immédiatement tout le groupe, puis applique une Régénération (45% Attaque par tour) pendant 3 tours."
Benediction,Benediction,Benedizione,Segensspruch,Bénédiction
"Always +25 Healing; healing beyond what's needed becomes a barrier (50% of the excess). After every action, Shared Grace splits a heal between 2 wounded allies.","Always +25 Healing; healing beyond what's needed becomes a barrier (50% of the excess). After every action, Shared Grace splits a heal between 2 wounded allies.","Sempre +25 Cure; le cure oltre il necessario diventano una barriera (50% dell'eccesso). Dopo ogni azione, Grazia condivisa divide una cura tra 2 alleati feriti.",Immer +25 Heilung; Heilung über den Bedarf hinaus wird zur Barriere (50% des Überschusses). Nach jeder Aktion verteilt Geteilte Gnade eine Heilung auf 2 verwundete Verbündete.,"Toujours +25 Soins ; les soins au-delà du nécessaire deviennent une barrière (50% de l'excédent). Après chaque action, Grâce partagée répartit un soin entre 2 alliés blessés."
High Priest,High Priest,Sommo sacerdote,Hoherpriester,Grand prêtre
A supreme spiritual healer whose miracles can rescue an entire party from defeat and restore fallen heroes.,A supreme spiritual healer whose miracles can rescue an entire party from defeat and restore fallen heroes.,Un supremo guaritore spirituale i cui miracoli possono salvare un intero gruppo dalla sconfitta e riportare in vita gli eroi caduti.,"Ein oberster spiritueller Heiler, dessen Wunder eine ganze Gruppe vor der Niederlage retten und gefallene Helden zurückholen können.",Un guérisseur spirituel suprême dont les miracles peuvent sauver un groupe entier de la défaite et ramener les héros tombés.
Miracle of Return,Miracle of Return,Miracolo del ritorno,Wunder der Wiederkehr,Miracle du retour
"Revives a fallen ally at 45% HP, or heals the weakest ally if none has fallen.","Revives a fallen ally at 45% HP, or heals the weakest ally if none has fallen.","Rianima un alleato caduto al 45% dei PV, oppure cura l'alleato più debole se nessuno è caduto.","Belebt einen gefallenen Verbündeten mit 45% LP wieder oder heilt den schwächsten Verbündeten, wenn niemand gefallen ist.","Ranime un allié tombé à 45% de ses PV, ou soigne l'allié le plus faible si personne n'est tombé."
Sacred Presence,Sacred Presence,Presenza sacra,Heilige Präsenz,Présence sacrée
"Always +30 Healing and +3 party Regeneration; overhealing becomes a barrier (50% of the excess), and all healing is +40% stronger while below 35% Health. After every action, Miracle's Wake heals 1 wounded ally (+50% below 35% Health).","Always +30 Healing and +3 party Regeneration; overhealing becomes a barrier (50% of the excess), and all healing is +40% stronger while below 35% Health. After every action, Miracle's Wake heals 1 wounded ally (+50% below 35% Health).","Sempre +30 Cure e +3 Rigenerazione di gruppo; le cure oltre il necessario diventano una barriera (50% dell'eccesso) e tutte le cure sono +40% più potenti sotto il 35% di salute. Dopo ogni azione, Scia del miracolo cura 1 alleato ferito (+50% sotto il 35% di salute).","Immer +30 Heilung und +3 Regeneration für die Gruppe; Überheilung wird zur Barriere (50% des Überschusses), und alle Heilung ist +40% stärker, solange das Leben unter 35% liegt. Nach jeder Aktion heilt Spur des Wunders 1 verwundeten Verbündeten (+50% unter 35% Leben).","Toujours +30 Soins et +3 Régénération pour le groupe ; les soins excédentaires deviennent une barrière (50% de l'excédent), et tous les soins sont +40% plus puissants sous 35% de Vie. Après chaque action, Sillage du miracle soigne 1 allié blessé (+50% sous 35% de Vie)."
Inquisitor,Inquisitor,Inquisitore,Inquisitor,Inquisiteur
"A battle cleric who exposes corruption, dispels enemy magic, and punishes cursed or supernatural foes.","A battle cleric who exposes corruption, dispels enemy magic, and punishes cursed or supernatural foes.","Un chierico da battaglia che smaschera la corruzione, dissolve la magia nemica e punisce gli avversari maledetti o soprannaturali.","Ein Schlachtkleriker, der Verderbnis entlarvt, feindliche Magie bannt und verfluchte oder übernatürliche Gegner bestraft.","Un clerc de bataille qui démasque la corruption, dissipe la magie ennemie et châtie les adversaires maudits ou surnaturels."
Judgment Brand,Judgment Brand,Marchio del giudizio,Urteilsmal,Marque du jugement
"Strikes the strongest enemy for Magic damage, removes its buffs, and applies 22% Vulnerability for 3 turns.","Strikes the strongest enemy for Magic damage, removes its buffs, and applies 22% Vulnerability for 3 turns.","Colpisce il nemico più forte con danni Magici, rimuove i suoi potenziamenti e applica il 22% di Vulnerabilità per 3 turni.","Trifft den stärksten Gegner mit Magieschaden, entfernt seine Buffs und wendet 3 Züge lang 22% Verwundbarkeit an.","Frappe l'ennemi le plus fort avec des dégâts magiques, retire ses améliorations et applique 22% de Vulnérabilité pendant 3 tours."
Witchfinder,Witchfinder,Cacciatore di streghe,Hexenjäger,Chasseur de sorcières
Always +18% Magic Damage; +22% Damage against any enemy with a harmful effect active.,Always +18% Magic Damage; +22% Damage against any enemy with a harmful effect active.,Sempre +18% Danni magici; +22% Danni contro qualsiasi nemico con un effetto nocivo attivo.,Immer +18% Magieschaden; +22% Schaden gegen jeden Gegner mit einem aktiven schädlichen Effekt.,Toujours +18% Dégâts magiques ; +22% Dégâts contre tout ennemi subissant un effet néfaste actif.
Demon Hunter,Demon Hunter,Cacciatore di demoni,Dämonenjäger,Chasseur de démons
"A relentless purifier who seals hostile powers and specializes in destroying summoned, undead, and corrupted enemies.","A relentless purifier who seals hostile powers and specializes in destroying summoned, undead, and corrupted enemies.","Un purificatore implacabile che sigilla i poteri ostili ed è specializzato nel distruggere nemici evocati, non morti e corrotti.","Ein unerbittlicher Läuterer, der feindliche Kräfte versiegelt und darauf spezialisiert ist, beschworene, untote und verderbte Gegner zu vernichten.","Un purificateur implacable qui scelle les pouvoirs hostiles et se spécialise dans la destruction des ennemis invoqués, morts-vivants et corrompus."
Seal the Profane,Seal the Profane,Sigillo del profano,Siegle das Unheilige,Sceller le profane
Strikes the strongest enemy for +75% bonus damage and silences it for 2 turns.,Strikes the strongest enemy for +75% bonus damage and silences it for 2 turns.,Colpisce il nemico più forte infliggendo +75% danni bonus e lo mette a Silenzio per 2 turni.,Trifft den stärksten Gegner mit +75% Bonusschaden und belegt ihn 2 Züge lang mit Stille.,Frappe l'ennemi le plus fort avec +75% de dégâts bonus et le frappe de Silence pendant 2 tours.
Relentless Purity,Relentless Purity,Purezza implacabile,Unerbittliche Reinheit,Pureté implacable
"Always +20 Immunity and +15% Damage; resisting a harmful effect grants +25% Damage for 3 turns, and +25% Damage against any enemy with a harmful effect active.","Always +20 Immunity and +15% Damage; resisting a harmful effect grants +25% Damage for 3 turns, and +25% Damage against any enemy with a harmful effect active.",Sempre +20 Immunità e +15% Danni; resistere a un effetto dannoso concede +25% Danni per 3 turni e +25% Danni contro qualsiasi nemico con un effetto dannoso attivo.,"Immer +20 Immunität und +15% Schaden; das Widerstehen eines schädlichen Effekts gewährt +25% Schaden für 3 Züge, und +25% Schaden gegen jeden Gegner mit einem aktiven schädlichen Effekt.","Toujours +20 Immunité et +15% Dégâts ; résister à un effet néfaste accorde +25% Dégâts pendant 3 tours, et +25% Dégâts contre tout ennemi subissant un effet néfaste actif."
Mage,Mage,Mago,Magier,Mage
"A fragile spellcaster who spends mana to deal area damage, alter the battlefield, and control groups of enemies.","A fragile spellcaster who spends mana to deal area damage, alter the battlefield, and control groups of enemies.","Un fragile incantatore che consuma mana per infliggere danni ad area, alterare il campo di battaglia e controllare gruppi di nemici.","Ein zerbrechlicher Zauberer, der Mana einsetzt, um Flächenschaden zu verursachen, das Schlachtfeld zu verändern und Gegnergruppen zu kontrollieren.","Un lanceur de sorts fragile qui dépense du mana pour infliger des dégâts de zone, altérer le champ de bataille et contrôler des groupes d'ennemis."
Arcane Burst,Arcane Burst,Esplosione arcana,Arkaner Ausbruch,Explosion arcanique
"Blasts every enemy, dealing an extra +55% damage to the primary target.","Blasts every enemy, dealing an extra +55% damage to the primary target.","Colpisce tutti i nemici, infliggendo un ulteriore +55% di danni al bersaglio principale.",Trifft jeden Gegner und fügt dem Hauptziel +55% zusätzlichen Schaden zu.,"Frappe chaque ennemi, infligeant +55% de dégâts supplémentaires à la cible principale."
Mana Attunement,Mana Attunement,Sintonia del mana,Mana-Einklang,Harmonie du mana
+15% Damage while mana is 50 or higher.,+15% Damage while mana is 50 or higher.,+15% Danni quando il mana è 50 o superiore.,"+15% Schaden, solange das Mana 50 oder höher ist.",+15% Dégâts tant que le mana est à 50 ou plus.
Elementalist,Elementalist,Elementalista,Elementarist,Élémentaliste
"An offensive caster who combines fire, frost, lightning, and earth to exploit weaknesses and create reactions.","An offensive caster who combines fire, frost, lightning, and earth to exploit weaknesses and create reactions.","Un incantatore offensivo che combina fuoco, gelo, fulmine e terra per sfruttare le debolezze e creare reazioni.","Ein offensiver Zauberer, der Feuer, Frost, Blitz und Erde verbindet, um Schwächen auszunutzen und Reaktionen auszulösen.","Un lanceur de sorts offensif qui combine feu, givre, foudre et terre pour exploiter les faiblesses et provoquer des réactions."
Elemental Convergence,Elemental Convergence,Convergenza elementale,Elementare Konvergenz,Convergence élémentaire
"Blasts every enemy with 12% Attack DoT for 2 turns, plus a random Attack Down 15%, Evade Down 15%, or Vulnerability 12% (2 turns) on each.","Blasts every enemy with 12% Attack DoT for 2 turns, plus a random Attack Down 15%, Evade Down 15%, or Vulnerability 12% (2 turns) on each.","Colpisce tutti i nemici con il 12% dell'Attacco come DoT per 2 turni, più un effetto casuale tra Attacco ridotto 15%, Schivata ridotta 15% o Vulnerabilità 12% (2 turni) su ciascuno.","Trifft jeden Gegner 2 Züge lang mit 12% Angriff als DoT, dazu bei jedem zufällig Angriff verringert 15%, Ausweichen verringert 15% oder Verwundbarkeit 12% (2 Züge).","Frappe chaque ennemi avec 12% Attaque en DoT pendant 2 tours, plus au hasard sur chacun Attaque réduite 15%, Esquive réduite 15% ou Vulnérabilité 12% (2 tours)."
Reactive Elements,Reactive Elements,Elementi reattivi,Reaktive Elemente,Éléments réactifs
Always +6% Damage; casting the active skill restores 8 mana.,Always +6% Damage; casting the active skill restores 8 mana.,Sempre +6% Danni; lanciare l'abilità attiva ripristina 8 mana.,Immer +6% Schaden; der Einsatz der aktiven Fähigkeit stellt 8 Mana wieder her.,Toujours +6% Dégâts ; lancer la compétence active restaure 8 mana.
Archon,Archon,Arconte,Archon,Archonte
A living conduit of elemental power who reshapes large areas and chains multiple elements into catastrophic spells.,A living conduit of elemental power who reshapes large areas and chains multiple elements into catastrophic spells.,Un condotto vivente di potere elementale che rimodella vaste aree e concatena più elementi in incantesimi catastrofici.,"Ein lebendiger Kanal elementarer Macht, der weite Gebiete umformt und mehrere Elemente zu katastrophalen Zaubern verkettet.",Un conduit vivant du pouvoir élémentaire qui remodèle de vastes zones et enchaîne plusieurs éléments en sorts catastrophiques.
Cataclysmic Convergence,Cataclysmic Convergence,Convergenza cataclismatica,Kataklysmische Konvergenz,Convergence cataclysmique
"Blasts every enemy, applies 10% Vulnerability for 3 turns, and restores 8 mana to the party.","Blasts every enemy, applies 10% Vulnerability for 3 turns, and restores 8 mana to the party.","Colpisce tutti i nemici, applica il 10% di Vulnerabilità per 3 turni e ripristina 8 mana al gruppo.","Trifft jeden Gegner, wendet 3 Züge lang 10% Verwundbarkeit an und stellt der Gruppe 8 Mana wieder her.","Frappe chaque ennemi, applique 10% de Vulnérabilité pendant 3 tours et restaure 8 mana au groupe."
Living Conduit,Living Conduit,Condotto vivente,Lebendiger Kanal,Conduit vivant
"Always +6% Damage and +10% Magic Damage; casting the active skill restores 8 mana, and every enemy DoT tick grants 5 mana.","Always +6% Damage and +10% Magic Damage; casting the active skill restores 8 mana, and every enemy DoT tick grants 5 mana.",Sempre +6% Danni e +10% Danni magici; lanciare l'abilità attiva ripristina 8 mana e ogni volta che un nemico subisce DoT si ottengono 5 mana.,"Immer +6% Schaden und +10% Magieschaden; der Einsatz der aktiven Fähigkeit stellt 8 Mana wieder her, und jeder DoT-Tick an einem Gegner gewährt 5 Mana.","Toujours +6% Dégâts et +10% Dégâts magiques ; lancer la compétence active restaure 8 mana, et chaque tic de DoT sur un ennemi accorde 5 mana."
Arcanist,Arcanist,Arcanista,Arkanist,Arcaniste
"A technical mage who manipulates raw magic through barriers, teleportation, interruption, and spell amplification.","A technical mage who manipulates raw magic through barriers, teleportation, interruption, and spell amplification.","Un mago tecnico che manipola la magia grezza tramite barriere, teletrasporto, interruzioni e amplificazione degli incantesimi.","Ein technischer Magier, der rohe Magie durch Barrieren, Teleportation, Unterbrechung und Zauberverstärkung lenkt.","Un mage technique qui manipule la magie brute par des barrières, la téléportation, l'interruption et l'amplification des sorts."
Spellbreak,Spellbreak,Spezzaincantesimi,Zauberbruch,Brise-sort
"Strikes the strongest enemy, silences it for 2 turns, and refunds 30 mana.","Strikes the strongest enemy, silences it for 2 turns, and refunds 30 mana.","Colpisce il nemico più forte, lo mette a Silenzio per 2 turni e recupera 30 mana.","Trifft den stärksten Gegner, belegt ihn 2 Züge lang mit Stille und erstattet 30 Mana.","Frappe l'ennemi le plus fort, le frappe de Silence pendant 2 tours et rembourse 30 mana."
Arcane Geometry,Arcane Geometry,Geometria arcana,Arkane Geometrie,Géométrie arcanique
+25% Damage against silenced enemies.,+25% Damage against silenced enemies.,+25% Danni contro i nemici messi a Silenzio.,+25% Schaden gegen Gegner unter Stille.,+25% Dégâts contre les ennemis sous Silence.
Grand Magus,Grand Magus,Gran mago,Großmagus,Grand mage
"A master of pure sorcery who rewrites the rules of combat by altering range, cost, timing, and magical effects.","A master of pure sorcery who rewrites the rules of combat by altering range, cost, timing, and magical effects.","Un maestro della stregoneria pura che riscrive le regole del combattimento alterando gittata, costo, tempismo ed effetti magici.","Ein Meister reiner Zauberei, der die Regeln des Kampfes neu schreibt, indem er Reichweite, Kosten, Zeitpunkt und magische Wirkungen verändert.","Un maître de la sorcellerie pure qui réécrit les règles du combat en modifiant la portée, le coût, le moment et les effets magiques."
Rewrite Reality,Rewrite Reality,Riscrittura della realtà,Wirklichkeit umschreiben,Réécrire la réalité
"Grants the party +22% Damage and +18 Evade, restores 20 mana to everyone, and applies -20% Attack to all enemies for 3 turns; also Silences them for 2 turns and refunds 30 mana.","Grants the party +22% Damage and +18 Evade, restores 20 mana to everyone, and applies -20% Attack to all enemies for 3 turns; also Silences them for 2 turns and refunds 30 mana.","Concede al gruppo +22% Danni e +18 Schivata, ripristina 20 mana a tutti e applica -20% Attacco a tutti i nemici per 3 turni; inoltre infligge loro Silenzio per 2 turni e recupera 30 mana.","Gewährt der Gruppe +22% Schaden und +18 Ausweichen, stellt allen 20 Mana wieder her und wendet 3 Züge lang -20% Angriff auf alle Gegner an; belegt sie zudem 2 Züge lang mit Stille und erstattet 30 Mana.","Accorde au groupe +22% Dégâts et +18 Esquive, restaure 20 mana à chacun et applique -20% Attaque à tous les ennemis pendant 3 tours ; les frappe aussi de Silence pendant 2 tours et rembourse 30 mana."
Mastery of the Weave,Mastery of the Weave,Maestria della Trama,Meisterschaft des Gewebes,Maîtrise de la Trame
"Each active skill cast adds +8% Damage (Momentum, stacks up to +24%) for the rest of the battle; +30% Damage against silenced enemies.","Each active skill cast adds +8% Damage (Momentum, stacks up to +24%) for the rest of the battle; +30% Damage against silenced enemies.","Ogni lancio dell'abilità attiva aggiunge +8% Danni (Slancio, fino a un massimo di +24%) per il resto della battaglia; +30% Danni contro i nemici messi a Silenzio.","Jeder Einsatz der aktiven Fähigkeit fügt +8% Schaden hinzu (Schwung, stapelt bis +24%) für den Rest des Kampfes; +30% Schaden gegen Gegner unter Stille.","Chaque lancement de la compétence active ajoute +8% Dégâts (Élan, cumulable jusqu'à +24%) pour le reste du combat ; +30% Dégâts contre les ennemis sous Silence."
Bard,Bard,Bardo,Barde,Barde
"A charismatic support hero who maintains performances that strengthen allies, weaken enemies, and shape party morale.","A charismatic support hero who maintains performances that strengthen allies, weaken enemies, and shape party morale.","Un carismatico eroe di supporto che mantiene esibizioni capaci di rafforzare gli alleati, indebolire i nemici e plasmare il morale del gruppo.","Ein charismatischer Unterstützungsheld, der Darbietungen aufrechterhält, die Verbündete stärken, Gegner schwächen und die Moral der Gruppe formen.","Un héros de soutien charismatique qui entretient des prestations renforçant les alliés, affaiblissant les ennemis et façonnant le moral du groupe."
Rallying Verse,Rallying Verse,Strofa incitante,Sammelnde Strophe,Vers de ralliement
Heals the whole party and grants +24% Damage for 3 turns.,Heals the whole party and grants +24% Damage for 3 turns.,Cura l'intero gruppo e concede +24% Danni per 3 turni.,Heilt die gesamte Gruppe und gewährt +24% Schaden für 3 Züge.,Soigne tout le groupe et accorde +24% Dégâts pendant 3 tours.
Sustained Performance,Sustained Performance,Esibizione incessante,Anhaltende Darbietung,Prestation soutenue
"Always +12 Healing; the party always gains +8% Damage, and each active skill cast adds +8% more (Momentum, stacks up to +20%) for the rest of the battle. After every action, Restorative Refrain splits a heal between 2 wounded allies.","Always +12 Healing; the party always gains +8% Damage, and each active skill cast adds +8% more (Momentum, stacks up to +20%) for the rest of the battle. After every action, Restorative Refrain splits a heal between 2 wounded allies.","Sempre +12 Cure; il gruppo ottiene sempre +8% Danni e ogni lancio dell'abilità attiva ne aggiunge +8% in più (Slancio, fino a un massimo di +20%) per il resto della battaglia. Dopo ogni azione, Ritornello ristoratore divide una cura tra 2 alleati feriti.","Immer +12 Heilung; die Gruppe erhält immer +8% Schaden, und jeder Einsatz der aktiven Fähigkeit fügt +8% mehr hinzu (Schwung, stapelt bis +20%) für den Rest des Kampfes. Nach jeder Aktion verteilt Heilender Refrain eine Heilung auf 2 verwundete Verbündete.","Toujours +12 Soins ; le groupe gagne toujours +8% Dégâts, et chaque lancement de la compétence active en ajoute +8% de plus (Élan, cumulable jusqu'à +20%) pour le reste du combat. Après chaque action, Refrain réparateur répartit un soin entre 2 alliés blessés."
Minstrel,Minstrel,Menestrello,Spielmann,Ménestrel
"An inspiring performer who sustains healing melodies, resource recovery, and long-lasting party enhancements.","An inspiring performer who sustains healing melodies, resource recovery, and long-lasting party enhancements.","Un artista ispiratore che mantiene melodie curative, recupero delle risorse e potenziamenti duraturi per il gruppo.","Ein inspirierender Künstler, der heilende Melodien, Ressourcenrückgewinnung und lang anhaltende Verstärkungen für die Gruppe aufrechterhält.","Un artiste inspirant qui entretient des mélodies curatives, la récupération des ressources et des améliorations durables pour le groupe."
Ballad of Renewal,Ballad of Renewal,Ballata del rinnovamento,Ballade der Erneuerung,Ballade du renouveau
"Heals the whole party, restores 15 mana to everyone, then applies Regeneration (40% Attack per turn) for 4 turns.","Heals the whole party, restores 15 mana to everyone, then applies Regeneration (40% Attack per turn) for 4 turns.","Cura l'intero gruppo, ripristina 15 mana a tutti, poi applica Rigenerazione (40% dell'Attacco a turno) per 4 turni.","Heilt die gesamte Gruppe, stellt allen 15 Mana wieder her und wendet dann 4 Züge lang Regeneration (40% Angriff pro Zug) an.","Soigne tout le groupe, restaure 15 mana à chacun, puis applique une Régénération (40% Attaque par tour) pendant 4 tours."
Gentle Refrain,Gentle Refrain,Ritornello gentile,Sanfter Refrain,Refrain doux
"Always +25 Healing and +25% stronger Regeneration effects; skill heals restore 5 mana. After every action, Threefold Ballad splits a 3-pulse heal between 2 wounded allies.","Always +25 Healing and +25% stronger Regeneration effects; skill heals restore 5 mana. After every action, Threefold Ballad splits a 3-pulse heal between 2 wounded allies.","Sempre +25 Cure e effetti di Rigenerazione +25% più potenti; le cure delle abilità ripristinano 5 mana. Dopo ogni azione, Ballata triplice cura in 3 impulsi, divisi tra 2 alleati feriti.",Immer +25 Heilung und +25% stärkere Regenerationseffekte; Fähigkeitsheilungen stellen 5 Mana wieder her. Nach jeder Aktion verteilt Dreifache Ballade eine Heilung in 3 Impulsen auf 2 verwundete Verbündete.,"Toujours +25 Soins et effets de Régénération +25% plus puissants ; les soins de compétence restaurent 5 mana. Après chaque action, Ballade triple répartit un soin en 3 impulsions entre 2 alliés blessés."
Virtuoso,Virtuoso,Virtuoso,Virtuose,Virtuose
A brilliant artist who layers several performances at once and transforms party coordination into overwhelming tempo.,A brilliant artist who layers several performances at once and transforms party coordination into overwhelming tempo.,Un artista brillante che sovrappone più esibizioni e trasforma la coordinazione del gruppo in un ritmo travolgente.,"Ein brillanter Künstler, der mehrere Darbietungen zugleich überlagert und die Abstimmung der Gruppe in überwältigendes Tempo verwandelt.",Un artiste brillant qui superpose plusieurs prestations et transforme la coordination du groupe en un tempo écrasant.
Grand Crescendo,Grand Crescendo,Gran crescendo,Großes Crescendo,Grand crescendo
"Heals the whole party, restores 20 mana to everyone, then grants +26% Damage, +12 Defense, and +12 Magic Defense for 4 turns.","Heals the whole party, restores 20 mana to everyone, then grants +26% Damage, +12 Defense, and +12 Magic Defense for 4 turns.","Cura l'intero gruppo, ripristina 20 mana a tutti, poi concede +26% Danni, +12 Difesa e +12 Difesa magica per 4 turni.","Heilt die gesamte Gruppe, stellt allen 20 Mana wieder her und gewährt dann +26% Schaden, +12 Verteidigung und +12 Magieverteidigung für 4 Züge.","Soigne tout le groupe, restaure 20 mana à chacun, puis accorde +26% Dégâts, +12 Défense et +12 Défense magique pendant 4 tours."
Polyphonic Mastery,Polyphonic Mastery,Maestria polifonica,Polyphone Meisterschaft,Maîtrise polyphonique
"Always +25 Healing and +25% stronger Regeneration effects; skill heals restore 5 mana. The whole party always gains +13% Damage and +12 Healing. After every action, Grand Healing Chorus splits a heal between 3 wounded allies.","Always +25 Healing and +25% stronger Regeneration effects; skill heals restore 5 mana. The whole party always gains +13% Damage and +12 Healing. After every action, Grand Healing Chorus splits a heal between 3 wounded allies.","Sempre +25 Cure e effetti di Rigenerazione +25% più forti; le cure da abilità ripristinano 5 mana. L'intero gruppo ottiene sempre +13% Danni e +12 Cure. Dopo ogni azione, Gran coro curativo divide una cura fra 3 alleati feriti.",Immer +25 Heilung und +25% stärkere Regenerationseffekte; Fähigkeitsheilungen stellen 5 Mana wieder her. Die gesamte Gruppe erhält immer +13% Schaden und +12 Heilung. Nach jeder Aktion verteilt Großer Heilchor eine Heilung auf 3 verwundete Verbündete.,"Toujours +25 Soins et effets de Régénération +25% plus puissants ; les soins de compétence restaurent 5 mana. Tout le groupe gagne toujours +13% Dégâts et +12 Soins. Après chaque action, Grand chœur de soins répartit un soin entre 3 alliés blessés."
Skald,Skald,Scaldo,Skalde,Scalde
"A martial storyteller whose battle chants improve offense, courage, and resistance while pressuring nearby enemies.","A martial storyteller whose battle chants improve offense, courage, and resistance while pressuring nearby enemies.","Un cantastorie guerriero i cui canti di battaglia migliorano attacco, coraggio e resistenza, mettendo sotto pressione i nemici vicini.","Ein kriegerischer Geschichtenerzähler, dessen Schlachtgesänge Angriff, Mut und Widerstandskraft steigern und nahe Gegner unter Druck setzen.","Un conteur guerrier dont les chants de bataille améliorent l'attaque, le courage et la résistance tout en mettant sous pression les ennemis proches."
War Cry Saga,War Cry Saga,Saga del grido di guerra,Schlachtruf-Saga,Saga du cri de guerre
"Grants the whole party +24% Damage, +30 Immunity, and +15 Critical Chance for 4 turns.","Grants the whole party +24% Damage, +30 Immunity, and +15 Critical Chance for 4 turns.","Concede all'intero gruppo +24% Danni, +30 Immunità e +15 Probabilità critica per 4 turni.","Gewährt der gesamten Gruppe +24% Schaden, +30 Immunität und +15 Kritische Chance für 4 Züge.","Accorde à tout le groupe +24% Dégâts, +30 Immunité et +15 Chance critique pendant 4 tours."
Heroic Meter,Heroic Meter,Ritmo eroico,Heldenmaß,Mesure héroïque
The party always gains +10 Critical Chance; any allied critical hit restores 4 mana to the Skald.,The party always gains +10 Critical Chance; any allied critical hit restores 4 mana to the Skald.,Il gruppo ottiene sempre +10 Probabilità critica; ogni colpo critico alleato ripristina 4 mana allo Scaldo.,Die Gruppe erhält immer +10 Kritische Chance; jeder kritische Treffer eines Verbündeten stellt dem Skalden 4 Mana wieder her.,Le groupe gagne toujours +10 Chance critique ; tout coup critique allié restaure 4 mana au Scalde.
War Chanter,War Chanter,Cantore di guerra,Kriegssänger,Chantre de guerre
A commanding voice on the battlefield who drives allies into heroic action and breaks the resolve of enemy formations.,A commanding voice on the battlefield who drives allies into heroic action and breaks the resolve of enemy formations.,Una voce imperiosa sul campo di battaglia che spinge gli alleati ad azioni eroiche e spezza la determinazione delle formazioni nemiche.,"Eine gebieterische Stimme auf dem Schlachtfeld, die Verbündete zu heldenhaften Taten treibt und die Entschlossenheit feindlicher Formationen bricht.",Une voix impérieuse sur le champ de bataille qui pousse les alliés à l'héroïsme et brise la détermination des formations ennemies.
Commanding Chorus,Commanding Chorus,Coro imperioso,Gebieterischer Chor,Chœur impérieux
"Grants the whole party +30% Damage, +20 Critical Chance, and +30 Immunity for 4 turns.","Grants the whole party +30% Damage, +20 Critical Chance, and +30 Immunity for 4 turns.","Concede all'intero gruppo +30% Danni, +20 Probabilità critica e +30 Immunità per 4 turni.","Gewährt der gesamten Gruppe +30% Schaden, +20 Kritische Chance und +30 Immunität für 4 Züge.","Accorde à tout le groupe +30% Dégâts, +20 Chance critique et +30 Immunité pendant 4 tours."
Unbroken Cadence,Unbroken Cadence,Cadenza ininterrotta,Ungebrochene Kadenz,Cadence ininterrompue
"The party always gains +14% Damage, +10 Critical Chance, and +18% Healing received; any allied critical hit restores 4 mana to the War Chanter, and whenever an ally defeats an enemy it gains +5% Damage (Momentum, stacks up to +25%) for the rest of the battle.","The party always gains +14% Damage, +10 Critical Chance, and +18% Healing received; any allied critical hit restores 4 mana to the War Chanter, and whenever an ally defeats an enemy it gains +5% Damage (Momentum, stacks up to +25%) for the rest of the battle.","Il gruppo ottiene sempre +14% Danni, +10 Probabilità critica e +18% Cure ricevute; ogni colpo critico alleato ripristina 4 mana al Cantore di guerra e ogni volta che un alleato sconfigge un nemico ottiene +5% Danni (Slancio, fino a un massimo di +25%) per il resto della battaglia.","Die Gruppe erhält immer +14% Schaden, +10 Kritische Chance und +18% erhaltene Heilung; jeder kritische Treffer eines Verbündeten stellt dem Kriegssänger 4 Mana wieder her, und immer wenn ein Verbündeter einen Gegner besiegt, erhält sie +5% Schaden (Schwung, stapelt bis +25%) für den Rest des Kampfes.","Le groupe gagne toujours +14% Dégâts, +10 Chance critique et +18% de Soins reçus ; tout coup critique allié restaure 4 mana au Chantre de guerre, et chaque fois qu'un allié vainc un ennemi, il gagne +5% Dégâts (Élan, cumulable jusqu'à +25%) pour le reste du combat."
Engineer,Engineer,Ingegnere,Ingenieur,Ingénieur
"A tactical specialist who deploys devices, traps, and consumable inventions to prepare and control the battlefield.","A tactical specialist who deploys devices, traps, and consumable inventions to prepare and control the battlefield.","Uno specialista tattico che schiera dispositivi, trappole e invenzioni consumabili per preparare e controllare il campo di battaglia.","Ein taktischer Spezialist, der Geräte, Fallen und verbrauchbare Erfindungen auslegt, um das Schlachtfeld vorzubereiten und zu beherrschen.","Un spécialiste tactique qui déploie appareils, pièges et inventions consommables pour préparer et contrôler le champ de bataille."
Bulwark Device,Bulwark Device,Dispositivo baluardo,Bollwerk-Vorrichtung,Dispositif de rempart
"Strikes a random enemy for -15% Attack for 3 turns, then shields the whole party (10% max HP, until broken).","Strikes a random enemy for -15% Attack for 3 turns, then shields the whole party (10% max HP, until broken).","Colpisce un nemico casuale infliggendo -15% Attacco per 3 turni, poi protegge l'intero gruppo con una barriera (10% dei PV massimi, finché non viene infranta).","Trifft einen zufälligen Gegner mit -15% Angriff für 3 Züge und schützt dann die gesamte Gruppe (10% der maximalen LP, bis sie bricht).","Frappe un ennemi au hasard en lui infligeant -15% Attaque pendant 3 tours, puis protège tout le groupe (10% des PV max, jusqu'à ce qu'elle soit brisée)."
Field Fortification,Field Fortification,Fortificazione da campo,Feldbefestigung,Fortification de campagne
Always +5 Defense and +10% Damage; gains an 8% max HP barrier at the start of each wave.,Always +5 Defense and +10% Damage; gains an 8% max HP barrier at the start of each wave.,Sempre +5 Difesa e +10% Danni; ottiene una barriera dell'8% dei PV massimi all'inizio di ogni ondata.,Immer +5 Verteidigung und +10% Schaden; erhält zu Beginn jeder Welle eine Barriere von 8% der maximalen LP.,Toujours +5 Défense et +10% Dégâts ; gagne une barrière de 8% des PV max au début de chaque vague.
Artificer,Artificer,Artefice,Konstrukteur,Artificier
"A magical inventor who equips allies with enchanted devices, protective constructs, and adaptable utility tools.","A magical inventor who equips allies with enchanted devices, protective constructs, and adaptable utility tools.","Un inventore magico che equipaggia gli alleati con dispositivi incantati, costrutti protettivi e versatili strumenti di supporto.","Ein magischer Erfinder, der Verbündete mit verzauberten Geräten, schützenden Konstrukten und vielseitigen Hilfsmitteln ausstattet.","Un inventeur magique qui équipe les alliés d'appareils enchantés, de constructions protectrices et d'outils polyvalents."
Enchant Armament,Enchant Armament,Incanta armamento,Bewaffnung verzaubern,Enchanter l'armement
"Grants the strongest ally +28% Damage, +15 Critical Chance, and +10 Magic Defense for 4 turns.","Grants the strongest ally +28% Damage, +15 Critical Chance, and +10 Magic Defense for 4 turns.","Concede all'alleato più forte +28% Danni, +15 Probabilità critica e +10 Difesa magica per 4 turni.","Gewährt dem stärksten Verbündeten +28% Schaden, +15 Kritische Chance und +10 Magieverteidigung für 4 Züge.","Accorde à l'allié le plus fort +28% Dégâts, +15 Chance critique et +10 Défense magique pendant 4 tours."
Adaptive Infusion,Adaptive Infusion,Infusione adattiva,Anpassungsinfusion,Infusion adaptative
The whole party always gains +8% Damage and +6 Magic Defense.,The whole party always gains +8% Damage and +6 Magic Defense.,L'intero gruppo ottiene sempre +8% Danni e +6 Difesa magica.,Die gesamte Gruppe erhält immer +8% Schaden und +6 Magieverteidigung.,Tout le groupe gagne toujours +8% Dégâts et +6 Défense magique.
Master Artificer,Master Artificer,Maestro artefice,Meister-Artifex,Maître artificier
A visionary creator whose autonomous constructs and legendary equipment can redefine the party's capabilities.,A visionary creator whose autonomous constructs and legendary equipment can redefine the party's capabilities.,Un creatore visionario i cui costrutti autonomi ed equipaggiamenti leggendari possono ridefinire le capacità del gruppo.,"Ein visionärer Schöpfer, dessen selbstständige Konstrukte und legendäre Ausrüstung die Fähigkeiten der Gruppe neu definieren können.",Un créateur visionnaire dont les constructions autonomes et l'équipement légendaire peuvent redéfinir les capacités du groupe.
Renewal Armament,Renewal Armament,Armamento del rinnovamento,Erneuerungsbewaffnung,Armement du renouveau
"Strikes every enemy, shields the party (15% max HP, until broken), then applies Regeneration (25% Attack per turn) to the party for 4 turns.","Strikes every enemy, shields the party (15% max HP, until broken), then applies Regeneration (25% Attack per turn) to the party for 4 turns.","Colpisce tutti i nemici, protegge il gruppo con una barriera (15% dei PV massimi, finché non viene infranta), poi applica al gruppo Rigenerazione (25% dell'Attacco a turno) per 4 turni.","Trifft jeden Gegner, schützt die Gruppe (15% der maximalen LP, bis sie bricht) und wendet dann 4 Züge lang Regeneration (25% Angriff pro Zug) auf die Gruppe an.","Frappe chaque ennemi, protège le groupe (15% des PV max, jusqu'à ce qu'elle soit brisée), puis applique une Régénération (25% Attaque par tour) au groupe pendant 4 tours."
Masterwork Renewal,Masterwork Renewal,Rinnovamento magistrale,Meisterhafte Erneuerung,Renouveau magistral
"Always +3 Regeneration and +20 Healing; the whole party gains +8 Defense, +8 Magic Defense, and +10% Damage. After every action, Repair Sequence splits a 2-pulse heal between 2 wounded allies.","Always +3 Regeneration and +20 Healing; the whole party gains +8 Defense, +8 Magic Defense, and +10% Damage. After every action, Repair Sequence splits a 2-pulse heal between 2 wounded allies.","Sempre +3 Rigenerazione e +20 Cure; l'intero gruppo ottiene +8 Difesa, +8 Difesa magica e +10% Danni. Dopo ogni azione, Sequenza di riparazione cura in 2 impulsi, divisi tra 2 alleati feriti.","Immer +3 Regeneration und +20 Heilung; die gesamte Gruppe erhält +8 Verteidigung, +8 Magieverteidigung und +10% Schaden. Nach jeder Aktion verteilt Reparatursequenz eine Heilung in 2 Impulsen auf 2 verwundete Verbündete.","Toujours +3 Régénération et +20 Soins ; tout le groupe gagne +8 Défense, +8 Défense magique et +10% Dégâts. Après chaque action, Séquence de réparation répartit un soin en 2 impulsions entre 2 alliés blessés."
Machinist,Machinist,Macchinista,Maschinist,Machiniste
"A battlefield operator who deploys turrets, explosives, and mechanical weapons to control key positions.","A battlefield operator who deploys turrets, explosives, and mechanical weapons to control key positions.","Un operatore da battaglia che schiera torrette, esplosivi e armi meccaniche per controllare le posizioni strategiche.","Ein Schlachtfeldtechniker, der Geschütztürme, Sprengsätze und mechanische Waffen aufstellt, um Schlüsselpositionen zu beherrschen.","Un opérateur de champ de bataille qui déploie tourelles, explosifs et armes mécaniques pour contrôler les positions clés."
Sentry Turret,Sentry Turret,Torretta sentinella,Wachturm-Geschütz,Tourelle de guet
"Fires a turret barrage at the weakest enemy 4 times, ignoring 20% Defense on each shot.","Fires a turret barrage at the weakest enemy 4 times, ignoring 20% Defense on each shot.","Spara una raffica dalla torretta contro il nemico più debole 4 volte, ignorando il 20% della Difesa a ogni colpo.",Feuert 4-mal ein Geschützturm-Sperrfeuer auf den schwächsten Gegner und ignoriert bei jedem Schuss 20% Verteidigung.,"Tire un barrage de tourelle sur l'ennemi le plus faible 4 fois, en ignorant 20% de la Défense à chaque tir."
Calibrated Barrage,Calibrated Barrage,Raffica calibrata,Kalibriertes Sperrfeuer,Barrage calibré
"Always ignores 10% Defense on basic attacks; each basic attack adds +5% Damage (Momentum, stacks up to +25%) for the rest of the battle.","Always ignores 10% Defense on basic attacks; each basic attack adds +5% Damage (Momentum, stacks up to +25%) for the rest of the battle.","Ignora sempre il 10% della Difesa sugli attacchi base; ogni attacco base aggiunge +5% Danni (Slancio, fino a un massimo di +25%) per il resto della battaglia.","Ignoriert bei Standardangriffen immer 10% Verteidigung; jeder Standardangriff fügt +5% Schaden hinzu (Schwung, stapelt bis +25%) für den Rest des Kampfes.","Ignore toujours 10% de la Défense sur les attaques de base ; chaque attaque de base ajoute +5% Dégâts (Élan, cumulable jusqu'à +25%) pour le reste du combat."
Siege Architect,Siege Architect,Architetto d'assedio,Belagerungsarchitekt,Architecte de siège
A master of heavy machinery who constructs fortified positions and brings overwhelming mechanical firepower.,A master of heavy machinery who constructs fortified positions and brings overwhelming mechanical firepower.,Un maestro dei macchinari pesanti che costruisce posizioni fortificate e porta sul campo una potenza di fuoco meccanica travolgente.,"Ein Meister schwerer Maschinen, der befestigte Stellungen errichtet und überwältigende mechanische Feuerkraft mitbringt.",Un maître des machines lourdes qui construit des positions fortifiées et apporte une puissance de feu mécanique écrasante.
Siege Battery,Siege Battery,Batteria d'assedio,Belagerungsbatterie,Batterie de siège
"Bombards every enemy, shields the party for 30% max Health until broken, and grants the Siege Architect +25 Defense and +25 Magic Defense for 4 turns.","Bombards every enemy, shields the party for 30% max Health until broken, and grants the Siege Architect +25 Defense and +25 Magic Defense for 4 turns.","Bombarda tutti i nemici, protegge il gruppo con una barriera pari al 30% della salute massima finché non viene infranta e concede all'Architetto d'assedio +25 Difesa e +25 Difesa magica per 4 turni.","Bombardiert jeden Gegner, schützt die Gruppe mit einer Barriere von 30% des maximalen Lebens, bis sie bricht, und gewährt dem Belagerungsarchitekten +25 Verteidigung und +25 Magieverteidigung für 4 Züge.","Bombarde chaque ennemi, protège le groupe d'une barrière de 30% de la Vie max jusqu'à ce qu'elle soit brisée, et accorde à l'Architecte de siège +25 Défense et +25 Défense magique pendant 4 tours."
Entrenched Firepower,Entrenched Firepower,Potenza di fuoco trincerata,Verschanzte Feuerkraft,Puissance de feu retranchée
"Always +14 Defense, +12 Magic Defense, and +8 Threat; ignores 10% Defense on basic attacks, and each basic attack adds +5% Damage (Momentum, stacks up to +25%) for the rest of the battle. The whole party gains +3 Defense and +3 Magic Defense.","Always +14 Defense, +12 Magic Defense, and +8 Threat; ignores 10% Defense on basic attacks, and each basic attack adds +5% Damage (Momentum, stacks up to +25%) for the rest of the battle. The whole party gains +3 Defense and +3 Magic Defense.","Sempre +14 Difesa, +12 Difesa magica e +8 Minaccia; ignora il 10% della Difesa con gli attacchi base e ogni attacco base aggiunge +5% Danni (Slancio, si accumula fino a +25%) per il resto della battaglia. L'intero gruppo ottiene +3 Difesa e +3 Difesa magica.","Immer +14 Verteidigung, +12 Magieverteidigung und +8 Bedrohung; ignoriert 10% Verteidigung bei Standardangriffen, und jeder Standardangriff fügt +5% Schaden hinzu (Schwung, stapelt bis +25%) für den Rest des Kampfes. Die gesamte Gruppe erhält +3 Verteidigung und +3 Magieverteidigung.","Toujours +14 Défense, +12 Défense magique et +8 Menace ; ignore 10% de la Défense sur les attaques de base, et chaque attaque de base ajoute +5% Dégâts (Élan, cumulable jusqu'à +25%) pour le reste du combat. Tout le groupe gagne +3 Défense et +3 Défense magique."
Monk,Monk,Monaco,Mönch,Moine
"A disciplined combatant who generates focus through movement, counters, and attack combinations before spending it on advanced techniques.","A disciplined combatant who generates focus through movement, counters, and attack combinations before spending it on advanced techniques.","Un combattente disciplinato che genera concentrazione tramite movimento, contrattacchi e combinazioni di colpi, per poi spenderla in tecniche avanzate.","Ein disziplinierter Kämpfer, der durch Bewegung, Konter und Angriffskombinationen Fokus sammelt und ihn dann für fortgeschrittene Techniken einsetzt.","Un combattant discipliné qui génère de la concentration par le mouvement, les ripostes et les enchaînements, puis la dépense en techniques avancées."
Resonant Palm,Resonant Palm,Palmo risonante,Resonante Handfläche,Paume résonante
"Strikes a random enemy, restores 8 mana to the party, and grants the Monk +20 Counter Chance for 2 turns.","Strikes a random enemy, restores 8 mana to the party, and grants the Monk +20 Counter Chance for 2 turns.","Colpisce un nemico casuale, ripristina 8 mana al gruppo e concede al Monaco +20 Probabilità di contrattacco per 2 turni.","Trifft einen zufälligen Gegner, stellt der Gruppe 8 Mana wieder her und gewährt dem Mönch +20 Konterchance für 2 Züge.","Frappe un ennemi au hasard, restaure 8 mana au groupe et accorde au Moine +20 Chance de riposte pendant 2 tours."
Circulating Breath,Circulating Breath,Respiro circolante,Kreisender Atem,Souffle circulant
Always +12 Counter Chance; each basic attack adds +10% Damage (stacks up to +100%) for the rest of the battle.,Always +12 Counter Chance; each basic attack adds +10% Damage (stacks up to +100%) for the rest of the battle.,Sempre +12 Probabilità di contrattacco; ogni attacco base aggiunge +10% Danni (fino a un massimo di +100%) per il resto della battaglia.,Immer +12 Konterchance; jeder Standardangriff fügt +10% Schaden hinzu (stapelt bis +100%) für den Rest des Kampfes.,Toujours +12 Chance de riposte ; chaque attaque de base ajoute +10% Dégâts (cumulable jusqu'à +100%) pour le reste du combat.
Martial Artist,Martial Artist,Artista marziale,Kampfkünstler,Artiste martial
"A mobile melee specialist who changes stances, completes combos, and counters predictable enemy attacks.","A mobile melee specialist who changes stances, completes combos, and counters predictable enemy attacks.","Un agile specialista del corpo a corpo che cambia posizione, completa combo e contrattacca gli attacchi nemici prevedibili.","Ein beweglicher Nahkampfspezialist, der Kampfhaltungen wechselt, Kombos vollendet und vorhersehbare Feindangriffe kontert.","Un spécialiste de mêlée mobile qui change de posture, achève ses combos et riposte aux attaques ennemies prévisibles."
Stance Breaker,Stance Breaker,Rottura della postura,Haltungsbrecher,Briseur de posture
"Strikes the strongest enemy, ignoring 25% Defense, then grants the Martial Artist +20 Evade for 3 turns.","Strikes the strongest enemy, ignoring 25% Defense, then grants the Martial Artist +20 Evade for 3 turns.","Colpisce il nemico più forte ignorando il 25% della Difesa, poi concede all'Artista marziale +20 Schivata per 3 turni.","Trifft den stärksten Gegner, ignoriert 25% Verteidigung und gewährt dem Kampfkünstler dann +20 Ausweichen für 3 Züge.","Frappe l'ennemi le plus fort, en ignorant 25% de la Défense, puis accorde à l'Artiste martial +20 Esquive pendant 3 tours."
Combo Flow,Combo Flow,Flusso di combo,Kombofluss,Flux d'enchaînement
"Always +10 Evade and +15 Counter Chance; each active skill cast adds +10% Damage (Momentum, stacks up to +24%) for the rest of the battle.","Always +10 Evade and +15 Counter Chance; each active skill cast adds +10% Damage (Momentum, stacks up to +24%) for the rest of the battle.","Sempre +10 Schivata e +15 Probabilità di contrattacco; ogni lancio dell'abilità attiva aggiunge +10% Danni (Slancio, fino a un massimo di +24%) per il resto della battaglia.","Immer +10 Ausweichen und +15 Konterchance; jeder Einsatz der aktiven Fähigkeit fügt +10% Schaden hinzu (Schwung, stapelt bis +24%) für den Rest des Kampfes.","Toujours +10 Esquive et +15 Chance de riposte ; chaque lancement de la compétence active ajoute +10% Dégâts (Élan, cumulable jusqu'à +24%) pour le reste du combat."
Grandmaster,Grandmaster,Gran maestro,Großmeister,Grand maître
A flawless combatant who flows freely between stances and turns enemy aggression into decisive counterattacks.,A flawless combatant who flows freely between stances and turns enemy aggression into decisive counterattacks.,Un combattente impeccabile che passa liberamente da una posizione all'altra e trasforma l'aggressività nemica in contrattacchi decisivi.,"Ein makelloser Kämpfer, der frei zwischen Kampfhaltungen wechselt und feindliche Angriffslust in entscheidende Konterangriffe verwandelt.",Un combattant impeccable qui passe librement d'une posture à l'autre et transforme l'agressivité ennemie en ripostes décisives.
Heavenly Counter,Heavenly Counter,Contrattacco celestiale,Himmlischer Konter,Riposte céleste
"Hits the strongest enemy for 200% Attack damage, ignoring 25% Defense; shields the party for 20% and itself for 30% max Health until broken, then gains +10 Threat, +100 Counter Chance, +110 Counter Power, and +40 Evade for 4 turns.","Hits the strongest enemy for 200% Attack damage, ignoring 25% Defense; shields the party for 20% and itself for 30% max Health until broken, then gains +10 Threat, +100 Counter Chance, +110 Counter Power, and +40 Evade for 4 turns.","Colpisce il nemico più forte infliggendo il 200% dell'Attacco, ignorando il 25% della Difesa; protegge il gruppo del 20% e se stesso del 30% dei PV massimi finché non infranta, poi ottiene +10 Minaccia, +100 Probabilità di Contrattacco, +110 Potenza di Contrattacco e +40 Schivata per 4 turni.","Trifft den stärksten Gegner für 200% Angriff als Schaden und ignoriert 25% Verteidigung; schützt die Gruppe mit 20% und sich selbst mit 30% des maximalen Lebens, bis die Barrieren brechen, und erhält dann +10 Bedrohung, +100 Konterchance, +110 Konterkraft und +40 Ausweichen für 4 Züge.","Frappe l'ennemi le plus fort pour 200% Attaque en dégâts, en ignorant 25% de la Défense ; protège le groupe de 20% et soi-même de 30% de la Vie max jusqu'à ce que les barrières soient brisées, puis gagne +10 Menace, +100 Chance de riposte, +110 Puissance de riposte et +40 Esquive pendant 4 tours."
Perfect Form,Perfect Form,Forma perfetta,Vollkommene Form,Forme parfaite
"Always +12 Defense, +12 Magic Defense, +8 Threat, +20 Evade, +5 Regeneration, +25 Counter Chance, and +45 Counter Power.","Always +12 Defense, +12 Magic Defense, +8 Threat, +20 Evade, +5 Regeneration, +25 Counter Chance, and +45 Counter Power.","Sempre +12 Difesa, +12 Difesa magica, +8 Minaccia, +20 Schivata, +5 Rigenerazione, +25 Probabilità di contrattacco e +45 Potenza di contrattacco.","Immer +12 Verteidigung, +12 Magieverteidigung, +8 Bedrohung, +20 Ausweichen, +5 Regeneration, +25 Konterchance und +45 Konterkraft.","Toujours +12 Défense, +12 Défense magique, +8 Menace, +20 Esquive, +5 Régénération, +25 Chance de riposte et +45 Puissance de riposte."
Mystic,Mystic,Mistico,Mystiker,Mystique
"A spiritual support fighter who channels focus into barriers, cleansing techniques, and restorative energy.","A spiritual support fighter who channels focus into barriers, cleansing techniques, and restorative energy.","Un combattente di supporto spirituale che incanala la concentrazione in barriere, tecniche purificatrici ed energia risanatrice.","Ein spiritueller Unterstützungskämpfer, der Fokus in Barrieren, Reinigungstechniken und heilende Energie lenkt.","Un combattant de soutien spirituel qui canalise sa concentration en barrières, techniques de purification et énergie réparatrice."
Spirit Ward,Spirit Ward,Egida spirituale,Geisterschutz,Garde spirituelle
"Heals the weakest ally, cleanses harmful effects, shields with a barrier (20% max HP, until broken), and grants +15 Magic Defense for 3 turns.","Heals the weakest ally, cleanses harmful effects, shields with a barrier (20% max HP, until broken), and grants +15 Magic Defense for 3 turns.","Cura l'alleato più debole, rimuove gli effetti nocivi, lo protegge con una barriera (20% dei PV massimi, finché non viene infranta) e concede +15 Difesa magica per 3 turni.","Heilt den schwächsten Verbündeten, reinigt schädliche Effekte, schützt ihn mit einer Barriere (20% der maximalen LP, bis sie bricht) und gewährt +15 Magieverteidigung für 3 Züge.","Soigne l'allié le plus faible, purifie les effets néfastes, le protège d'une barrière (20% des PV max, jusqu'à ce qu'elle soit brisée) et accorde +15 Défense magique pendant 3 tours."
Shared Focus,Shared Focus,Concentrazione condivisa,Geteilter Fokus,Concentration partagée
"Always +22 Healing; the party gains +5 Magic Defense. Gaining mana heals the weakest ally for 2% of their max HP. After every action, Spirit Balance heals 2 wounded allies, favoring the lowest Health.","Always +22 Healing; the party gains +5 Magic Defense. Gaining mana heals the weakest ally for 2% of their max HP. After every action, Spirit Balance heals 2 wounded allies, favoring the lowest Health.","Sempre +22 Cure; il gruppo ottiene +5 Difesa magica. Ottenere mana cura l'alleato più debole per il 2% dei suoi PV massimi. Dopo ogni azione, Equilibrio spirituale cura 2 alleati feriti, privilegiando quello con meno salute.",Immer +22 Heilung; die Gruppe erhält +5 Magieverteidigung. Mana-Gewinn heilt den schwächsten Verbündeten um 2% seiner maximalen LP. Nach jeder Aktion heilt Geistgleichgewicht 2 verwundete Verbündete und bevorzugt dabei das niedrigste Leben.,"Toujours +22 Soins ; le groupe gagne +5 Défense magique. Gagner du mana soigne l'allié le plus faible de 2% de ses PV max. Après chaque action, Équilibre spirituel soigne 2 alliés blessés, en privilégiant la Vie la plus basse."
Enlightened One,Enlightened One,Illuminato,Der Erleuchtete,L'Illuminé
A transcendent guardian who shares focus with allies and protects the party through perfect spiritual balance.,A transcendent guardian who shares focus with allies and protects the party through perfect spiritual balance.,Un guardiano trascendente che condivide la concentrazione con gli alleati e protegge il gruppo attraverso un perfetto equilibrio spirituale.,"Ein transzendenter Wächter, der Fokus mit Verbündeten teilt und die Gruppe durch vollkommenes spirituelles Gleichgewicht schützt.",Un gardien transcendant qui partage sa concentration avec ses alliés et protège le groupe par un parfait équilibre spirituel.
Transcendent Balance,Transcendent Balance,Equilibrio trascendente,Transzendentes Gleichgewicht,Équilibre transcendant
"Equalizes the party's Health, heals everyone for 130% Attack, cleanses harmful effects, and shields the party (28% max HP, until broken), then grants +30 Immunity and +20 Magic Defense for 3 turns.","Equalizes the party's Health, heals everyone for 130% Attack, cleanses harmful effects, and shields the party (28% max HP, until broken), then grants +30 Immunity and +20 Magic Defense for 3 turns.","Equalizza la salute del gruppo, cura tutti per il 130% dell'Attacco, rimuove gli effetti dannosi e protegge il gruppo con una barriera (28% dei PV massimi, finché non viene infranta), poi concede +30 Immunità e +20 Difesa magica per 3 turni.","Gleicht das Leben der Gruppe an, heilt alle um 130% Angriff, reinigt schädliche Effekte und schützt die Gruppe (28% der maximalen LP, bis sie bricht), und gewährt dann +30 Immunität und +20 Magieverteidigung für 3 Züge.","Égalise la Vie du groupe, soigne tout le monde de 130% Attaque, purifie les effets néfastes et protège le groupe (28% des PV max, jusqu'à ce qu'elle soit brisée), puis accorde +30 Immunité et +20 Défense magique pendant 3 tours."
Inner Peace,Inner Peace,Pace interiore,Innerer Frieden,Paix intérieure
"Always +25 Healing; the party gains +15 Immunity and +8 Magic Defense. Gaining mana heals the weakest ally for 2% of max HP; overflowing past 100 mana heals the party for 10% max HP. After every action, Balanced Restoration heals 3 wounded allies.","Always +25 Healing; the party gains +15 Immunity and +8 Magic Defense. Gaining mana heals the weakest ally for 2% of max HP; overflowing past 100 mana heals the party for 10% max HP. After every action, Balanced Restoration heals 3 wounded allies.","Sempre +25 Cure; il gruppo ottiene +15 Immunità e +8 Difesa magica. Ottenere mana cura l'alleato più debole per il 2% dei PV massimi; quando il mana supererebbe 100, cura il gruppo del 10% dei PV massimi. Dopo ogni azione, Ristoro equilibrato cura 3 alleati feriti.",Immer +25 Heilung; die Gruppe erhält +15 Immunität und +8 Magieverteidigung. Mana-Gewinn heilt den schwächsten Verbündeten um 2% der maximalen LP; ein Überlaufen über 100 Mana hinaus heilt die Gruppe um 10% der maximalen LP. Nach jeder Aktion heilt Ausgewogene Wiederherstellung 3 verwundete Verbündete.,"Toujours +25 Soins ; le groupe gagne +15 Immunité et +8 Défense magique. Gagner du mana soigne l'allié le plus faible de 2% des PV max ; dépasser 100 mana soigne le groupe de 10% des PV max. Après chaque action, Restauration équilibrée soigne 3 alliés blessés."
Druid,Druid,Druido,Druide,Druide
"A nature-bound hero who builds harmony by cycling abilities and uses it to transform creatures, terrain, and weather.","A nature-bound hero who builds harmony by cycling abilities and uses it to transform creatures, terrain, and weather.","Un eroe legato alla natura che accumula armonia alternando le abilità e la usa per trasformare creature, terreno e clima.","Ein naturverbundener Held, der durch den Wechsel seiner Fähigkeiten Harmonie aufbaut und damit Kreaturen, Gelände und Wetter verwandelt.","Un héros lié à la nature qui bâtit l'harmonie en alternant ses compétences et s'en sert pour transformer créatures, terrain et climat."
Nature's Cycle,Nature's Cycle,Ciclo della natura,Kreislauf der Natur,Cycle de la nature
"If an ally is below 70% Health, heals the whole party and applies Regeneration (25% Attack per turn); otherwise damages every enemy with 25% Attack DoT. Either lasts 2 turns.","If an ally is below 70% Health, heals the whole party and applies Regeneration (25% Attack per turn); otherwise damages every enemy with 25% Attack DoT. Either lasts 2 turns.","Se un alleato è sotto il 70% di salute, cura l'intero gruppo e applica Rigenerazione (25% dell'Attacco a turno); altrimenti danneggia tutti i nemici con il 25% dell'Attacco come DoT. In entrambi i casi dura 2 turni.","Ist ein Verbündeter unter 70% Leben, heilt es die gesamte Gruppe und wendet Regeneration (25% Angriff pro Zug) an; andernfalls schädigt es jeden Gegner mit 25% Angriff als DoT. Beides hält 2 Züge an.","Si un allié est sous 70% de Vie, soigne tout le groupe et applique une Régénération (25% Attaque par tour) ; sinon inflige à chaque ennemi 25% Attaque en DoT. Dans les deux cas, cela dure 2 tours."
Growing Harmony,Growing Harmony,Armonia crescente,Wachsende Harmonie,Harmonie croissante
"Always +12 Healing and +10% Damage; each active skill cast adds +5% more Damage (Momentum, stacks up to +20%) for the rest of the battle. After every action, Renewing Seed heals 1 wounded ally immediately, then applies a 2-turn Regeneration.","Always +12 Healing and +10% Damage; each active skill cast adds +5% more Damage (Momentum, stacks up to +20%) for the rest of the battle. After every action, Renewing Seed heals 1 wounded ally immediately, then applies a 2-turn Regeneration.","Sempre +12 Cure e +10% Danni; ogni lancio dell'abilità attiva aggiunge +5% Danni in più (Slancio, fino a un massimo di +20%) per il resto della battaglia. Dopo ogni azione, Seme rinnovatore cura subito 1 alleato ferito, poi applica una Rigenerazione di 2 turni.","Immer +12 Heilung und +10% Schaden; jeder Einsatz der aktiven Fähigkeit fügt +5% zusätzlichen Schaden hinzu (Schwung, stapelt bis +20%) für den Rest des Kampfes. Nach jeder Aktion heilt Erneuernder Same sofort 1 verwundeten Verbündeten und wendet dann eine Regeneration über 2 Züge an.","Toujours +12 Soins et +10% Dégâts ; chaque lancement de la compétence active ajoute +5% de Dégâts supplémentaires (Élan, cumulable jusqu'à +20%) pour le reste du combat. Après chaque action, Graine de renouveau soigne immédiatement 1 allié blessé, puis applique une Régénération de 2 tours."
Shapeshifter,Shapeshifter,Mutaforma,Gestaltwandler,Métamorphe
"An adaptable combatant who assumes animal forms suited to defense, mobility, or close-range damage.","An adaptable combatant who assumes animal forms suited to defense, mobility, or close-range damage.","Un combattente adattabile che assume forme animali adatte alla difesa, alla mobilità o ai danni a distanza ravvicinata.","Ein anpassungsfähiger Kämpfer, der Tiergestalten annimmt, die sich für Verteidigung, Beweglichkeit oder Nahkampfschaden eignen.","Un combattant adaptable qui prend des formes animales adaptées à la défense, à la mobilité ou aux dégâts à courte portée."
Predator Form,Predator Form,Forma predatoria,Raubtiergestalt,Forme de prédateur
"Grants the Shapeshifter +35% Damage, +25 Evade, and +10 Defense for 4 turns.","Grants the Shapeshifter +35% Damage, +25 Evade, and +10 Defense for 4 turns.","Concede alla Mutaforma +35% Danni, +25 Schivata e +10 Difesa per 4 turni.","Gewährt dem Gestaltwandler +35% Schaden, +25 Ausweichen und +10 Verteidigung für 4 Züge.","Accorde au Métamorphe +35% Dégâts, +25 Esquive et +10 Défense pendant 4 tours."
Adaptive Hide,Adaptive Hide,Pelle adattiva,Anpassende Haut,Peau adaptative
"Always +10 Defense and +8 Magic Defense; each active skill cast adds +12% Damage (Momentum, stacks up to +24%) for the rest of the battle.","Always +10 Defense and +8 Magic Defense; each active skill cast adds +12% Damage (Momentum, stacks up to +24%) for the rest of the battle.","Sempre +10 Difesa e +8 Difesa magica; ogni lancio dell'abilità attiva aggiunge +12% Danni (Slancio, fino a un massimo di +24%) per il resto della battaglia.","Immer +10 Verteidigung und +8 Magieverteidigung; jeder Einsatz der aktiven Fähigkeit fügt +12% Schaden hinzu (Schwung, stapelt bis +24%) für den Rest des Kampfes.","Toujours +10 Défense et +8 Défense magique ; chaque lancement de la compétence active ajoute +12% Dégâts (Élan, cumulable jusqu'à +24%) pour le reste du combat."
Primal Avatar,Primal Avatar,Avatar primordiale,Urtümlicher Avatar,Avatar primordial
An embodiment of the wild who combines traits from multiple beasts and transforms without sacrificing momentum.,An embodiment of the wild who combines traits from multiple beasts and transforms without sacrificing momentum.,Un'incarnazione della natura selvaggia che combina i tratti di più bestie e si trasforma senza perdere slancio.,"Eine Verkörperung der Wildnis, die Merkmale mehrerer Bestien vereint und sich verwandelt, ohne Schwung einzubüßen.",Une incarnation de la nature sauvage qui combine les traits de plusieurs bêtes et se transforme sans perdre son Élan.
Chimera Ascension,Chimera Ascension,Ascensione della chimera,Chimären-Aufstieg,Ascension de la chimère
"Mauls every enemy, shields the party for 30% and the Primal Avatar for 45% max Health until broken, and grants +22% Damage, +20 Defense, and +20 Magic Defense for 4 turns.","Mauls every enemy, shields the party for 30% and the Primal Avatar for 45% max Health until broken, and grants +22% Damage, +20 Defense, and +20 Magic Defense for 4 turns.","Dilania tutti i nemici, protegge il gruppo con una barriera pari al 30% e l'Avatar primordiale con una pari al 45% della salute massima finché non vengono infrante e concede +22% Danni, +20 Difesa e +20 Difesa magica per 4 turni.","Zerfleischt jeden Gegner, schützt die Gruppe mit 30% und den Urtümlichen Avatar mit 45% des maximalen Lebens, bis die Barrieren brechen, und gewährt +22% Schaden, +20 Verteidigung und +20 Magieverteidigung für 4 Züge.","Lacère chaque ennemi, protège le groupe de 30% et l'Avatar primordial de 45% de la Vie max jusqu'à ce que les barrières soient brisées, et accorde +22% Dégâts, +20 Défense et +20 Défense magique pendant 4 tours."
Apex Instinct,Apex Instinct,Istinto apicale,Gipfelinstinkt,Instinct suprême
"Always +14% Damage, +14 Defense, +10 Magic Defense, +10 Threat, +10 Regeneration, and +10 Lifesteal; up to +25% more Damage as Health drops below 50%. Each active skill cast adds +12% Damage (Momentum, stacks up to +24%) for the rest of the battle.","Always +14% Damage, +14 Defense, +10 Magic Defense, +10 Threat, +10 Regeneration, and +10 Lifesteal; up to +25% more Damage as Health drops below 50%. Each active skill cast adds +12% Damage (Momentum, stacks up to +24%) for the rest of the battle.","Sempre +14% Danni, +14 Difesa, +10 Difesa magica, +10 Minaccia, +10 Rigenerazione e +10 Rubavita; fino a +25% Danni in più quando la Salute scende sotto il 50%. Ogni lancio di abilità attiva aggiunge +12% Danni (Slancio, si accumula fino a +24%) per il resto della battaglia.","Immer +14% Schaden, +14 Verteidigung, +10 Magieverteidigung, +10 Bedrohung, +10 Regeneration und +10 Lebensraub; bis zu +25% mehr Schaden, während das Leben unter 50% fällt. Jeder Einsatz der aktiven Fähigkeit fügt +12% Schaden hinzu (Schwung, stapelt bis +24%) für den Rest des Kampfes.","Toujours +14% Dégâts, +14 Défense, +10 Défense magique, +10 Menace, +10 Régénération et +10 Vol de vie ; jusqu'à +25% de Dégâts supplémentaires à mesure que la Vie descend sous 50%. Chaque lancement de la compétence active ajoute +12% Dégâts (Élan, cumulable jusqu'à +24%) pour le reste du combat."
Grove Keeper,Grove Keeper,Custode del boschetto,Hainhüter,Gardien du bosquet
"A nature caster who grows healing plants, restrains enemies with roots, and creates favorable terrain.","A nature caster who grows healing plants, restrains enemies with roots, and creates favorable terrain.","Un incantatore della natura che coltiva piante curative, immobilizza i nemici con le radici e crea terreni favorevoli.","Ein Naturzauberer, der heilende Pflanzen wachsen lässt, Gegner mit Wurzeln fesselt und günstiges Gelände schafft.","Un lanceur de sorts de la nature qui fait pousser des plantes curatives, entrave les ennemis avec des racines et crée un terrain favorable."
Verdant Sanctuary,Verdant Sanctuary,Santuario verdeggiante,Grünendes Refugium,Sanctuaire verdoyant
"Heals the whole party, applies Regeneration (45% Attack per turn), and weakens every enemy by -18% Attack, all for 4 turns.","Heals the whole party, applies Regeneration (45% Attack per turn), and weakens every enemy by -18% Attack, all for 4 turns.","Cura l'intero gruppo, applica Rigenerazione (45% dell'Attacco a turno) e indebolisce tutti i nemici di -18% Attacco, il tutto per 4 turni.","Heilt die gesamte Gruppe, wendet Regeneration (45% Angriff pro Zug) an und schwächt jeden Gegner um -18% Angriff, alles für 4 Züge.","Soigne tout le groupe, applique une Régénération (45% Attaque par tour) et affaiblit chaque ennemi de -18% Attaque, le tout pendant 4 tours."
Rooted Renewal,Rooted Renewal,Rinnovamento radicato,Verwurzelte Erneuerung,Renouveau enraciné
"Always +6 Regeneration and +18 Healing; +12 Defense while at full Health. After every action, Verdant Regrowth splits a heal between 2 wounded allies (60% as a 3-turn Regeneration).","Always +6 Regeneration and +18 Healing; +12 Defense while at full Health. After every action, Verdant Regrowth splits a heal between 2 wounded allies (60% as a 3-turn Regeneration).","Sempre +6 Rigenerazione e +18 Cure; +12 Difesa a salute piena. Dopo ogni azione, Ricrescita verdeggiante divide una cura tra 2 alleati feriti (60% come Rigenerazione di 3 turni).",Immer +6 Regeneration und +18 Heilung; +12 Verteidigung bei vollem Leben. Nach jeder Aktion verteilt Grünender Neuwuchs eine Heilung auf 2 verwundete Verbündete (60% davon als Regeneration über 3 Züge).,"Toujours +6 Régénération et +18 Soins ; +12 Défense à pleine Vie. Après chaque action, Repousse verdoyante répartit un soin entre 2 alliés blessés (60% sous forme de Régénération de 3 tours)."
Archdruid,Archdruid,Arcidruido,Erzdruide,Archidruide
"A supreme keeper of nature who commands forests and storms, causing the battlefield itself to aid the party.","A supreme keeper of nature who commands forests and storms, causing the battlefield itself to aid the party.","Un supremo custode della natura che comanda foreste e tempeste, facendo sì che il campo di battaglia stesso aiuti il gruppo.","Ein oberster Hüter der Natur, der Wälder und Stürme befehligt, sodass das Schlachtfeld selbst der Gruppe beisteht.","Un gardien suprême de la nature qui commande forêts et tempêtes, faisant en sorte que le champ de bataille lui-même aide le groupe."
Verdant Tempest,Verdant Tempest,Tempesta verdeggiante,Grünender Sturm,Tempête verdoyante
"Calls a storm that damages every enemy and heals the whole party, then applies 30% Attack DoT to enemies and Regeneration (30% Attack per turn) to allies for 3 turns.","Calls a storm that damages every enemy and heals the whole party, then applies 30% Attack DoT to enemies and Regeneration (30% Attack per turn) to allies for 3 turns.","Invoca una tempesta che danneggia tutti i nemici e cura l'intero gruppo, poi applica il 30% dell'Attacco come DoT ai nemici e Rigenerazione (30% dell'Attacco a turno) agli alleati per 3 turni.","Ruft einen Sturm, der jeden Gegner verletzt und die gesamte Gruppe heilt, und wendet dann 3 Züge lang 30% Angriff als DoT auf Gegner und Regeneration (30% Angriff pro Zug) auf Verbündete an.","Invoque une tempête qui blesse chaque ennemi et soigne tout le groupe, puis applique 30% Attaque en DoT aux ennemis et une Régénération (30% Attaque par tour) aux alliés pendant 3 tours."
Worldroot Communion,Worldroot Communion,Comunione con la Radice del Mondo,Weltwurzel-Kommunion,Communion de la Racine du Monde
"Always +25 Healing and +6 Regeneration; +12 Defense at full Health. The party gains +4 Regeneration and +15 Healing, and DoT is +25% stronger. After each action, Restorative Rain heals 3 wounded allies (50% as 2-turn Regeneration), doubled below 35% Health.","Always +25 Healing and +6 Regeneration; +12 Defense at full Health. The party gains +4 Regeneration and +15 Healing, and DoT is +25% stronger. After each action, Restorative Rain heals 3 wounded allies (50% as 2-turn Regeneration), doubled below 35% Health.","Sempre +25 Cure e +6 Rigenerazione; +12 Difesa a salute piena. Il gruppo ottiene +4 Rigenerazione e +15 Cure e il DoT è +25% più potente. Dopo ogni azione, Pioggia ristoratrice cura 3 alleati feriti (50% come Rigenerazione di 2 turni), raddoppiata sotto il 35% di salute.","Immer +25 Heilung und +6 Regeneration; +12 Verteidigung bei vollem Leben. Die Gruppe erhält +4 Regeneration und +15 Heilung, und DoT ist +25% stärker. Nach jeder Aktion heilt Heilender Regen 3 verwundete Verbündete (50% davon als Regeneration über 2 Züge), verdoppelt unter 35% Leben.","Toujours +25 Soins et +6 Régénération ; +12 Défense à pleine Vie. Le groupe gagne +4 Régénération et +15 Soins, et le DoT est +25% plus puissant. Après chaque action, Pluie réparatrice soigne 3 alliés blessés (50% sous forme de Régénération de 2 tours), doublé sous 35% de Vie."
Warlock,Warlock,Occultista,Hexenmeister,Occultiste
A forbidden caster who accumulates corruption to fuel unusually powerful curses and summons at personal risk.,A forbidden caster who accumulates corruption to fuel unusually powerful curses and summons at personal risk.,"Un incantatore proibito che accumula corruzione per alimentare maledizioni ed evocazioni insolitamente potenti, mettendo a rischio se stesso.","Ein verbotener Zauberer, der Verderbnis anhäuft, um ungewöhnlich mächtige Flüche und Beschwörungen zu befeuern, auf eigene Gefahr.","Un lanceur de sorts interdit qui accumule la corruption pour alimenter des malédictions et des invocations d'une puissance inhabituelle, à ses propres risques."
Corrupting Bolt,Corrupting Bolt,Dardo corruttore,Verderbnisblitz,Trait corrupteur
"Costs 8% max HP to blast the strongest enemy with 45% Attack DoT, then grants the Warlock +20% Damage, both for 3 turns.","Costs 8% max HP to blast the strongest enemy with 45% Attack DoT, then grants the Warlock +20% Damage, both for 3 turns.","Costa l'8% dei PV massimi per colpire il nemico più forte con il 45% dell'Attacco come DoT, poi concede all'Occultista +20% Danni, entrambi per 3 turni.","Kostet 8% der maximalen LP, um den stärksten Gegner mit 45% Angriff als DoT zu treffen, und gewährt dem Hexenmeister dann +20% Schaden, beides für 3 Züge.","Coûte 8% des PV max pour frapper l'ennemi le plus fort avec 45% Attaque en DoT, puis accorde à l'Occultiste +20% Dégâts, les deux pendant 3 tours."
Forbidden Bargain,Forbidden Bargain,Patto proibito,Verbotener Pakt,Pacte interdit
Always +20% Damage and +10 Lifesteal; suffers 2 Decay damage after each basic attack.,Always +20% Damage and +10 Lifesteal; suffers 2 Decay damage after each basic attack.,Sempre +20% Danni e +10 Rubavita; subisce 2 danni da Decadimento dopo ogni attacco base.,Immer +20% Schaden und +10 Lebensraub; erleidet nach jedem Standardangriff 2 Zerfallsschaden.,Toujours +20% Dégâts et +10 Vol de vie ; subit 2 dégâts de Déclin après chaque attaque de base.
Hexbinder,Hexbinder,Vincolatore di maledizioni,Fluchbinder,Lieur de sorts
A curse specialist who weakens enemies and places delayed hexes that trigger when specific conditions are met.,A curse specialist who weakens enemies and places delayed hexes that trigger when specific conditions are met.,Uno specialista delle maledizioni che indebolisce i nemici e applica sortilegi ritardati che si attivano al verificarsi di condizioni specifiche.,"Ein Fluchspezialist, der Gegner schwächt und verzögerte Hexereien legt, die bei bestimmten Bedingungen auslösen.",Un spécialiste des malédictions qui affaiblit les ennemis et pose des sorts différés qui se déclenchent lorsque certaines conditions sont réunies.
Doom Sigil,Doom Sigil,Sigillo della rovina,Verhängnissiegel,Sceau funeste
"Strikes the strongest enemy with a hex for 70% Attack DoT and 15% Vulnerability, both for 4 turns.","Strikes the strongest enemy with a hex for 70% Attack DoT and 15% Vulnerability, both for 4 turns.","Colpisce il nemico più forte con una maledizione: il 70% dell'Attacco come DoT e il 15% di Vulnerabilità, entrambi per 4 turni.","Trifft den stärksten Gegner mit einem Fluch: 70% Angriff als DoT und 15% Verwundbarkeit, beides für 4 Züge.","Frappe l'ennemi le plus fort d'un maléfice : 70% Attaque en DoT et 15% de Vulnérabilité, les deux pendant 4 tours."
Lingering Malice,Lingering Malice,Malizia persistente,Anhaltende Bosheit,Malveillance persistante
DoT effects are +30% stronger; +20% Damage against any enemy with a harmful effect active.,DoT effects are +30% stronger; +20% Damage against any enemy with a harmful effect active.,Gli effetti DoT sono +30% più potenti; +20% Danni contro qualsiasi nemico con un effetto nocivo attivo.,DoT-Effekte sind +30% stärker; +20% Schaden gegen jeden Gegner mit einem aktiven schädlichen Effekt.,Les effets DoT sont +30% plus puissants ; +20% Dégâts contre tout ennemi subissant un effet néfaste actif.
Doomcaller,Doomcaller,Araldo della rovina,Verhängnisrufer,Invocateur funeste
A master of inevitable ruin whose curses spread between enemies and convert their failures into further calamities.,A master of inevitable ruin whose curses spread between enemies and convert their failures into further calamities.,Un maestro della rovina inevitabile le cui maledizioni si diffondono tra i nemici e trasformano i loro fallimenti in ulteriori calamità.,"Ein Meister des unausweichlichen Untergangs, dessen Flüche sich zwischen Gegnern ausbreiten und ihr Versagen in weitere Katastrophen verwandeln.",Un maître de la ruine inévitable dont les malédictions se propagent entre les ennemis et transforment leurs échecs en nouvelles calamités.
Inevitable Ruin,Inevitable Ruin,Rovina inevitabile,Unausweichlicher Untergang,Ruine inévitable
Curses every enemy with 20% Attack DoT and 10% Vulnerability for 4 turns.,Curses every enemy with 20% Attack DoT and 10% Vulnerability for 4 turns.,Maledice tutti i nemici con il 20% dell'Attacco come DoT e il 10% di Vulnerabilità per 4 turni.,Verflucht jeden Gegner 4 Züge lang mit 20% Angriff als DoT und 10% Verwundbarkeit.,Maudit chaque ennemi avec 20% Attaque en DoT et 10% de Vulnérabilité pendant 4 tours.
Calamity's Echo,Calamity's Echo,Eco della calamità,Echo der Katastrophe,Écho de la calamité
Always +12 Lifesteal; DoT effects are +30% stronger; +20% Damage against any enemy with a harmful effect active. Defeating an enemy restores 12 mana.,Always +12 Lifesteal; DoT effects are +30% stronger; +20% Damage against any enemy with a harmful effect active. Defeating an enemy restores 12 mana.,Sempre +12 Rubavita; gli effetti DoT sono +30% più forti; +20% Danni contro qualsiasi nemico con un effetto dannoso attivo. Sconfiggere un nemico ripristina 12 mana.,Immer +12 Lebensraub; DoT-Effekte sind +30% stärker; +20% Schaden gegen jeden Gegner mit einem aktiven schädlichen Effekt. Das Besiegen eines Gegners stellt 12 Mana wieder her.,Toujours +12 Vol de vie ; les effets DoT sont +30% plus puissants ; +20% Dégâts contre tout ennemi subissant un effet néfaste actif. Vaincre un ennemi restaure 12 mana.
Demonologist,Demonologist,Demonologo,Dämonologe,Démonologue
A dangerous summoner who sacrifices health or control to bind powerful infernal creatures.,A dangerous summoner who sacrifices health or control to bind powerful infernal creatures.,Un pericoloso evocatore che sacrifica salute o controllo per vincolare potenti creature infernali.,"Ein gefährlicher Beschwörer, der Leben oder Kontrolle opfert, um mächtige höllische Kreaturen zu binden.",Un invocateur dangereux qui sacrifie sa vie ou son contrôle pour lier de puissantes créatures infernales.
Infernal Summons,Infernal Summons,Evocazione infernale,Höllenbeschwörung,Invocation infernale
"Costs 12% max HP to strike a random enemy 3 times, then shields the Demonologist (15% max HP, until broken).","Costs 12% max HP to strike a random enemy 3 times, then shields the Demonologist (15% max HP, until broken).","Costa il 12% dei PV massimi per colpire un nemico casuale 3 volte, poi protegge il Demonologo con una barriera (15% dei PV massimi, finché non viene infranta).","Kostet 12% der maximalen LP, um einen zufälligen Gegner 3-mal zu treffen, und schützt dann den Dämonologen (15% der maximalen LP, bis sie bricht).","Coûte 12% des PV max pour frapper un ennemi au hasard 3 fois, puis protège le Démonologue (15% des PV max, jusqu'à ce qu'elle soit brisée)."
Blood Contract,Blood Contract,Contratto di sangue,Blutvertrag,Contrat de sang
Always +18% Damage; suffers 2 Decay damage after each basic attack. Casting the active skill grants an 8% max HP barrier.,Always +18% Damage; suffers 2 Decay damage after each basic attack. Casting the active skill grants an 8% max HP barrier.,Sempre +18% Danni; subisce 2 danni da Decadimento dopo ogni attacco base. Lanciare l'abilità attiva concede una barriera dell'8% dei PV massimi.,Immer +18% Schaden; erleidet nach jedem Standardangriff 2 Zerfallsschaden. Der Einsatz der aktiven Fähigkeit gewährt eine Barriere von 8% der maximalen LP.,Toujours +18% Dégâts ; subit 2 dégâts de Déclin après chaque attaque de base. Lancer la compétence active accorde une barrière de 8% des PV max.
Infernal Lord,Infernal Lord,Signore infernale,Höllenfürst,Seigneur infernal
"A supreme binder who commands several demons, transfers corruption to them, and unleashes their full forbidden power.","A supreme binder who commands several demons, transfers corruption to them, and unleashes their full forbidden power.","Un supremo vincolatore che comanda diversi demoni, trasferisce loro la corruzione e ne scatena tutto il potere proibito.","Ein oberster Bezwinger, der mehrere Dämonen befehligt, ihnen Verderbnis überträgt und ihre volle verbotene Macht entfesselt.","Un lieur suprême qui commande plusieurs démons, leur transfère la corruption et déchaîne toute leur puissance interdite."
Open the Hellgate,Open the Hellgate,Apri il portale infernale,Öffne das Höllentor,Ouvrir la porte des enfers
"Costs 10% max HP to strike every enemy 3 times, healing for 35% of the damage dealt.","Costs 10% max HP to strike every enemy 3 times, healing for 35% of the damage dealt.","Costa il 10% dei PV massimi per colpire 3 volte tutti i nemici, recuperando salute pari al 35% dei danni inflitti.","Kostet 10% der maximalen LP, um jeden Gegner 3-mal zu treffen, und heilt um 35% des verursachten Schadens.","Coûte 10% des PV max pour frapper chaque ennemi 3 fois, en soignant de 35% des dégâts infligés."
Sovereign of Chains,Sovereign of Chains,Sovrano delle catene,Herrscher der Ketten,Souverain des chaînes
"Always +18% Damage and +15 Lifesteal; defeating an enemy heals 12% max HP, and casting the active skill grants an 8% max HP barrier.","Always +18% Damage and +15 Lifesteal; defeating an enemy heals 12% max HP, and casting the active skill grants an 8% max HP barrier.",Sempre +18% Danni e +15 Rubavita; sconfiggere un nemico cura il 12% dei PV massimi e lanciare l'abilità attiva concede una barriera dell'8% dei PV massimi.,"Immer +18% Schaden und +15 Lebensraub; das Besiegen eines Gegners heilt 12% der maximalen LP, und der Einsatz der aktiven Fähigkeit gewährt eine Barriere von 8% der maximalen LP.","Toujours +18% Dégâts et +15 Vol de vie ; vaincre un ennemi soigne de 12% des PV max, et lancer la compétence active accorde une barrière de 8% des PV max."
Tank,Tank,Difensore,Tank,Tank
Healer,Healer,Guaritore,Heiler,Soigneur
DPS,DPS,DPS,DPS,DPS
Support,Support,Supporto,Unterstützung,Soutien
Draws enemy attacks and shields the party from harm.,Draws enemy attacks and shields the party from harm.,Attira gli attacchi nemici e protegge il gruppo dai danni.,Zieht gegnerische Angriffe auf sich und schützt die Gruppe vor Schaden.,Attire les attaques ennemies et protège le groupe des dégâts.
Restores allies' Health and keeps the party standing.,Restores allies' Health and keeps the party standing.,Ripristina la Salute degli alleati e mantiene il gruppo in piedi.,Stellt das Leben der Verbündeten wieder her und hält die Gruppe auf den Beinen.,Restaure la Vie des alliés et maintient le groupe debout.
Focuses on dealing the party's damage.,Focuses on dealing the party's damage.,Si concentra nell'infliggere i danni del gruppo.,"Konzentriert sich darauf, den Schaden der Gruppe zu verursachen.",Se concentre sur les dégâts du groupe.
Empowers allies and weakens enemies with combat effects.,Empowers allies and weakens enemies with combat effects.,Potenzia gli alleati e indebolisce i nemici con effetti di combattimento.,Stärkt Verbündete und schwächt Gegner mit Kampfeffekten.,Renforce les alliés et affaiblit les ennemis avec des effets de combat.
Bladeguard,Bladeguard,Guardialama,Klingenwache,Garde-lame
Bulwark Engineer,Bulwark Engineer,Ingegnere baluardo,Bollwerk-Ingenieur,Ingénieur de rempart
Lifewright Artificer,Lifewright Artificer,Artefice della vita,Lebens-Artifex,Artificier de la vie
Resonant Monk,Resonant Monk,Monaco risonante,Resonanter Mönch,Moine résonant
Merciful Surge,Merciful Surge,Impeto misericordioso,Gnadenwoge,Vague de miséricorde
Twin Mercy,Twin Mercy,Duplice misericordia,Zwillingsgnade,Double miséricorde
Shared Grace,Shared Grace,Grazia condivisa,Geteilte Gnade,Grâce partagée
Miracle's Wake,Miracle's Wake,Scia del miracolo,Spur des Wunders,Sillage du miracle
Restorative Refrain,Restorative Refrain,Ritornello ristoratore,Heilender Refrain,Refrain réparateur
Threefold Ballad,Threefold Ballad,Ballata triplice,Dreifache Ballade,Ballade triple
Grand Healing Chorus,Grand Healing Chorus,Gran coro curativo,Großer Heilchor,Grand chœur de soins
Repair Sequence,Repair Sequence,Sequenza di riparazione,Reparatursequenz,Séquence de réparation
Spirit Balance,Spirit Balance,Equilibrio spirituale,Geistgleichgewicht,Équilibre spirituel
Balanced Restoration,Balanced Restoration,Ristoro equilibrato,Ausgewogene Wiederherstellung,Restauration équilibrée
Renewing Seed,Renewing Seed,Seme rinnovatore,Erneuernder Samen,Graine de renouveau
Verdant Regrowth,Verdant Regrowth,Ricrescita verdeggiante,Grünender Neuwuchs,Repousse verdoyante
Restorative Rain,Restorative Rain,Pioggia ristoratrice,Heilender Regen,Pluie réparatrice
Ascension,Ascension,Ascensione,Aufstieg,Ascension
Ascendant Path,Ascendant Path,Percorso Ascendente,Aufstiegspfad,Voie ascendante
The Ember Crown,The Ember Crown,La Corona di Braci,Die Glutkrone,La Couronne de braises
"A martial path of decisive blows, critical strikes, and merciless finishes.","A martial path of decisive blows, critical strikes, and merciless finishes.","Un sentiero marziale fatto di colpi decisivi, attacchi critici e finali spietati.","Ein kriegerischer Pfad aus entscheidenden Schlägen, kritischen Treffern und gnadenlosen Todesstößen.","Une voie martiale faite de coups décisifs, de coups critiques et d'achèvements impitoyables."
Ashen Might,Ashen Might,Potere cinereo,Aschene Macht,Puissance de cendre
Gain +1% Strength per rank.,Gain +1% Strength per rank.,Ottieni +1% Forza per grado.,Erhalte +1% Stärke pro Rang.,Gagne +1% Force par rang.
Hunter's Pulse,Hunter's Pulse,Impulso del cacciatore,Puls des Jägers,Pouls du chasseur
Gain +1% Dexterity per rank.,Gain +1% Dexterity per rank.,Ottieni +1% Destrezza per grado.,Erhalte +1% Geschicklichkeit pro Rang.,Gagne +1% Dextérité par rang.
Cinder Insight,Cinder Insight,Intuito di brace,Gluteinsicht,Intuition de braise
Gain +1% Intelligence per rank.,Gain +1% Intelligence per rank.,Ottieni +1% Intelligenza per grado.,Erhalte +1% Intelligenz pro Rang.,Gagne +1% Intelligence par rang.
Scorched Veins,Scorched Veins,Vene arse,Versengte Adern,Veines calcinées
Gain +1% maximum Health per rank.,Gain +1% maximum Health per rank.,Ottieni +1% alla Salute massima per grado.,Erhalte +1% maximales Leben pro Rang.,Gagne +1% de Vie maximale par rang.
Serrated Radiance,Serrated Radiance,Radianza seghettata,Gezackter Glanz,Éclat dentelé
Gain +2% Critical Damage per rank.,Gain +2% Critical Damage per rank.,Ottieni +2% Danno critico per grado.,Erhalte +2% Kritischen Schaden pro Rang.,Gagne +2% Dégâts critiques par rang.
Opening Fury,Opening Fury,Furia d'apertura,Eröffnungswut,Fureur initiale
Gain +2% Critical Chance per rank.,Gain +2% Critical Chance per rank.,Ottieni +2% Probabilità di colpo critico per grado.,Erhalte +2% Kritische Chance pro Rang.,Gagne +2% Chance critique par rang.
Duelist's Hunger,Duelist's Hunger,Fame del duellante,Hunger des Duellanten,Faim du duelliste
Gain +1% Lifesteal per rank.,Gain +1% Lifesteal per rank.,Ottieni +1% Rubavita per grado.,Erhalte +1% Lebensraub pro Rang.,Gagne +1% Vol de vie par rang.
Merciless Focus,Merciless Focus,Concentrazione spietata,Gnadenloser Fokus,Concentration impitoyable
Deal +2% damage per rank to enemies below half Health.,Deal +2% damage per rank to enemies below half Health.,Infliggi +2% di danni per grado ai nemici sotto metà Salute.,Verursache +2% Schaden pro Rang an Gegnern unter halbem Leben.,Inflige +2% de dégâts par rang aux ennemis sous la moitié de leur Vie.
Sundering Edge,Sundering Edge,Filo dirompente,Spaltende Schneide,Lame fracassante
Attacks ignore 2% of enemy Defense per rank.,Attacks ignore 2% of enemy Defense per rank.,Gli attacchi ignorano il 2% della Difesa nemica per grado.,Angriffe ignorieren 2% der gegnerischen Verteidigung pro Rang.,Les attaques ignorent 2% de la Défense ennemie par rang.
Crown of Cinders,Crown of Cinders,Corona di ceneri,Aschenkrone,Couronne de cendres
Unique: deal 8% more damage.,Unique: deal 8% more damage.,Unico: infliggi l'8% di danni in più.,Einzigartig: verursacht 8% mehr Schaden.,Unique : inflige 8% de dégâts en plus.
The Stone Aegis,The Stone Aegis,L'Egida di Pietra,Die Steinägide,L'Égide de pierre
An oath of endurance that turns a hero into the party's immovable last wall.,An oath of endurance that turns a hero into the party's immovable last wall.,"Un giuramento che rende l'eroe l'ultimo, inamovibile baluardo del gruppo.","Ein Schwur der Ausdauer, der einen Helden zur unerschütterlichen letzten Mauer der Gruppe macht.",Un serment d'endurance qui fait d'un héros l'ultime rempart inébranlable du groupe.
Adamant Blood,Adamant Blood,Sangue adamantino,Unbeugsames Blut,Sang inflexible
Bastion Training,Bastion Training,Addestramento del bastione,Bastionsausbildung,Entraînement du bastion
Oathbound Vigor,Oathbound Vigor,Vigore del giuramento,Eidgebundene Kraft,Vigueur du serment
Stone Reflexes,Stone Reflexes,Riflessi di pietra,Steinreflexe,Réflexes de pierre
Commanding Presence,Commanding Presence,Presenza imperiosa,Gebieterische Präsenz,Présence impérieuse
Gain +1 Threat per rank.,Gain +1 Threat per rank.,Ottieni +1 Minaccia per grado.,Erhalte +1 Bedrohung pro Rang.,Gagne +1 Menace par rang.
Grounded Bulwark,Grounded Bulwark,Baluardo saldo,Verwurzeltes Bollwerk,Rempart ancré
Gain +1 Defense and Magic Defense per rank.,Gain +1 Defense and Magic Defense per rank.,Ottieni +1 Difesa e Difesa magica per grado.,Erhalte +1 Verteidigung und Magieverteidigung pro Rang.,Gagne +1 Défense et Défense magique par rang.
Retaliating Wall,Retaliating Wall,Muro di rappresaglia,Vergeltende Mauer,Muraille de représailles
Gain +2% Counter Chance per rank.,Gain +2% Counter Chance per rank.,Ottieni +2% Probabilità di contrattacco per grado.,Erhalte +2% Konterchance pro Rang.,Gagne +2% Chance de riposte par rang.
Sacred Resistance,Sacred Resistance,Resistenza sacra,Heilige Widerstandskraft,Résistance sacrée
Gain +1 Defense and Magic Defense per rank while at full Health.,Gain +1 Defense and Magic Defense per rank while at full Health.,Ottieni +1 Difesa e Difesa magica per grado finché sei a piena Salute.,Erhalte +1 Verteidigung und Magieverteidigung pro Rang bei vollem Leben.,Gagne +1 Défense et Défense magique par rang à pleine Vie.
Weight of Mountains,Weight of Mountains,Peso delle montagne,Gewicht der Berge,Poids des montagnes
Falling below 35% Health raises a barrier equal to 2% of maximum Health per rank.,Falling below 35% Health raises a barrier equal to 2% of maximum Health per rank.,Scendere sotto il 35% della Salute genera una barriera pari al 2% della Salute massima per grado.,Ein Fall unter 35% Leben errichtet eine Barriere in Höhe von 2% des maximalen Lebens pro Rang.,Descendre sous 35% de Vie érige une barrière égale à 2% de la Vie maximale par rang.
Last Citadel,Last Citadel,Ultima cittadella,Letzte Zitadelle,Dernière citadelle
Unique: take 8% less damage.,Unique: take 8% less damage.,Unico: subisci l'8% di danni in meno.,Einzigartig: erleidet 8% weniger Schaden.,Unique : subit 8% de dégâts en moins.
Wellspring Grace,Wellspring Grace,Grazia della sorgente,Gnade des Quells,Grâce de la source
"A gentle path whose living light sustains, protects, and renews the wounded.","A gentle path whose living light sustains, protects, and renews the wounded.","Un sentiero benevolo la cui luce vivente sostiene, protegge e rigenera i feriti.","Ein sanfter Pfad, dessen lebendiges Licht die Verwundeten stützt, schützt und erneuert.","Une voie douce dont la lumière vivante soutient, protège et renouvelle les blessés."
Living Waters,Living Waters,Acque vive,Lebendige Wasser,Eaux vives
Patient Hands,Patient Hands,Mani pazienti,Geduldige Hände,Mains patientes
Rooted Resolve,Rooted Resolve,Fermezza radicata,Verwurzelte Entschlossenheit,Résolution enracinée
Vital Springs,Vital Springs,Sorgenti vitali,Lebensquellen,Sources vitales
Overflowing Mercy,Overflowing Mercy,Misericordia traboccante,Überströmende Gnade,Miséricorde débordante
Increase healing done by +2% per rank.,Increase healing done by +2% per rank.,Aumenta del 2% le cure effettuate per grado.,Erhöht die gewirkte Heilung um +2% pro Rang.,Augmente les soins prodigués de +2% par rang.
Blossoming Light,Blossoming Light,Luce in fiore,Erblühendes Licht,Lumière éclose
Gain +1 Regeneration per rank.,Gain +1 Regeneration per rank.,Ottieni +1 Rigenerazione per grado.,Erhalte +1 Regeneration pro Rang.,Gagne +1 Régénération par rang.
Desperate Grace,Desperate Grace,Grazia disperata,Verzweifelte Gnade,Grâce désespérée
Gain +2% status Immunity per rank.,Gain +2% status Immunity per rank.,Ottieni +2% Immunità agli stati per grado.,Erhalte +2% Zustands-Immunität pro Rang.,Gagne +2% d'Immunité aux états par rang.
Luminous Rhythm,Luminous Rhythm,Ritmo luminoso,Leuchtender Rhythmus,Rythme lumineux
"After using a skill, heal the most wounded ally for 2% of their maximum Health per rank.","After using a skill, heal the most wounded ally for 2% of their maximum Health per rank.","Dopo aver usato un'abilità, cura l'alleato più ferito del 2% della sua Salute massima per grado.",Heilt nach dem Einsatz einer Fähigkeit den am schwersten verwundeten Verbündeten um 2% seines maximalen Lebens pro Rang.,"Après l'utilisation d'une compétence, soigne l'allié le plus blessé de 2% de sa Vie maximale par rang."
Deep Wellspring,Deep Wellspring,Sorgente profonda,Tiefer Quell,Source profonde
Healing grants a barrier equal to 1% of the target's maximum Health per rank.,Healing grants a barrier equal to 1% of the target's maximum Health per rank.,Le cure conferiscono una barriera pari all'1% della Salute massima del bersaglio per grado.,Heilung gewährt eine Barriere in Höhe von 1% des maximalen Lebens des Ziels pro Rang.,Les soins accordent une barrière égale à 1% de la Vie maximale de la cible par rang.
Dawn Refrain,Dawn Refrain,Ritornello dell'alba,Morgenrefrain,Refrain de l'aube
Unique: increase all healing done by 8%.,Unique: increase all healing done by 8%.,Unico: aumenta dell'8% tutte le cure effettuate.,Einzigartig: erhöht alle gewirkte Heilung um 8%.,Unique : augmente de 8% tous les soins prodigués.
The Tempest Chorus,The Tempest Chorus,Il Coro della Tempesta,Der Sturmchor,Le Chœur de la tempête
AoE & Effects,AoE & Effects,Area ed effetti,Flächen & Effekte,Zone et effets
A storm-song that spreads attacks across foes and turns every impact into a blessing or curse.,A storm-song that spreads attacks across foes and turns every impact into a blessing or curse.,Un canto di tempesta che propaga i colpi e rende ogni impatto benedizione o maledizione.,"Ein Sturmlied, das Angriffe über die Feinde verteilt und jeden Einschlag in Segen oder Fluch verwandelt.",Un chant de tempête qui répartit les attaques entre les ennemis et transforme chaque impact en bénédiction ou en malédiction.
Tempest Reach,Tempest Reach,Portata della tempesta,Sturmreichweite,Portée de la tempête
Resonant Current,Resonant Current,Corrente risonante,Resonanzströmung,Courant résonant
Static Charge,Static Charge,Carica statica,Statische Ladung,Charge statique
Lingering Storm,Lingering Storm,Tempesta persistente,Anhaltender Sturm,Tempête persistante
Gale Mark,Gale Mark,Marchio della burrasca,Sturmmal,Marque de bourrasque
Thunderhead,Thunderhead,Cumulonembo,Gewitterfront,Cumulonimbus
Squall Dance,Squall Dance,Danza di burrasca,Böentanz,Danse des rafales
Gain +2% Evade per rank.,Gain +2% Evade per rank.,Ottieni +2% Schivata per grado.,Erhalte +2% Ausweichen pro Rang.,Gagne +2% Esquive par rang.
Rallying Thunder,Rallying Thunder,Tuono incitante,Sammelnder Donner,Tonnerre de ralliement
Skill use has a +4% chance per rank to grant all allies +10% damage for 2 turns.,Skill use has a +4% chance per rank to grant all allies +10% damage for 2 turns.,Usare un'abilità ha +4% di probabilità per grado di conferire a tutti gli alleati +10% ai danni per 2 turni.,"Der Einsatz einer Fähigkeit hat pro Rang +4% Chance, allen Verbündeten +10% Schaden für 2 Züge zu gewähren.",L'utilisation d'une compétence a +4% de chance par rang d'accorder à tous les alliés +10% de dégâts pendant 2 tours.
Stormfront,Stormfront,Fronte di tempesta,Sturmfront,Front d'orage
Skills that hit all enemies deal +2% damage per rank.,Skills that hit all enemies deal +2% damage per rank.,Le abilità che colpiscono tutti i nemici infliggono +2% di danni per grado.,"Fähigkeiten, die alle Gegner treffen, verursachen +2% Schaden pro Rang.",Les compétences qui touchent tous les ennemis infligent +2% de dégâts par rang.
Eye of the Storm,Eye of the Storm,Occhio della tempesta,Auge des Sturms,Œil du cyclone
"Unique: increase active-skill damage, direct healing, barriers, and numeric buffs and debuffs by 8%.","Unique: increase active-skill damage, direct healing, barriers, and numeric buffs and debuffs by 8%.","Unico: aumenta dell'8% danni, cure dirette, barriere, potenziamenti e penalità numerici delle abilità attive.","Einzigartig: erhöht Schaden aktiver Fähigkeiten, direkte Heilung, Barrieren sowie numerische Buffs und Debuffs um 8%.","Unique : augmente de 8% les dégâts des compétences actives, les soins directs, les barrières et les améliorations et affaiblissements numériques."
Damage Up,Damage Up,Danni aumentati,Schaden erhöht,Dégâts augmentés
Increases the damage of this entity's basic attacks and damaging skills by the displayed percentage.,Increases the damage of this entity's basic attacks and damaging skills by the displayed percentage.,Aumenta della percentuale mostrata i danni degli attacchi base e delle abilità offensive di questa entità.,Erhöht den Schaden der Standardangriffe und schädigenden Fähigkeiten dieses Wesens um den angezeigten Prozentsatz.,Augmente les dégâts des attaques de base et des compétences offensives de cette entité du pourcentage affiché.
Critical Damage Up,Critical Damage Up,Danno critico aumentato,Kritischer Schaden erhöht,Dégâts critiques augmentés
Increases the damage multiplier of critical hits by the displayed amount.,Increases the damage multiplier of critical hits by the displayed amount.,Aumenta il moltiplicatore di danno dei colpi critici del valore mostrato.,Erhöht den Schadensmultiplikator kritischer Treffer um den angezeigten Wert.,Augmente le multiplicateur de dégâts des coups critiques de la valeur affichée.
Defense Up,Defense Up,Difesa aumentata,Verteidigung erhöht,Défense augmentée
Increases Defense against Melee and Ranged damage by the displayed percentage points.,Increases Defense against Melee and Ranged damage by the displayed percentage points.,Aumenta la Difesa contro i danni corpo a corpo e a distanza dei punti percentuali mostrati.,Erhöht die Verteidigung gegen Nahkampf- und Fernkampfschaden um die angezeigten Prozentpunkte.,Augmente la Défense contre les dégâts de Mêlée et À distance du nombre de points de pourcentage affiché.
Magic Defense Up,Magic Defense Up,Difesa magica aumentata,Magieverteidigung erhöht,Défense magique augmentée
Increases Magic Defense by the displayed percentage points.,Increases Magic Defense by the displayed percentage points.,Aumenta la Difesa magica dei punti percentuali mostrati.,Erhöht die Magieverteidigung um die angezeigten Prozentpunkte.,Augmente la Défense magique du nombre de points de pourcentage affiché.
Evade Up,Evade Up,Schivata aumentata,Ausweichen erhöht,Esquive augmentée
Increases the chance to evade direct attacks and damaging skills by the displayed percentage points.,Increases the chance to evade direct attacks and damaging skills by the displayed percentage points.,Aumenta la probabilità di eludere gli attacchi diretti e le abilità dannose dei punti percentuali mostrati.,"Erhöht die Chance, direkten Angriffen und schädigenden Fähigkeiten auszuweichen, um die angezeigten Prozentpunkte.",Augmente la chance d'esquiver les attaques directes et les compétences offensives du nombre de points de pourcentage affiché.
Critical Chance Up,Critical Chance Up,Probabilità critica aumentata,Kritische Chance erhöht,Chance critique augmentée
Increases critical-hit chance by the displayed percentage points.,Increases critical-hit chance by the displayed percentage points.,Aumenta la probabilità di colpo critico dei punti percentuali mostrati.,Erhöht die Kritische Chance um die angezeigten Prozentpunkte.,Augmente la Chance critique du nombre de points de pourcentage affiché.
Counter Chance Up,Counter Chance Up,Probabilità di contrattacco aumentata,Konterchance erhöht,Chance de riposte augmentée
Increases the chance to counter an incoming attack by the displayed percentage points.,Increases the chance to counter an incoming attack by the displayed percentage points.,Aumenta la probabilità di contrattaccare un attacco in arrivo dei punti percentuali mostrati.,"Erhöht die Chance, einen eingehenden Angriff zu kontern, um die angezeigten Prozentpunkte.",Augmente la chance de riposter à une attaque entrante du nombre de points de pourcentage affiché.
Counter Power Up,Counter Power Up,Potenza di contrattacco aumentata,Konterkraft erhöht,Puissance de riposte augmentée
Increases counter damage by the displayed percentage points.,Increases counter damage by the displayed percentage points.,Aumenta i danni dei contrattacchi dei punti percentuali mostrati.,Erhöht den Konterschaden um die angezeigten Prozentpunkte.,Augmente les Dégâts de riposte du nombre de points de pourcentage affiché.
Immunity Up,Immunity Up,Immunità aumentata,Immunität erhöht,Immunité augmentée
Increases the chance to resist newly applied harmful statuses by the displayed percentage points.,Increases the chance to resist newly applied harmful statuses by the displayed percentage points.,Aumenta la probabilità di resistere ai nuovi stati nocivi dei punti percentuali mostrati.,"Erhöht die Chance, neu angewendeten schädlichen Zuständen zu widerstehen, um die angezeigten Prozentpunkte.",Augmente la chance de résister aux états néfastes nouvellement appliqués du nombre de points de pourcentage affiché.
"Restores the displayed HP at the start of each turn, adjusted by this hero's own Healing. This application came from an active skill.","Restores the displayed HP at the start of each turn, adjusted by this hero's own Healing. This application came from an active skill.","Ripristina i PV mostrati all'inizio di ogni turno, adattati alla Guarigione di questo eroe. Questa applicazione proviene da un'abilità attiva.","Stellt zu Beginn jedes Zuges die angezeigten LP wieder her, angepasst an die eigene Heilung dieses Helden. Diese Anwendung stammt von einer aktiven Fähigkeit.","Restaure les PV affichés au début de chaque tour, ajustés selon les Soins propres à ce héros. Cette application provient d'une compétence active."
Restores the displayed HP at the start of each turn. This application came from a healer's action passive.,Restores the displayed HP at the start of each turn. This application came from a healer's action passive.,Ripristina i PV mostrati all'inizio di ogni turno. Questa applicazione proviene dalla passiva d'azione di un guaritore.,Stellt zu Beginn jedes Zuges die angezeigten LP wieder her. Diese Anwendung stammt von der Aktionspassiven eines Heilers.,Restaure les PV affichés au début de chaque tour. Cette application provient de la passive d'action d'un guérisseur.
Healing Up,Healing Up,Cure aumentate,Heilung erhöht,Soins augmentés
Increases healing performed and self-healing by the displayed percentage points.,Increases healing performed and self-healing by the displayed percentage points.,Aumenta le cure effettuate e le autocure dei punti percentuali mostrati.,Erhöht die gewirkte Heilung und die Selbstheilung um die angezeigten Prozentpunkte.,Augmente les soins prodigués et les soins sur soi du nombre de points de pourcentage affiché.
Threat Up,Threat Up,Minaccia aumentata,Bedrohung erhöht,Menace augmentée
"Adds the displayed Threat, making direct enemy attacks more likely to choose this entity.","Adds the displayed Threat, making direct enemy attacks more likely to choose this entity.","Aggiunge la Minaccia mostrata, rendendo più probabile che gli attacchi diretti dei nemici scelgano questa entità.","Fügt die angezeigte Bedrohung hinzu, wodurch direkte Gegnerangriffe dieses Wesen eher wählen.","Ajoute la Menace affichée, ce qui rend les attaques directes des ennemis plus susceptibles de choisir cette entité."
Intercept,Intercept,Intercettazione,Abfangen,Interception
Redirects direct enemy attacks from allies to this entity while active.,Redirects direct enemy attacks from allies to this entity while active.,"Finché è attiva, reindirizza gli attacchi diretti dei nemici dagli alleati a questa entità.","Lenkt direkte Gegnerangriffe von Verbündeten auf dieses Wesen um, solange der Effekt aktiv ist.","Tant qu'elle est active, redirige les attaques directes des ennemis des alliés vers cette entité."
Momentum,Momentum,Slancio,Schwung,Élan
Increases outgoing damage as a class passive builds momentum during the encounter.,Increases outgoing damage as a class passive builds momentum during the encounter.,Aumenta i danni inflitti man mano che una passiva di classe accumula slancio durante lo scontro.,"Erhöht den ausgeteilten Schaden, während eine Klassenpassive im Verlauf der Begegnung Schwung aufbaut.",Augmente les dégâts infligés à mesure qu'une passive de classe accumule de l'Élan pendant la rencontre.
Attack Down,Attack Down,Attacco ridotto,Angriff verringert,Attaque réduite
Reduces the damage of this entity's basic attacks and damaging skills by the displayed percentage.,Reduces the damage of this entity's basic attacks and damaging skills by the displayed percentage.,Riduce della percentuale mostrata i danni degli attacchi base e delle abilità offensive di questa entità.,Verringert den Schaden der Standardangriffe und schädigenden Fähigkeiten dieses Wesens um den angezeigten Prozentsatz.,Réduit les dégâts des attaques de base et des compétences offensives de cette entité du pourcentage affiché.
Vulnerability,Vulnerability,Vulnerabilità,Verwundbarkeit,Vulnérabilité
Increases direct damage and DoT received by the displayed percentage.,Increases direct damage and DoT received by the displayed percentage.,Aumenta i danni diretti e il DoT subiti della percentuale mostrata.,Erhöht den erlittenen direkten Schaden und DoT um den angezeigten Prozentsatz.,Augmente les dégâts directs et le DoT subis du pourcentage affiché.
Increases damage received as Veyra's Eye observes distinct party attack types.,Increases damage received as Veyra's Eye observes distinct party attack types.,Aumenta i danni subiti man mano che l'Occhio di Veyra osserva tipi di attacco distinti del gruppo.,"Erhöht den erlittenen Schaden, während Veyras Auge unterschiedliche Angriffsarten der Gruppe beobachtet.",Augmente les dégâts subis à mesure que l'Œil de Veyra observe des types d'attaque distincts du groupe.
Increases damage received after fulfilling the current Echo law's counterplay condition.,Increases damage received after fulfilling the current Echo law's counterplay condition.,Aumenta i danni subiti dopo aver soddisfatto la condizione di contrasto della legge dell'Eco attuale.,"Erhöht den erlittenen Schaden, nachdem die Gegenspiel-Bedingung des aktuellen Echo-Gesetzes erfüllt wurde.",Augmente les dégâts subis après avoir rempli la condition de contre de la loi d'Écho actuelle.
DoT,DoT,DoT,DoT,DoT
"Deals the displayed damage at the start of each turn. It bypasses Defense and Magic Defense, but Vulnerability increases it and barriers absorb it.","Deals the displayed damage at the start of each turn. It bypasses Defense and Magic Defense, but Vulnerability increases it and barriers absorb it.","Infligge i danni mostrati all'inizio di ogni turno. Ignora Difesa e Difesa magica, ma Vulnerabilità li aumenta e le barriere li assorbono.","Verursacht zu Beginn jedes Zuges den angezeigten Schaden. Er umgeht Verteidigung und Magieverteidigung, wird aber durch Verwundbarkeit erhöht und von Barrieren absorbiert.","Inflige les dégâts affichés au début de chaque tour. Ils ignorent la Défense et la Défense magique, mais la Vulnérabilité les augmente et les barrières les absorbent."
Silence,Silence,Silenzio,Stille,Silence
Prevents an active skill from being used while this status remains.,Prevents an active skill from being used while this status remains.,Impedisce l'uso di un'abilità attiva finché questo stato permane.,"Verhindert den Einsatz einer aktiven Fähigkeit, solange dieser Zustand anhält.",Empêche l'utilisation d'une compétence active tant que cet état persiste.
Evade Down,Evade Down,Schivata ridotta,Ausweichen verringert,Esquive réduite
Reduces the chance to evade direct attacks and damaging skills by the displayed percentage points.,Reduces the chance to evade direct attacks and damaging skills by the displayed percentage points.,Riduce la probabilità di eludere gli attacchi diretti e le abilità dannose dei punti percentuali mostrati.,"Verringert die Chance, direkten Angriffen und schädigenden Fähigkeiten auszuweichen, um die angezeigten Prozentpunkte.",Réduit la chance d'esquiver les attaques directes et les compétences offensives du nombre de points de pourcentage affiché.
Healing Reduction,Healing Reduction,Riduzione delle cure,Heilungsminderung,Réduction des soins
"Reduces all healing received by the displayed percentage, up to a 95% reduction.","Reduces all healing received by the displayed percentage, up to a 95% reduction.","Riduce tutte le cure ricevute della percentuale mostrata, fino a una riduzione massima del 95%.","Verringert alle erhaltene Heilung um den angezeigten Prozentsatz, bis zu einer Minderung von 95%.","Réduit tous les soins reçus du pourcentage affiché, jusqu'à une réduction de 95%."
Root Linked,Root Linked,Legame radicale,Wurzelbindung,Lié aux racines
"Each living Root Node grants this enemy +4 Defense and +1% damage. The network restores 3% maximum HP per node when it acts, capped at 9%.","Each living Root Node grants this enemy +4 Defense and +1% damage. The network restores 3% maximum HP per node when it acts, capped at 9%.","Ogni Nodo Radice vivente conferisce a questo nemico +4 Difesa e +1% ai danni. Quando agisce, la rete ripristina il 3% dei PV massimi per nodo, fino a un massimo del 9%.","Jeder lebende Wurzelknoten gewährt diesem Gegner +4 Verteidigung und +1% Schaden. Wenn das Netzwerk handelt, stellt es 3% der maximalen LP pro Knoten wieder her, höchstens 9%.","Chaque Nœud racinaire vivant confère à cet ennemi +4 Défense et +1% de dégâts. Lorsqu'il agit, le réseau restaure 3% des PV maximum par nœud, dans la limite de 9%."
Barrier Cooldown,Barrier Cooldown,Recupero barriera,Barriere-Abklingzeit,Recharge de barrière
This entity's low-health barrier cannot trigger again until the timer expires.,This entity's low-health barrier cannot trigger again until the timer expires.,La barriera di questa entità a salute ridotta non può attivarsi di nuovo finché il tempo di recupero non termina.,"Die Barriere dieses Wesens bei niedrigem Leben kann erst wieder auslösen, wenn die Abklingzeit abgelaufen ist.",La barrière de basse Vie de cette entité ne peut pas se redéclencher avant la fin du délai.
A temporary combat effect.,A temporary combat effect.,Un effetto di combattimento temporaneo.,Ein zeitweiliger Kampfeffekt.,Un effet de combat temporaire.
Buff,Buff,Potenziamento,Buff,Amélioration
Debuff,Debuff,Penalità,Debuff,Affaiblissement
Special,Special,Speciale,Spezial,Spécial
The Stalwart,The Stalwart,Il Tenace,Der Standhafte,L'Inébranlable
Defense,Defense,Difesa,Verteidigung,Défense
A steadfast hero who gains +10 Defense.,A steadfast hero who gains +10 Defense.,Un eroe risoluto che ottiene +10 Difesa.,"Ein standhafter Held, der +10 Verteidigung erhält.",Un héros résolu qui gagne +10 Défense.
The Warded,The Warded,Il Protetto,Der Beschirmte,Le Protégé
Magic Defense,Magic Defense,Difesa magica,Magieverteidigung,Défense magique
A mystically protected hero who gains +10 Magic Defense.,A mystically protected hero who gains +10 Magic Defense.,Un eroe protetto dalla magia che ottiene +10 Difesa magica.,"Ein mystisch geschützter Held, der +10 Magieverteidigung erhält.",Un héros protégé par la magie qui gagne +10 Défense magique.
The Nimble,The Nimble,L'Agile,Der Flinke,L'Agile
Evade,Evade,Schivata,Ausweichen,Esquive
A light-footed hero who gains +10 Evade.,A light-footed hero who gains +10 Evade.,Un eroe dal passo leggero che ottiene +10 Schivata.,"Ein leichtfüßiger Held, der +10 Ausweichen erhält.",Un héros au pied léger qui gagne +10 Esquive.
Keen-Eyed,Keen-Eyed,Occhio di falco,Scharfäugig,Œil aiguisé
Critical Chance,Critical Chance,Probabilità critica,Kritische Chance,Chance critique
A sharp-eyed hero who gains +10 Critical Chance.,A sharp-eyed hero who gains +10 Critical Chance.,Un eroe dallo sguardo acuto che ottiene +10 Probabilità di colpo critico.,"Ein scharfäugiger Held, der +10 Kritische Chance erhält.",Un héros à l'œil vif qui gagne +10 Chance critique.
The Vigorous,The Vigorous,Il Vigoroso,Der Kräftige,Le Vigoureux
Health,Health,Salute,Leben,Vie
A remarkably hardy hero who gains +10% Health.,A remarkably hardy hero who gains +10% Health.,Un eroe straordinariamente robusto che ottiene +10% Salute.,"Ein bemerkenswert zäher Held, der +10% Leben erhält.",Un héros remarquablement robuste qui gagne +10% Vie.
The Forceful,The Forceful,Il Possente,Der Wuchtige,Le Vigoureux
Attack,Attack,Attacco,Angriff,Attaque
A naturally powerful hero who gains +10% Attack.,A naturally powerful hero who gains +10% Attack.,Un eroe naturalmente potente che ottiene +10% Attacco.,"Ein von Natur aus kraftvoller Held, der +10% Angriff erhält.",Un héros naturellement puissant qui gagne +10% Attaque.
Foundation,Foundation,Fondamenta,Fundament,Fondation
Awakening,Awakening,Risveglio,Erwachen,Éveil
Mastery,Mastery,Maestria,Meisterschaft,Maîtrise
Capstone,Capstone,Coronamento,Gipfel,Apogée
"Hits the strongest enemy for 120% Attack damage; applies -35% Attack for 2 turns (-15% to others), then gains +10 Threat and Intercept for 2 turns.","Hits the strongest enemy for 120% Attack damage; applies -35% Attack for 2 turns (-15% to others), then gains +10 Threat and Intercept for 2 turns.","Colpisce il nemico più forte infliggendo il 120% dell'Attacco come danni; applica -35% Attacco per 2 turni (-15% agli altri), poi ottiene +10 Minaccia e Intercetta per 2 turni.",Trifft den stärksten Gegner für 120% Angriff als Schaden; wendet 2 Züge lang -35% Angriff an (-15% bei den anderen) und erhält dann +10 Bedrohung und Abfangen für 2 Züge.,"Frappe l'ennemi le plus fort pour 120% Attaque en dégâts ; applique -35% Attaque pendant 2 tours (-15% aux autres), puis gagne +10 Menace et Interception pendant 2 tours."
"Heals the weakest ally for 280% Attack, cleanses all harmful effects, and grants +15 Magic Defense for 2 turns.","Heals the weakest ally for 280% Attack, cleanses all harmful effects, and grants +15 Magic Defense for 2 turns.","Cura l'alleato più debole per il 280% dell'Attacco, rimuove tutti gli effetti dannosi e concede +15 Difesa magica per 2 turni.","Heilt den schwächsten Verbündeten um 280% Angriff, reinigt alle schädlichen Effekte und gewährt +15 Magieverteidigung für 2 Züge.","Soigne l'allié le plus faible de 280% Attaque, purifie tous les effets néfastes et accorde +15 Défense magique pendant 2 tours."
Hits one random enemy for 180% Attack damage and gains +20% Damage for 2 turns.,Hits one random enemy for 180% Attack damage and gains +20% Damage for 2 turns.,Colpisce un nemico casuale infliggendo il 180% dell'Attacco come danni e ottiene +20% Danni per 2 turni.,Trifft einen zufälligen Gegner für 180% Angriff als Schaden und erhält +20% Schaden für 2 Züge.,Frappe un ennemi au hasard pour 180% Attaque en dégâts et gagne +20% Dégâts pendant 2 tours.
"Costs 10% Max HP; hits one random enemy 3 times for 88% Attack damage per hit, then gains +30% Damage for 2 turns.","Costs 10% Max HP; hits one random enemy 3 times for 88% Attack damage per hit, then gains +30% Damage for 2 turns.","Costa il 10% dei PV massimi; colpisce un nemico casuale 3 volte, ciascuna per l'88% dell'Attacco, poi ottiene +30% Danni per 2 turni.",Kostet 10% der maximalen LP; trifft einen zufälligen Gegner 3-mal für je 88% Angriff als Schaden und erhält dann +30% Schaden für 2 Züge.,"Coûte 10% des PV max ; frappe un ennemi au hasard 3 fois pour 88% Attaque en dégâts par coup, puis gagne +30% Dégâts pendant 2 tours."
"Costs 10% Max HP; hits every enemy 3 times for 90% Attack damage per hit (140% on the primary target), heals for 50% of damage dealt, then gains +35% Damage for 3 turns.","Costs 10% Max HP; hits every enemy 3 times for 90% Attack damage per hit (140% on the primary target), heals for 50% of damage dealt, then gains +35% Damage for 3 turns.","Costa il 10% dei PV massimi; colpisce ogni nemico 3 volte, ciascuna per il 90% dell'Attacco (140% sul bersaglio principale), si cura del 50% dei danni inflitti, poi ottiene +35% Danni per 3 turni.","Kostet 10% der maximalen LP; trifft jeden Gegner 3-mal für je 90% Angriff als Schaden (140% beim Hauptziel), heilt um 50% des verursachten Schadens und erhält dann +35% Schaden für 3 Züge.","Coûte 10% des PV max ; frappe chaque ennemi 3 fois pour 90% Attaque en dégâts par coup (140% sur la cible principale), soigne de 50% des dégâts infligés, puis gagne +35% Dégâts pendant 3 tours."
"Hits one random enemy for 170% Attack damage, then gains +100 Counter Chance and +100 Counter Power for 2 turns.","Hits one random enemy for 170% Attack damage, then gains +100 Counter Chance and +100 Counter Power for 2 turns.","Colpisce un nemico casuale infliggendo il 170% dell'Attacco come danni, poi ottiene +100 Probabilità di Contrattacco e +100 Potenza di Contrattacco per 2 turni.",Trifft einen zufälligen Gegner für 170% Angriff als Schaden und erhält dann +100 Konterchance und +100 Konterkraft für 2 Züge.,"Frappe un ennemi au hasard pour 170% Attaque en dégâts, puis gagne +100 Chance de riposte et +100 Puissance de riposte pendant 2 tours."
"Hits one random enemy for 260% Attack damage, ignoring 30% Defense, then gains +100 Counter Chance and +140 Counter Power for 3 turns.","Hits one random enemy for 260% Attack damage, ignoring 30% Defense, then gains +100 Counter Chance and +140 Counter Power for 3 turns.","Colpisce un nemico casuale infliggendo il 260% dell'Attacco come danni, ignorando il 30% della Difesa, poi ottiene +100 Probabilità di Contrattacco e +140 Potenza di Contrattacco per 3 turni.","Trifft einen zufälligen Gegner für 260% Angriff als Schaden, ignoriert 30% Verteidigung und erhält dann +100 Konterchance und +140 Konterkraft für 3 Züge.","Frappe un ennemi au hasard pour 260% Attaque en dégâts, en ignorant 30% de la Défense, puis gagne +100 Chance de riposte et +140 Puissance de riposte pendant 3 tours."
"Hits the strongest enemy for 230% Attack damage with +50% Critical Chance, ignoring 20% Defense.","Hits the strongest enemy for 230% Attack damage with +50% Critical Chance, ignoring 20% Defense.","Colpisce il nemico più forte infliggendo il 230% dell'Attacco come danni con +50% Probabilità critica, ignorando il 20% della Difesa.",Trifft den stärksten Gegner für 230% Angriff als Schaden mit +50% Kritischer Chance und ignoriert 20% Verteidigung.,"Frappe l'ennemi le plus fort pour 230% Attaque en dégâts avec +50% Chance critique, en ignorant 20% de la Défense."
"Hits the weakest enemy for 150% Attack damage, gaining up to +200% Attack as its Health falls; applies 15% Vulnerability for 3 turns if it survives.","Hits the weakest enemy for 150% Attack damage, gaining up to +200% Attack as its Health falls; applies 15% Vulnerability for 3 turns if it survives.","Colpisce il nemico più debole infliggendo il 150% dell'Attacco come danni, fino a +200% Attacco mentre la sua Salute cala; se sopravvive, applica 15% Vulnerabilità per 3 turni.","Trifft den schwächsten Gegner für 150% Angriff als Schaden und gewinnt bis zu +200% Angriff, während dessen Leben sinkt; wendet 3 Züge lang 15% Verwundbarkeit an, falls er überlebt.","Frappe l'ennemi le plus faible pour 150% Attaque en dégâts, gagnant jusqu'à +200% Attaque à mesure que sa Vie baisse ; applique 15% de Vulnérabilité pendant 3 tours s'il survit."
"Hits every enemy for 115% Attack damage (170% on the primary target), gaining up to +200% Attack as each target's Health falls; applies 20% Vulnerability for 3 turns, and a kill grants +100 Evade for 3 turns.","Hits every enemy for 115% Attack damage (170% on the primary target), gaining up to +200% Attack as each target's Health falls; applies 20% Vulnerability for 3 turns, and a kill grants +100 Evade for 3 turns.","Colpisce ogni nemico infliggendo il 115% dell'Attacco come danni (170% sul bersaglio principale), fino a +200% Attacco mentre la Salute del bersaglio cala; applica 20% Vulnerabilità per 3 turni e un'uccisione concede +100 Schivata per 3 turni.","Trifft jeden Gegner für 115% Angriff als Schaden (170% beim Hauptziel) und gewinnt bis zu +200% Angriff, während das Leben des jeweiligen Ziels sinkt; wendet 3 Züge lang 20% Verwundbarkeit an, und ein Todesstoß gewährt +100 Ausweichen für 3 Züge.","Frappe chaque ennemi pour 115% Attaque en dégâts (170% sur la cible principale), gagnant jusqu'à +200% Attaque à mesure que la Vie de chaque cible baisse ; applique 20% de Vulnérabilité pendant 3 tours, et une élimination accorde +100 Esquive pendant 3 tours."
Hits every enemy for 80% Attack damage and applies -25% Attack for 3 turns; gains +35 Evade for 3 turns.,Hits every enemy for 80% Attack damage and applies -25% Attack for 3 turns; gains +35 Evade for 3 turns.,Colpisce ogni nemico infliggendo l'80% dell'Attacco come danni e applica -25% Attacco per 3 turni; ottiene +35 Schivata per 3 turni.,Trifft jeden Gegner für 80% Angriff als Schaden und wendet 3 Züge lang -25% Angriff an; erhält +35 Ausweichen für 3 Züge.,Frappe chaque ennemi pour 80% Attaque en dégâts et applique -25% Attaque pendant 3 tours ; gagne +35 Esquive pendant 3 tours.
Hits every enemy for 90% Attack damage (165% on the primary target) and applies -30% Attack and 20% Vulnerability for 3 turns; gains +100 Evade for 3 turns.,Hits every enemy for 90% Attack damage (165% on the primary target) and applies -30% Attack and 20% Vulnerability for 3 turns; gains +100 Evade for 3 turns.,Colpisce ogni nemico infliggendo il 90% dell'Attacco come danni (165% sul bersaglio principale) e applica -30% Attacco e 20% Vulnerabilità per 3 turni; ottiene +100 Schivata per 3 turni.,Trifft jeden Gegner für 90% Angriff als Schaden (165% beim Hauptziel) und wendet 3 Züge lang -30% Angriff und 20% Verwundbarkeit an; erhält +100 Ausweichen für 3 Züge.,Frappe chaque ennemi pour 90% Attaque en dégâts (165% sur la cible principale) et applique -30% Attaque et 20% de Vulnérabilité pendant 3 tours ; gagne +100 Esquive pendant 3 tours.
Hits the strongest enemy for 140% Attack damage and applies 24% Vulnerability for 4 turns.,Hits the strongest enemy for 140% Attack damage and applies 24% Vulnerability for 4 turns.,Colpisce il nemico più forte infliggendo il 140% dell'Attacco come danni e applica 24% Vulnerabilità per 4 turni.,Trifft den stärksten Gegner für 140% Angriff als Schaden und wendet 4 Züge lang 24% Verwundbarkeit an.,Frappe l'ennemi le plus fort pour 140% Attaque en dégâts et applique 24% de Vulnérabilité pendant 4 tours.
"Hits the strongest enemy for 270% Attack damage with +25% Critical Chance, ignoring 45% Defense.","Hits the strongest enemy for 270% Attack damage with +25% Critical Chance, ignoring 45% Defense.","Colpisce il nemico più forte infliggendo il 270% dell'Attacco come danni con +25% Probabilità critica, ignorando il 45% della Difesa.",Trifft den stärksten Gegner für 270% Angriff als Schaden mit +25% Kritischer Chance und ignoriert 45% Verteidigung.,"Frappe l'ennemi le plus fort pour 270% Attaque en dégâts avec +25% Chance critique, en ignorant 45% de la Défense."
"Hits the strongest enemy for 240% Attack damage; the hit is guaranteed critical and ignores 50% Defense, then applies 20% Vulnerability for 3 turns.","Hits the strongest enemy for 240% Attack damage; the hit is guaranteed critical and ignores 50% Defense, then applies 20% Vulnerability for 3 turns.","Colpisce il nemico più forte infliggendo il 240% dell'Attacco come danni; il colpo è sempre critico e ignora il 50% della Difesa, poi applica il 20% di Vulnerabilità per 3 turni.","Trifft den stärksten Gegner für 240% Angriff als Schaden; der Treffer ist garantiert kritisch und ignoriert 50% Verteidigung, danach werden 3 Züge lang 20% Verwundbarkeit angewendet.","Frappe l'ennemi le plus fort pour 240% Attaque en dégâts ; le coup est critique garanti et ignore 50% de la Défense, puis applique 20% de Vulnérabilité pendant 3 tours."
"Hits one random enemy 2 times for 95% Attack damage per hit, then gains a 12% Max HP barrier until broken.","Hits one random enemy 2 times for 95% Attack damage per hit, then gains a 12% Max HP barrier until broken.","Colpisce un nemico casuale 2 volte, ciascuna per il 95% dell'Attacco, poi ottiene una barriera pari al 12% dei PV massimi finché non viene infranta.","Trifft einen zufälligen Gegner 2-mal für je 95% Angriff als Schaden und erhält dann eine Barriere von 12% der maximalen LP, bis sie bricht.","Frappe un ennemi au hasard 2 fois pour 95% Attaque en dégâts par coup, puis gagne une barrière de 12% des PV max jusqu'à ce qu'elle soit brisée."
"Hits every enemy 2 times for 80% Attack damage per hit (125% on the primary target), then gains a 20% Max HP barrier until broken and +20% Damage for 3 turns.","Hits every enemy 2 times for 80% Attack damage per hit (125% on the primary target), then gains a 20% Max HP barrier until broken and +20% Damage for 3 turns.","Colpisce ogni nemico 2 volte, ciascuna per l'80% dell'Attacco (125% sul bersaglio principale), poi ottiene una barriera pari al 20% dei PV massimi finché non viene infranta e +20% Danni per 3 turni.","Trifft jeden Gegner 2-mal für je 80% Angriff als Schaden (125% beim Hauptziel) und erhält dann eine Barriere von 20% der maximalen LP, bis sie bricht, sowie +20% Schaden für 3 Züge.","Frappe chaque ennemi 2 fois pour 80% Attaque en dégâts par coup (125% sur la cible principale), puis gagne une barrière de 20% des PV max jusqu'à ce qu'elle soit brisée et +20% Dégâts pendant 3 tours."
Heals the weakest ally for 220% Attack and grants +18 Magic Defense for 3 turns.,Heals the weakest ally for 220% Attack and grants +18 Magic Defense for 3 turns.,Cura l'alleato più debole per il 220% dell'Attacco e concede +18 Difesa magica per 3 turni.,Heilt den schwächsten Verbündeten um 220% Angriff und gewährt +18 Magieverteidigung für 3 Züge.,Soigne l'allié le plus faible de 220% Attaque et accorde +18 Défense magique pendant 3 tours.
"Heals the party for 100% Attack, then applies Regeneration (45% Attack per turn) for 3 turns.","Heals the party for 100% Attack, then applies Regeneration (45% Attack per turn) for 3 turns.","Cura il gruppo per il 100% dell'Attacco, poi applica Rigenerazione (45% Attacco per turno) per 3 turni.",Heilt die Gruppe um 100% Angriff und wendet dann 3 Züge lang Regeneration (45% Angriff pro Zug) an.,"Soigne le groupe de 100% Attaque, puis applique une Régénération (45% Attaque par tour) pendant 3 tours."
"Revives one fallen ally at 55% HP; if none has fallen, heals the weakest ally for 350% Attack. Either way, applies Regeneration (45% Attack per turn) to the party for 3 turns.","Revives one fallen ally at 55% HP; if none has fallen, heals the weakest ally for 350% Attack. Either way, applies Regeneration (45% Attack per turn) to the party for 3 turns.","Rianima un alleato caduto al 55% dei PV; se nessuno è caduto, cura l'alleato più debole per il 350% dell'Attacco. In ogni caso, applica al gruppo Rigenerazione (45% Attacco per turno) per 3 turni.","Belebt einen gefallenen Verbündeten mit 55% LP wieder; ist niemand gefallen, heilt es den schwächsten Verbündeten um 350% Angriff. In beiden Fällen wendet es 3 Züge lang Regeneration (45% Angriff pro Zug) auf die Gruppe an.","Ranime un allié tombé à 55% de ses PV ; si personne n'est tombé, soigne l'allié le plus faible de 350% Attaque. Dans les deux cas, applique une Régénération (45% Attaque par tour) au groupe pendant 3 tours."
"Hits the strongest enemy for 160% Attack Magic damage, removes its buffs, and applies 22% Vulnerability for 3 turns.","Hits the strongest enemy for 160% Attack Magic damage, removes its buffs, and applies 22% Vulnerability for 3 turns.","Colpisce il nemico più forte infliggendo il 160% dell'Attacco come danni Magici, rimuove i suoi bonus e applica 22% Vulnerabilità per 3 turni.","Trifft den stärksten Gegner für 160% Angriff als Magieschaden, entfernt seine Buffs und wendet 3 Züge lang 22% Verwundbarkeit an.","Frappe l'ennemi le plus fort pour 160% Attaque en dégâts magiques, retire ses améliorations et applique 22% de Vulnérabilité pendant 3 tours."
"Hits the strongest enemy for 300% Attack damage plus +75% Attack bonus, removes its buffs, Silences it for 2 turns, and applies 28% Vulnerability for 3 turns.","Hits the strongest enemy for 300% Attack damage plus +75% Attack bonus, removes its buffs, Silences it for 2 turns, and applies 28% Vulnerability for 3 turns.","Colpisce il nemico più forte infliggendo il 300% dell'Attacco come danni più un bonus del +75% dell'Attacco, rimuove i suoi potenziamenti, lo Silenzia per 2 turni e applica il 28% di Vulnerabilità per 3 turni.","Trifft den stärksten Gegner für 300% Angriff als Schaden plus einen Bonus von +75% Angriff, entfernt seine Buffs, belegt ihn 2 Züge lang mit Stille und wendet 3 Züge lang 28% Verwundbarkeit an.","Frappe l'ennemi le plus fort pour 300% Attaque en dégâts plus un bonus de +75% Attaque, retire ses améliorations, le frappe de Silence pendant 2 tours et applique 28% de Vulnérabilité pendant 3 tours."
Hits every enemy for 115% Attack damage; the primary target takes +55% Attack damage (170% total).,Hits every enemy for 115% Attack damage; the primary target takes +55% Attack damage (170% total).,Colpisce ogni nemico infliggendo il 115% dell'Attacco come danni; il bersaglio principale subisce +55% Attacco (170% totale).,Trifft jeden Gegner für 115% Angriff als Schaden; das Hauptziel erleidet +55% Angriff als Schaden (170% insgesamt).,Frappe chaque ennemi pour 115% Attaque en dégâts ; la cible principale subit +55% Attaque en dégâts (170% au total).
"Hits every enemy for 75% Attack damage, then applies 12% Attack DoT and a random -15% Attack, -15 Evade, or 12% Vulnerability for 2 turns.","Hits every enemy for 75% Attack damage, then applies 12% Attack DoT and a random -15% Attack, -15 Evade, or 12% Vulnerability for 2 turns.","Colpisce ogni nemico infliggendo il 75% dell'Attacco come danni, poi applica il 12% dell'Attacco come DoT e, casualmente, -15% Attacco, -15 Schivata o 12% Vulnerabilità per 2 turni.","Trifft jeden Gegner für 75% Angriff als Schaden und wendet dann 2 Züge lang 12% Angriff als DoT und zufällig -15% Angriff, -15 Ausweichen oder 12% Verwundbarkeit an.","Frappe chaque ennemi pour 75% Attaque en dégâts, puis applique 12% Attaque en DoT et au hasard -15% Attaque, -15 Esquive ou 12% de Vulnérabilité pendant 2 tours."
"Hits every enemy for 100% Attack damage, applies 20% Attack DoT, 15% Vulnerability, and a random -15% Attack, -15 Evade, or 12% Vulnerability for 3 turns, then restores 8 mana to the party.","Hits every enemy for 100% Attack damage, applies 20% Attack DoT, 15% Vulnerability, and a random -15% Attack, -15 Evade, or 12% Vulnerability for 3 turns, then restores 8 mana to the party.","Colpisce ogni nemico infliggendo il 100% dell'Attacco come danni, applica il 20% dell'Attacco come DoT, 15% Vulnerabilità e, casualmente, -15% Attacco, -15 Schivata o 12% Vulnerabilità per 3 turni, poi ripristina 8 mana al gruppo.","Trifft jeden Gegner für 100% Angriff als Schaden, wendet 3 Züge lang 20% Angriff als DoT, 15% Verwundbarkeit und zufällig -15% Angriff, -15 Ausweichen oder 12% Verwundbarkeit an und stellt der Gruppe dann 8 Mana wieder her.","Frappe chaque ennemi pour 100% Attaque en dégâts, applique 20% Attaque en DoT, 15% de Vulnérabilité et au hasard -15% Attaque, -15 Esquive ou 12% de Vulnérabilité pendant 3 tours, puis restaure 8 mana au groupe."
"Hits the strongest enemy for 190% Attack damage, Silences it for 2 turns, and refunds 30 mana.","Hits the strongest enemy for 190% Attack damage, Silences it for 2 turns, and refunds 30 mana.","Colpisce il nemico più forte infliggendo il 190% dell'Attacco come danni, gli infligge Silenzio per 2 turni e recupera 30 mana.","Trifft den stärksten Gegner für 190% Angriff als Schaden, belegt ihn 2 Züge lang mit Stille und erstattet 30 Mana.","Frappe l'ennemi le plus fort pour 190% Attaque en dégâts, le frappe de Silence pendant 2 tours et rembourse 30 mana."
Heals the party for 60% Attack and grants +24% Damage for 3 turns.,Heals the party for 60% Attack and grants +24% Damage for 3 turns.,Cura il gruppo per il 60% dell'Attacco e concede +24% Danni per 3 turni.,Heilt die Gruppe um 60% Angriff und gewährt +24% Schaden für 3 Züge.,Soigne le groupe de 60% Attaque et accorde +24% Dégâts pendant 3 tours.
"Heals the party for 75% Attack, restores 15 mana, then applies Regeneration (40% Attack per turn) for 4 turns.","Heals the party for 75% Attack, restores 15 mana, then applies Regeneration (40% Attack per turn) for 4 turns.","Cura il gruppo per il 75% dell'Attacco, ripristina 15 mana, poi applica Rigenerazione (40% Attacco per turno) per 4 turni.","Heilt die Gruppe um 75% Angriff, stellt 15 Mana wieder her und wendet dann 4 Züge lang Regeneration (40% Angriff pro Zug) an.","Soigne le groupe de 75% Attaque, restaure 15 mana, puis applique une Régénération (40% Attaque par tour) pendant 4 tours."
"Heals the party for 120% Attack, restores 20 mana, then applies Regeneration (40% Attack per turn) and grants +26% Damage, +12 Defense, and +12 Magic Defense for 4 turns.","Heals the party for 120% Attack, restores 20 mana, then applies Regeneration (40% Attack per turn) and grants +26% Damage, +12 Defense, and +12 Magic Defense for 4 turns.","Cura il gruppo del 120% dell'Attacco, ripristina 20 mana, poi applica Rigenerazione (40% dell'Attacco per turno) e concede +26% Danni, +12 Difesa e +12 Difesa magica per 4 turni.","Heilt die Gruppe um 120% Angriff, stellt 20 Mana wieder her, wendet dann Regeneration (40% Angriff pro Zug) an und gewährt +26% Schaden, +12 Verteidigung und +12 Magieverteidigung für 4 Züge.","Soigne le groupe de 120% Attaque, restaure 20 mana, puis applique une Régénération (40% Attaque par tour) et accorde +26% Dégâts, +12 Défense et +12 Défense magique pendant 4 tours."
"Hits one random enemy for 150% Attack damage and applies -15% Attack for 3 turns, then shields the party for 10% Max HP until broken.","Hits one random enemy for 150% Attack damage and applies -15% Attack for 3 turns, then shields the party for 10% Max HP until broken.","Colpisce un nemico casuale infliggendo il 150% dell'Attacco come danni e applica -15% Attacco per 3 turni, poi protegge il gruppo con una barriera pari al 10% dei PV massimi finché non viene infranta.","Trifft einen zufälligen Gegner für 150% Angriff als Schaden, wendet 3 Züge lang -15% Angriff an und schützt dann die Gruppe mit 10% der maximalen LP, bis die Barriere bricht.","Frappe un ennemi au hasard pour 150% Attaque en dégâts et applique -15% Attaque pendant 3 tours, puis protège le groupe de 10% des PV max jusqu'à ce que la barrière soit brisée."
"Heals the party for 100% Attack and shields everyone (15% Max HP, until broken), then applies Regeneration (25% Attack per turn) and grants +28% Damage, +15 Critical Chance, and +10 Magic Defense for 4 turns.","Heals the party for 100% Attack and shields everyone (15% Max HP, until broken), then applies Regeneration (25% Attack per turn) and grants +28% Damage, +15 Critical Chance, and +10 Magic Defense for 4 turns.","Cura il gruppo per il 100% dell'Attacco e protegge tutti con una barriera (15% dei PV massimi, finché non viene infranta), poi applica Rigenerazione (25% Attacco per turno) e concede +28% Danni, +15 Probabilità critica e +10 Difesa magica per 4 turni.","Heilt die Gruppe um 100% Angriff und schützt alle (15% der maximalen LP, bis sie bricht), wendet dann Regeneration (25% Angriff pro Zug) an und gewährt +28% Schaden, +15 Kritische Chance und +10 Magieverteidigung für 4 Züge.","Soigne le groupe de 100% Attaque et protège tout le monde (15% des PV max, jusqu'à ce qu'elle soit brisée), puis applique une Régénération (25% Attaque par tour) et accorde +28% Dégâts, +15 Chance critique et +10 Défense magique pendant 4 tours."
"Hits the weakest enemy 4 times for 75% Attack damage per hit, ignoring 20% Defense.","Hits the weakest enemy 4 times for 75% Attack damage per hit, ignoring 20% Defense.","Colpisce il nemico più debole 4 volte, ciascuna per il 75% dell'Attacco, ignorando il 20% della Difesa.",Trifft den schwächsten Gegner 4-mal für je 75% Angriff als Schaden und ignoriert 20% Verteidigung.,"Frappe l'ennemi le plus faible 4 fois pour 75% Attaque en dégâts par coup, en ignorant 20% de la Défense."
"Hits every enemy 4 times for 28% Attack damage per hit (60% on the primary target), ignoring 20% Defense; shields the party for 20% Max HP until broken and gains +15 Defense and +15 Magic Defense for 4 turns.","Hits every enemy 4 times for 28% Attack damage per hit (60% on the primary target), ignoring 20% Defense; shields the party for 20% Max HP until broken and gains +15 Defense and +15 Magic Defense for 4 turns.","Colpisce ogni nemico 4 volte infliggendo il 28% dell'Attacco come danni per colpo (60% sul bersaglio primario), ignorando il 20% della Difesa; protegge il gruppo con una barriera del 20% dei PV massimi finché non viene infranta e ottiene +15 Difesa e +15 Difesa magica per 4 turni.","Trifft jeden Gegner 4-mal für je 28% Angriff als Schaden (60% beim Hauptziel) und ignoriert 20% Verteidigung; schützt die Gruppe mit 20% der maximalen LP, bis die Barriere bricht, und erhält +15 Verteidigung und +15 Magieverteidigung für 4 Züge.","Frappe chaque ennemi 4 fois pour 28% Attaque en dégâts par coup (60% sur la cible principale), en ignorant 20% de la Défense ; protège le groupe de 20% des PV max jusqu'à ce que la barrière soit brisée et gagne +15 Défense et +15 Défense magique pendant 4 tours."
"Hits one random enemy for 165% Attack damage, restores 8 mana to the party, and gains +20 Counter Chance for 2 turns.","Hits one random enemy for 165% Attack damage, restores 8 mana to the party, and gains +20 Counter Chance for 2 turns.","Colpisce un nemico casuale infliggendo il 165% dell'Attacco come danni, ripristina 8 mana al gruppo e ottiene +20 Probabilità di Contrattacco per 2 turni.","Trifft einen zufälligen Gegner für 165% Angriff als Schaden, stellt der Gruppe 8 Mana wieder her und erhält +20 Konterchance für 2 Züge.","Frappe un ennemi au hasard pour 165% Attaque en dégâts, restaure 8 mana au groupe et gagne +20 Chance de riposte pendant 2 tours."
"Hits the strongest enemy for 200% Attack damage, ignoring 25% Defense, then gains +20 Evade for 3 turns.","Hits the strongest enemy for 200% Attack damage, ignoring 25% Defense, then gains +20 Evade for 3 turns.","Colpisce il nemico più forte infliggendo il 200% dell'Attacco come danni, ignorando il 25% della Difesa, poi ottiene +20 Schivata per 3 turni.","Trifft den stärksten Gegner für 200% Angriff als Schaden, ignoriert 25% Verteidigung und erhält dann +20 Ausweichen für 3 Züge.","Frappe l'ennemi le plus fort pour 200% Attaque en dégâts, en ignorant 25% de la Défense, puis gagne +20 Esquive pendant 3 tours."
"Heals the weakest ally for 240% Attack, cleanses harmful effects, grants a 20% Max HP barrier until broken, then applies Regeneration (30% Attack per turn) for 3 turns.","Heals the weakest ally for 240% Attack, cleanses harmful effects, grants a 20% Max HP barrier until broken, then applies Regeneration (30% Attack per turn) for 3 turns.","Cura l'alleato più debole per il 240% dell'Attacco, rimuove gli effetti dannosi, concede una barriera pari al 20% dei PV massimi finché non viene infranta, poi applica Rigenerazione (30% Attacco per turno) per 3 turni.","Heilt den schwächsten Verbündeten um 240% Angriff, reinigt schädliche Effekte, gewährt eine Barriere von 20% der maximalen LP, bis sie bricht, und wendet dann 3 Züge lang Regeneration (30% Angriff pro Zug) an.","Soigne l'allié le plus faible de 240% Attaque, purifie les effets néfastes, accorde une barrière de 20% des PV max jusqu'à ce qu'elle soit brisée, puis applique une Régénération (30% Attaque par tour) pendant 3 tours."
"Below 70% ally Health, heals the party for 125% Attack plus 25% Attack Regeneration; otherwise hits all enemies for 125% Attack plus 25% DoT. Lasts 2 turns.","Below 70% ally Health, heals the party for 125% Attack plus 25% Attack Regeneration; otherwise hits all enemies for 125% Attack plus 25% DoT. Lasts 2 turns.","Se un alleato è sotto il 70% di Salute, cura il gruppo per il 125% dell'Attacco più Rigenerazione pari al 25% dell'Attacco; altrimenti colpisce tutti i nemici per il 125% dell'Attacco più 25% DoT. Dura 2 turni.","Sinkt ein Verbündeter unter 70% Leben, heilt es die Gruppe um 125% Angriff plus 25% Angriff als Regeneration; andernfalls trifft es alle Gegner für 125% Angriff plus 25% DoT. Hält 2 Züge an.","Si un allié est sous 70% de Vie, soigne le groupe de 125% Attaque plus une Régénération de 25% Attaque ; sinon frappe tous les ennemis pour 125% Attaque plus 25% DoT. Dure 2 tours."
"Hits every enemy for 120% Attack damage; grants 30% party and 45% self Max HP barriers, then gains +35% Damage, +20 Defense, +20 Magic Defense, and +25 Evade for 4 turns.","Hits every enemy for 120% Attack damage; grants 30% party and 45% self Max HP barriers, then gains +35% Damage, +20 Defense, +20 Magic Defense, and +25 Evade for 4 turns.","Colpisce ogni nemico infliggendo il 120% dell'Attacco come danni; concede barriere pari al 30% dei PV massimi al gruppo e al 45% a sé, poi ottiene +35% Danni, +20 Difesa, +20 Difesa magica e +25 Schivata per 4 turni.","Trifft jeden Gegner für 120% Angriff als Schaden; gewährt der Gruppe eine Barriere von 30% und sich selbst von 45% der maximalen LP und erhält dann +35% Schaden, +20 Verteidigung, +20 Magieverteidigung und +25 Ausweichen für 4 Züge.","Frappe chaque ennemi pour 120% Attaque en dégâts ; accorde des barrières de 30% des PV max au groupe et de 45% à soi-même, puis gagne +35% Dégâts, +20 Défense, +20 Défense magique et +25 Esquive pendant 4 tours."
"Heals the party for 80% Attack, then grants 45% Attack Regeneration and applies -18% Attack to all enemies for 4 turns.","Heals the party for 80% Attack, then grants 45% Attack Regeneration and applies -18% Attack to all enemies for 4 turns.","Cura il gruppo per l'80% dell'Attacco, poi concede Rigenerazione pari al 45% dell'Attacco e applica -18% Attacco a tutti i nemici per 4 turni.",Heilt die Gruppe um 80% Angriff und gewährt dann 4 Züge lang Regeneration in Höhe von 45% Angriff und wendet -18% Angriff auf alle Gegner an.,"Soigne le groupe de 80% Attaque, puis accorde une Régénération de 45% Attaque et applique -18% Attaque à tous les ennemis pendant 4 tours."
"Hits every enemy for 135% Attack damage and heals the party for 100% Attack, then applies 30% Attack DoT and -18% Attack to every enemy and Regeneration (45% Attack per turn) to the party for 4 turns.","Hits every enemy for 135% Attack damage and heals the party for 100% Attack, then applies 30% Attack DoT and -18% Attack to every enemy and Regeneration (45% Attack per turn) to the party for 4 turns.","Colpisce ogni nemico infliggendo il 135% dell'Attacco come danni e cura il gruppo per il 100% dell'Attacco, poi applica a ogni nemico il 30% dell'Attacco come DoT e -18% Attacco e al gruppo Rigenerazione (45% Attacco per turno) per 4 turni.",Trifft jeden Gegner für 135% Angriff als Schaden und heilt die Gruppe um 100% Angriff; wendet dann 4 Züge lang 30% Angriff als DoT und -18% Angriff auf jeden Gegner sowie Regeneration (45% Angriff pro Zug) auf die Gruppe an.,"Frappe chaque ennemi pour 135% Attaque en dégâts et soigne le groupe de 100% Attaque, puis applique 30% Attaque en DoT et -18% Attaque à chaque ennemi et une Régénération (45% Attaque par tour) au groupe pendant 4 tours."
"Costs 8% Max HP; hits the strongest enemy for 230% Attack damage, then applies 45% Attack DoT and gains +20% Damage for 3 turns.","Costs 8% Max HP; hits the strongest enemy for 230% Attack damage, then applies 45% Attack DoT and gains +20% Damage for 3 turns.","Costa l'8% dei PV massimi; colpisce il nemico più forte infliggendo il 230% dell'Attacco come danni, poi applica il 45% dell'Attacco come DoT e ottiene +20% Danni per 3 turni.","Kostet 8% der maximalen LP; trifft den stärksten Gegner für 230% Angriff als Schaden, wendet dann 45% Angriff als DoT an und erhält +20% Schaden für 3 Züge.","Coûte 8% des PV max ; frappe l'ennemi le plus fort pour 230% Attaque en dégâts, puis applique 45% Attaque en DoT et gagne +20% Dégâts pendant 3 tours."
"Hits the strongest enemy for 120% Attack damage, then applies 70% Attack DoT and 15% Vulnerability for 4 turns.","Hits the strongest enemy for 120% Attack damage, then applies 70% Attack DoT and 15% Vulnerability for 4 turns.","Colpisce il nemico più forte infliggendo il 120% dell'Attacco come danni, poi applica il 70% dell'Attacco come DoT e 15% Vulnerabilità per 4 turni.",Trifft den stärksten Gegner für 120% Angriff als Schaden und wendet dann 4 Züge lang 70% Angriff als DoT und 15% Verwundbarkeit an.,"Frappe l'ennemi le plus fort pour 120% Attaque en dégâts, puis applique 70% Attaque en DoT et 15% de Vulnérabilité pendant 4 tours."
"Hits every enemy for 70% Attack damage (130% on the primary target), then applies 70% Attack DoT and 15% Vulnerability for 4 turns.","Hits every enemy for 70% Attack damage (130% on the primary target), then applies 70% Attack DoT and 15% Vulnerability for 4 turns.","Colpisce ogni nemico infliggendo il 70% dell'Attacco come danni (130% sul bersaglio principale), poi applica il 70% dell'Attacco come DoT e 15% Vulnerabilità per 4 turni.",Trifft jeden Gegner für 70% Angriff als Schaden (130% beim Hauptziel) und wendet dann 4 Züge lang 70% Angriff als DoT und 15% Verwundbarkeit an.,"Frappe chaque ennemi pour 70% Attaque en dégâts (130% sur la cible principale), puis applique 70% Attaque en DoT et 15% de Vulnérabilité pendant 4 tours."
"Costs 12% Max HP; hits one random enemy 3 times for 100% Attack damage per hit, then gains a 15% Max HP barrier until broken.","Costs 12% Max HP; hits one random enemy 3 times for 100% Attack damage per hit, then gains a 15% Max HP barrier until broken.","Costa il 12% dei PV massimi; colpisce un nemico casuale 3 volte, ciascuna per il 100% dell'Attacco, poi ottiene una barriera pari al 15% dei PV massimi finché non viene infranta.","Kostet 12% der maximalen LP; trifft einen zufälligen Gegner 3-mal für je 100% Angriff als Schaden und erhält dann eine Barriere von 15% der maximalen LP, bis sie bricht.","Coûte 12% des PV max ; frappe un ennemi au hasard 3 fois pour 100% Attaque en dégâts par coup, puis gagne une barrière de 15% des PV max jusqu'à ce qu'elle soit brisée."
"Costs 12% Max HP; hits every enemy 3 times for 60% Attack damage per hit (100% on the primary target), heals for 35% of damage dealt, then gains a 15% Max HP barrier until broken.","Costs 12% Max HP; hits every enemy 3 times for 60% Attack damage per hit (100% on the primary target), heals for 35% of damage dealt, then gains a 15% Max HP barrier until broken.","Costa il 12% dei PV massimi; colpisce ogni nemico 3 volte, ciascuna per il 60% dell'Attacco (100% sul bersaglio principale), si cura del 35% dei danni inflitti, poi ottiene una barriera pari al 15% dei PV massimi finché non viene infranta.","Kostet 12% der maximalen LP; trifft jeden Gegner 3-mal für je 60% Angriff als Schaden (100% beim Hauptziel), heilt um 35% des verursachten Schadens und erhält dann eine Barriere von 15% der maximalen LP, bis sie bricht.","Coûte 12% des PV max ; frappe chaque ennemi 3 fois pour 60% Attaque en dégâts par coup (100% sur la cible principale), soigne de 35% des dégâts infligés, puis gagne une barrière de 15% des PV max jusqu'à ce qu'elle soit brisée."
"Always +3 Threat, +20 Healing, and +8 Magic Defense; skill heals also grant an 8% max HP barrier. The party gains +15 Healing and +15 Immunity. When an ally takes damage, gains +20 Counter Chance for 2 turns.","Always +3 Threat, +20 Healing, and +8 Magic Defense; skill heals also grant an 8% max HP barrier. The party gains +15 Healing and +15 Immunity. When an ally takes damage, gains +20 Counter Chance for 2 turns.","Sempre +3 Minaccia, +20 Cure e +8 Difesa magica; le cure delle abilità concedono anche una barriera dell'8% dei PV massimi. Il gruppo ottiene +15 Cure e +15 Immunità. Quando un alleato subisce danni, ottiene +20 Probabilità di contrattacco per 2 turni.","Immer +3 Bedrohung, +20 Heilung und +8 Magieverteidigung; Fähigkeitsheilungen gewähren zusätzlich eine Barriere von 8% der maximalen LP. Die Gruppe erhält +15 Heilung und +15 Immunität. Wenn ein Verbündeter Schaden erleidet, erhält er +20 Konterchance für 2 Züge.","Toujours +3 Menace, +20 Soins et +8 Défense magique ; les soins de compétence accordent aussi une barrière de 8% des PV max. Le groupe gagne +15 Soins et +15 Immunité. Lorsqu'un allié subit des dégâts, gagne +20 Chance de riposte pendant 2 tours."
"Always +3 Threat; +15 Critical Chance when attacking the same enemy again, and +25 Evade against a foe that keeps targeting it.","Always +3 Threat; +15 Critical Chance when attacking the same enemy again, and +25 Evade against a foe that keeps targeting it.",Sempre +3 Minaccia; +15 Probabilità critica quando attacca di nuovo lo stesso nemico e +25 Schivata contro un avversario che continua a bersagliarlo.,"Immer +3 Bedrohung; +15 Kritische Chance, wenn derselbe Gegner erneut angegriffen wird, und +25 Ausweichen gegen einen Feind, der ihn weiterhin anvisiert.","Toujours +3 Menace ; +15 Chance critique en attaquant de nouveau le même ennemi, et +25 Esquive contre un ennemi qui continue de le cibler."
"Always +3 Threat and +10% Damage. Below 35% Health, gains a 20% Max HP barrier once per 4 turns.","Always +3 Threat and +10% Damage. Below 35% Health, gains a 20% Max HP barrier once per 4 turns.","Sempre +3 Minaccia e +10% Danni. Sotto il 35% di Salute, ottiene una barriera pari al 20% dei PV massimi una volta ogni 4 turni.",Immer +3 Bedrohung und +10% Schaden. Unter 35% Leben entsteht einmal alle 4 Züge eine Barriere von 20% der maximalen LP.,"Toujours +3 Menace et +10% Dégâts. Sous 35% de Vie, gagne une barrière de 20% des PV max une fois tous les 4 tours."
"Always +3 Threat, +5 Defense, and +10% Damage; gains an 8% Max HP barrier at each wave start.","Always +3 Threat, +5 Defense, and +10% Damage; gains an 8% Max HP barrier at each wave start.","Sempre +3 Minaccia, +5 Difesa e +10% Danni; ottiene una barriera pari all'8% dei PV massimi all'inizio di ogni ondata.","Immer +3 Bedrohung, +5 Verteidigung und +10% Schaden; erhält zu Beginn jeder Welle eine Barriere von 8% der maximalen LP.","Toujours +3 Menace, +5 Défense et +10% Dégâts ; gagne une barrière de 8% des PV max au début de chaque vague."
"Always +3 Threat, +10 Defense, and +8 Magic Defense; each active skill cast adds +12% Damage (Momentum, up to +24%) for the battle.","Always +3 Threat, +10 Defense, and +8 Magic Defense; each active skill cast adds +12% Damage (Momentum, up to +24%) for the battle.","Sempre +3 Minaccia, +10 Difesa e +8 Difesa magica; ogni uso dell'abilità attiva aggiunge +12% Danni (Slancio, fino a +24%) per la battaglia.","Immer +3 Bedrohung, +10 Verteidigung und +8 Magieverteidigung; jeder Einsatz der aktiven Fähigkeit fügt +12% Schaden hinzu (Schwung, bis +24%) für den Kampf.","Toujours +3 Menace, +10 Défense et +8 Défense magique ; chaque lancement de la compétence active ajoute +12% Dégâts (Élan, jusqu'à +24%) pour le combat."
