keys,en,it
"Weapon","Weapon","Arma"
"Armor","Armor","Armatura"
"Accessory","Accessory","Accessorio"
"Weapons","Weapons","Armi"
"Raw Materials","Raw Materials","Materiali grezzi"
"Rare Materials","Rare Materials","Materiali rari"
"Refined Materials","Refined Materials","Materiali raffinati"
"Raid Items","Raid Items","Oggetti da raid"
"Accessories","Accessories","Accessori"
"Construction Bundles","Construction Bundles","Pacchetti da costruzione"
"Heavy","Heavy","Pesante"
"Light","Light","Leggera"
"Magic","Magic","Magia"
"Medium","Medium","Media"
"Melee","Melee","Mischia"
"Ranged","Ranged","Distanza"
"Unique","Unique","Unico"
"Experience","Experience","Esperienza"
"Healing","Healing","Cure"
"Health","Health","Salute"
"Magic and Support","Magic and Support","Magia e supporto"
"Martial DPS","Martial DPS","DPS marziale"
"Tank","Tank","Difensore"
"Attack","Attack","Attacco"
"Constitution","Constitution","Costituzione"
"Counter Chance","Counter Chance","Probabilità di contrattacco"
"Critical Chance","Critical Chance","Probabilità critica"
"Critical Damage","Critical Damage","Danno critico"
"Decay","Decay","Decadimento"
"Defense","Defense","Difesa"
"Dexterity","Dexterity","Destrezza"
"Evade","Evade","Schivata"
"EXP Rate","EXP Rate","Tasso PE"
"Drop Rate","Drop Rate","Tasso di bottino"
"Immunity","Immunity","Immunità"
"Intelligence","Intelligence","Intelligenza"
"Lifesteal","Lifesteal","Rubavita"
"Magic Defense","Magic Defense","Difesa magica"
"Max HP","Max HP","PV massimi"
"Mist Reduction","Mist Reduction","Riduzione nebbia"
"Regeneration","Regeneration","Rigenerazione"
"Strength","Strength","Forza"
"Threat","Threat","Minaccia"
"No description available.","No description available.","Nessuna descrizione disponibile."
"Rune of Might","Rune of Might","Runa della Potenza"
"An ember-cut battle rune. Each rank permanently increases this hero's Attack by 1%.","An ember-cut battle rune. Each rank permanently increases this hero's Attack by 1%.","Una runa da battaglia incisa nella brace. Ogni grado aumenta permanentemente dell'1% l'Attacco di questo eroe."
"Rune of Vitality","Rune of Vitality","Runa della Vitalità"
"A living heart sigil. Each rank permanently increases this hero's maximum Health by 1.5%.","A living heart sigil. Each rank permanently increases this hero's maximum Health by 1.5%.","Un sigillo a forma di cuore vivente. Ogni grado aumenta permanentemente dell'1,5% la Salute massima di questo eroe."
"Rune of Agility","Rune of Agility","Runa dell'Agilità"
"A wind-carved wing rune. Each rank permanently adds 1 percentage point of Evade.","A wind-carved wing rune. Each rank permanently adds 1 percentage point of Evade.","Una runa alata scolpita dal vento. Ogni grado aggiunge permanentemente 1 punto percentuale di Schivata."
"Rune of Precision","Rune of Precision","Runa della Precisione"
"A star aligned upon a perfect mark. Each rank permanently adds 1 percentage point of Critical Chance.","A star aligned upon a perfect mark. Each rank permanently adds 1 percentage point of Critical Chance.","Una stella allineata su un bersaglio perfetto. Ogni grado aggiunge permanentemente 1 punto percentuale di Probabilità critica."
"Rune of Bulwark","Rune of Bulwark","Runa del Baluardo"
"A shield rune braced against mortal force. Each rank permanently adds 1 percentage point of Defense.","A shield rune braced against mortal force. Each rank permanently adds 1 percentage point of Defense.","Una runa-scudo che resiste alla forza mortale. Ogni grado aggiunge permanentemente 1 punto percentuale di Difesa."
"Rune of Warding","Rune of Warding","Runa della Protezione"
"Three arcane wards bound as one. Each rank permanently adds 1 percentage point of Magic Defense.","Three arcane wards bound as one. Each rank permanently adds 1 percentage point of Magic Defense.","Tre protezioni arcane unite in una sola. Ogni grado aggiunge permanentemente 1 punto percentuale di Difesa magica."
"+1 point","+1 point","+1 punto"
"+2 points","+2 points","+2 punti"
"+3 points","+3 points","+3 punti"
"+4 points","+4 points","+4 punti"
"Tideglass","Tideglass","Vetromarea"
"Tideglass Egg","Tideglass Egg","Uovo di Vetromarea"
"Drowned Tollkeeper","Drowned Tollkeeper","Gabelliere Annegato"
"Ripple","Ripple","Onda"
"Brine","Brine","Salamoia"
"Tollie","Tollie","Tollie"
"Maris","Maris","Maris"
"Shellby","Shellby","Shellby"
"Current","Current","Corrente"
"Brineback Crab","Brineback Crab","Granchio dal dorso salmastro"
"Tollfin Otter","Tollfin Otter","Lontra della campana"
"Bellkeeper Turtle","Bellkeeper Turtle","Tartaruga guardiana della campana"
"Sovereign Bellwyrm","Sovereign Bellwyrm","Dragoserpe sovrano della campana"
"Chimeric","Chimeric","Chimerico"
"Chimeric Egg","Chimeric Egg","Uovo chimerico"
"Chimera Matron","Chimera Matron","Matrona Chimera"
"Patch","Patch","Pezza"
"Morrow","Morrow","Morrow"
"Mosaic","Mosaic","Mosaico"
"Shade","Shade","Ombra"
"Stitch","Stitch","Punto"
"Nyx","Nyx","Nyx"
"Umbral Kit","Umbral Kit","Cucciolo umbratile"
"Patchwork Drake","Patchwork Drake","Draghetto rattoppato"
"Matron Whelp","Matron Whelp","Cucciolo della Matrona"
"Mosaic Crownbeast","Mosaic Crownbeast","Bestia coronata a mosaico"
"Rootbound","Rootbound","Radicato"
"Rootbound Egg","Rootbound Egg","Uovo Radicato"
"Orrun, the Walking Grove","Orrun, the Walking Grove","Orrun, il Bosco in Cammino"
"Twig","Twig","Rametto"
"Acorn","Acorn","Ghianda"
"Briar","Briar","Rovo"
"Moss","Moss","Muschio"
"Orris","Orris","Orris"
"Canopy","Canopy","Chioma"
"Burrow Sprout","Burrow Sprout","Germoglio di tana"
"Canopy Staglet","Canopy Staglet","Cerbiatto della chioma"
"Grove Colossus Calf","Grove Colossus Calf","Cucciolo del Colosso del bosco"
"Worldroot Kirin","Worldroot Kirin","Kirin della Radice del Mondo"
"Lightless","Lightless","Senza Luce"
"Lightless Egg","Lightless Egg","Uovo Senza Luce"
"Nhalassa, Bell Beneath the Tide","Nhalassa, Bell Beneath the Tide","Nhalassa, Campana Sotto la Marea"
"Glim","Glim","Barlume"
"Bell","Bell","Campana"
"Abyss","Abyss","Abisso"
"Nahla","Nahla","Nahla"
"Echo","Echo","Eco"
"Drift","Drift","Deriva"
"Gloom Minnow","Gloom Minnow","Pesciolino tenebroso"
"Tidebell Ray","Tidebell Ray","Manta campana di marea"
"Abyssal Lanternling","Abyssal Lanternling","Lanterino abissale"
"Dreadbell Whale","Dreadbell Whale","Balena della campana funesta"
"Starglass","Starglass","Vetrostellare"
"Starglass Egg","Starglass Egg","Uovo di Vetrostellare"
"Veyra, the Star-Eating Chimera","Veyra, the Star-Eating Chimera","Veyra, la Chimera Divorastelle"
"Comet","Comet","Cometa"
"Vey","Vey","Vey"
"Orbit","Orbit","Orbita"
"Nova","Nova","Nova"
"Glint","Glint","Scintilla"
"Astra","Astra","Astra"
"Comet Moth","Comet Moth","Falena cometa"
"Starglass Raptor","Starglass Raptor","Rapace di Vetrostellare"
"Star-Eater Cub","Star-Eater Cub","Cucciolo divorastelle"
"Constellation Phoenix","Constellation Phoenix","Fenice delle costellazioni"
"Eclipse","Eclipse","Eclissi"
"Eclipse Egg","Eclipse Egg","Uovo dell'eclissi"
"Aster Null, Eclipse Incarnate","Aster Null, Eclipse Incarnate","Aster Null, Incarnazione dell'Eclissi"
"Dawn","Dawn","Alba"
"Dusk","Dusk","Crepuscolo"
"Aster","Aster","Aster"
"Halo","Halo","Alone"
"Ember","Ember","Brace"
"Eventide","Eventide","Vespro"
"Dawn Hare","Dawn Hare","Lepre dell'alba"
"Duskwing","Duskwing","Alacrepuscolo"
"Eclipse Seraph","Eclipse Seraph","Serafino dell'eclissi"
"Totality Dragon","Totality Dragon","Drago della totalità"
"Ember gel","Ember gel","Gel di Brace"
"Warm elemental gel gathered from fire slimes. It holds heat long after the creature is defeated.","Warm elemental gel gathered from fire slimes. It holds heat long after the creature is defeated.","Gel elementale caldo raccolto dagli slime di fuoco. Conserva il calore a lungo dopo la sconfitta della creatura."
"Frost gel","Frost gel","Gel di Gelo"
"Cold elemental gel gathered from ice slimes. A thin layer of frost constantly forms around it.","Cold elemental gel gathered from ice slimes. A thin layer of frost constantly forms around it.","Gel elementale freddo raccolto dagli slime di ghiaccio. Intorno ad esso si forma continuamente un sottile strato di brina."
"Toxic gel","Toxic gel","Gel Tossico"
"Volatile elemental gel gathered from poison slimes. It must be handled with care.","Volatile elemental gel gathered from poison slimes. It must be handled with care.","Gel elementale volatile raccolto dagli slime velenosi. Deve essere maneggiato con cautela."
"Moss gel","Moss gel","Gel di Muschio"
"Dense elemental gel gathered from earth slimes. Moss continues to grow across its surface.","Dense elemental gel gathered from earth slimes. Moss continues to grow across its surface.","Denso gel elementale raccolto dagli slime di terra. Il muschio continua a crescere sulla sua superficie."
"Stabilized Slime Core","Stabilized Slime Core","Nucleo di slime stabilizzato"
"Ember and moss gel stabilized into the rigid half of tier 1 equipment.","Ember and moss gel stabilized into the rigid half of tier 1 equipment.","Gel di brace e muschioso stabilizzati nella parte rigida dell'equipaggiamento di grado 1."
"Gelweave Spool","Gelweave Spool","Rocchetto di trama gelatinosa"
"Frost and toxic gel drawn into flexible strands for tier 1 equipment.","Frost and toxic gel drawn into flexible strands for tier 1 equipment.","Gel di gelo e tossico filati in fibre flessibili per l'equipaggiamento di grado 1."
"Slime Charm","Slime Charm","Amuleto di slime"
"A compact charm made by carefully balancing the four elemental gels.","A compact charm made by carefully balancing the four elemental gels.","Un piccolo amuleto creato bilanciando con cura i quattro gel elementali."
"Slime Crown","Slime Crown","Corona di slime"
"A royal slime crown crystallized around the Slime King's prismatic jewel. It rewards its bearer with greater experience from every victory.","A royal slime crown crystallized around the Slime King's prismatic jewel. It rewards its bearer with greater experience from every victory.","Una corona reale di slime cristallizzata attorno al gioiello prismatico del Re degli Slime. Dona a chi la indossa più esperienza a ogni vittoria."
"Beast Hide","Beast Hide","Pelle di Bestia"
"Raw hide stripped from Forest Edge predators.","Raw hide stripped from Forest Edge predators.","Pelle grezza ricavata dai predatori del Margine della Foresta."
"Sylvan Fiber","Sylvan Fiber","Fibra Silvestre"
"Tough strands gathered from living forest creatures.","Tough strands gathered from living forest creatures.","Fibre robuste raccolte dalle creature viventi della foresta."
"Ironbark Chunk","Ironbark Chunk","Pezzo di Cortecciaferrea"
"A dense fragment of iron-hard heartwood.","A dense fragment of iron-hard heartwood.","Un denso frammento di durame duro come il ferro."
"Bog Iron Ore","Bog Iron Ore","Minerale di Ferro Palustre"
"Rust-dark ore pulled from the forest bog.","Rust-dark ore pulled from the forest bog.","Minerale scuro di ruggine estratto dalla palude della foresta."
"Ironbark Frame","Ironbark Frame","Intelaiatura di Cortecciaferrea"
"Hide and ironbark shaped into the rigid half of tier 3 equipment.","Hide and ironbark shaped into the rigid half of tier 3 equipment.","Pelle e Cortecciaferrea modellate nella parte rigida dell'equipaggiamento di grado 3."
"Sylvan Iron Binding","Sylvan Iron Binding","Legatura di ferro silvestre"
"Sylvan fiber braided around bog iron for flexible tier 3 bindings.","Sylvan fiber braided around bog iron for flexible tier 3 bindings.","Fibra silvestre intrecciata attorno al ferro palustre per creare legature flessibili di grado 3."
"Ironbark Blade","Ironbark Blade","Lama di Cortecciaferrea"
"A balanced melee weapon with a bog-iron edge and an ironbark grip.","A balanced melee weapon with a bog-iron edge and an ironbark grip.","Un'arma da mischia equilibrata con filo di ferro palustre e impugnatura di Cortecciaferrea."
"Thornwood Bow","Thornwood Bow","Arco di legnospino"
"A flexible longbow strung with enchanted sylvan thread.","A flexible longbow strung with enchanted sylvan thread.","Un arco lungo flessibile con una corda di filo silvestre incantato."
"Groveheart Staff","Groveheart Staff","Bastone del cuore del bosco"
"A living staff that focuses the magic stored in its resin core.","A living staff that focuses the magic stored in its resin core.","Un bastone vivente che concentra la magia custodita nel suo nucleo di resina."
"Ranger Leather","Ranger Leather","Cuoio da esploratore"
"Light cured leather that leaves its wearer quick and silent.","Light cured leather that leaves its wearer quick and silent.","Cuoio conciato leggero che rende chi lo indossa rapido e silenzioso."
"Ironbark Brigandine","Ironbark Brigandine","Brigantina di Cortecciaferrea"
"Layered leather and ironbark plates for adaptable protection.","Layered leather and ironbark plates for adaptable protection.","Strati di cuoio e piastre di Cortecciaferrea per una protezione versatile."
"Rootforged Plate","Rootforged Plate","Piastre forgiate nelle radici"
"Heavy bog iron plate bound with living thorn resin.","Heavy bog iron plate bound with living thorn resin.","Pesanti piastre di ferro palustre legate con resina di spine viventi."
"Slimy Sword","Slimy Sword","Spada gelatinosa"
"A flexible blade forged around a hardened elemental slime core.","A flexible blade forged around a hardened elemental slime core.","Una lama flessibile forgiata attorno a un nucleo elementale di slime indurito."
"Slimy Bow","Slimy Bow","Arco gelatinoso"
"A springy slime-strung bow that rewards precise shots.","A springy slime-strung bow that rewards precise shots.","Un arco elastico con corda di slime che premia i colpi precisi."
"Slimy Staff","Slimy Staff","Bastone gelatinoso"
"A living gel focus that amplifies its wielder's magical insight.","A living gel focus that amplifies its wielder's magical insight.","Un catalizzatore di gel vivente che amplifica l'intuito magico di chi lo impugna."
"Gem Cluster","Gem Cluster","Ammasso di gemme"
"An exceptionally rare crystal cluster. It opens automatically when dungeon rewards are collected and grants 1–5 gems.","An exceptionally rare crystal cluster. It opens automatically when dungeon rewards are collected and grants 1–5 gems.","Un ammasso di cristalli eccezionalmente raro. Si apre automaticamente quando vengono raccolte le ricompense del dungeon e concede 1–5 gemme."
"Prism Shard","Prism Shard","Scheggia Prismatica"
"A refractive crystal gathered in the Elemental Depths.","A refractive crystal gathered in the Elemental Depths.","Un cristallo rifrangente raccolto nelle Profondità Elementali."
"Condensed Mist","Condensed Mist","Nebbia Condensata"
"Elemental mist stabilized into a workable droplet.","Elemental mist stabilized into a workable droplet.","Nebbia elementale stabilizzata in una goccia lavorabile."
"Ironbark Seed","Ironbark Seed","Seme di Cortecciaferrea"
"A plated ironwood seed recovered from the Ironbark Warden, still warm with restorative sap.","A plated ironwood seed recovered from the Ironbark Warden, still warm with restorative sap.","Un seme corazzato di legnoferro recuperato dal Guardiano di Cortecciaferrea, ancora caldo di linfa rigenerante."
"Prismatic Crown Jewel","Prismatic Crown Jewel","Gioiello della Corona Prismatica"
"A rare royal prism condensed by the Slime King, used for tier 2 accessories.","A rare royal prism condensed by the Slime King, used for tier 2 accessories.","Un raro prisma reale condensato dal Re degli Slime, usato per gli accessori di grado 2."
"Rootsteel Ore","Rootsteel Ore","Minerale di Acciaioradice"
"Living ore mined from the Ironroot Warrens.","Living ore mined from the Ironroot Warrens.","Minerale vivente estratto dai Cunicoli di Radiceferrea."
"Luminous Spore","Luminous Spore","Spora Luminosa"
"A bright binding spore used in Rootsteel craft.","A bright binding spore used in Rootsteel craft.","Una spora luminosa e legante usata nella lavorazione dell'Acciaioradice."
"Rootmind Core","Rootmind Core","Nucleo della Menteradice"
"The patterned iron heart of the Ferrum Rootmind.","The patterned iron heart of the Ferrum Rootmind.","Il cuore di ferro intarsiato della Mente Radice Ferrum."
"Tideglass Shard","Tideglass Shard","Scheggia di Vetromarea"
"Sea glass hardened by the Sunken Causeway.","Sea glass hardened by the Sunken Causeway.","Vetro marino indurito dalla Strada Sommersa."
"Brinecloth","Brinecloth","Tessuto Salmastro"
"Salt-preserved cloth that remains flexible underwater.","Salt-preserved cloth that remains flexible underwater.","Tessuto conservato nel sale che resta flessibile sott'acqua."
"Tollkeeper Bell","Tollkeeper Bell","Campana del Gabelliere"
"A corroded bell taken from the drowned gatekeeper.","A corroded bell taken from the drowned gatekeeper.","Una campana corrosa sottratta al guardiano annegato."
"Lantern Alloy","Lantern Alloy","Lega della Lanterna"
"Warm alloy recovered from the sealed Lantern Vault.","Warm alloy recovered from the sealed Lantern Vault.","Lega calda recuperata dalla Cripta della Lanterna sigillata."
"Keeper Wick","Keeper Wick","Stoppino del Custode"
"A fireproof wick still carrying a steady golden glow.","A fireproof wick still carrying a steady golden glow.","Uno stoppino ignifugo che emana ancora un bagliore dorato e costante."
"Devoured Flame","Devoured Flame","Fiamma Divorata"
"A rescued fragment of light from the Lantern-Eater.","A rescued fragment of light from the Lantern-Eater.","Un frammento di luce salvato dal Divoratore di Lanterne."
"Cinder Ash","Cinder Ash","Cenere di Brace"
"Fine ash holding the strength of an unbroken vow.","Fine ash holding the strength of an unbroken vow.","Cenere fine che custodisce la forza di un voto mai infranto."
"Vow Silk","Vow Silk","Seta dei Voti"
"Dark monastery silk threaded with banked heat.","Dark monastery silk threaded with banked heat.","Seta scura del monastero intessuta di calore sopito."
"Abbot Seal","Abbot Seal","Sigillo dell'Abate"
"The final seal carried by the Ash Abbot, still warm with disciplined healing flame.","The final seal carried by the Ash Abbot, still warm with disciplined healing flame.","L'ultimo sigillo portato dall'Abate delle Ceneri, ancora caldo di una disciplinata fiamma guaritrice."
"Starglass Fragment","Starglass Fragment","Frammento di Vetrostellare"
"A sharp fragment of observatory lens glass.","A sharp fragment of observatory lens glass.","Un frammento affilato del vetro di una lente dell'osservatorio."
"Orbit Thread","Orbit Thread","Filo Orbitale"
"Weightless thread that curls around nearby objects.","Weightless thread that curls around nearby objects.","Filo senza peso che si avvolge attorno agli oggetti vicini."
"Astral Lens","Astral Lens","Lente Astrale"
"The intact focusing lens of the Glasswing Astromancer.","The intact focusing lens of the Glasswing Astromancer.","La lente di focalizzazione intatta dell'Astromante Alidivetro."
"Chimera Hide","Chimera Hide","Pelle di Chimera"
"Adaptive hide taken from the Umbral Menagerie.","Adaptive hide taken from the Umbral Menagerie.","Pelle adattiva proveniente dal Serraglio Umbratile."
"Umbral Sinew","Umbral Sinew","Tendine Umbratile"
"Shadow-dark tendon used for flexible equipment.","Shadow-dark tendon used for flexible equipment.","Tendine scuro come l'ombra usato per equipaggiamenti flessibili."
"Matron Eye","Matron Eye","Occhio della Matrona"
"A many-faceted eye from the Chimera Matron.","A many-faceted eye from the Chimera Matron.","Un occhio dalle molte sfaccettature della Matrona chimera."
"Crownless Steel","Crownless Steel","Acciaio Senza Corona"
"Blackened citadel steel that bears no crest.","Blackened citadel steel that bears no crest.","Acciaio annerito della cittadella privo di stemma."
"Black Banner Cloth","Black Banner Cloth","Stoffa dello Stendardo Nero"
"A strip of command banner that drinks reflected light.","A strip of command banner that drinks reflected light.","Una striscia di stendardo di comando che assorbe la luce riflessa."
"Regent Signet","Regent Signet","Sigillo del Reggente"
"The signet of a ruler whose throne stood empty.","The signet of a ruler whose throne stood empty.","Il sigillo di un sovrano il cui trono rimase vuoto."
"Heartwood","Heartwood","Durame"
"Living wood harvested without harming the Worldroot.","Living wood harvested without harming the Worldroot.","Legno vivente raccolto senza danneggiare la Radice del Mondo."
"Lifeblood Sap","Lifeblood Sap","Linfa Vitale"
"Powerful restorative sap from the Worldroot Heart.","Powerful restorative sap from the Worldroot Heart.","Potente linfa rigenerante del Cuore della Radice del Mondo."
"Keeper Flame","Keeper Flame","Fiamma del Custode"
"A preserved flame entrusted to the Heart's Custodian, used in masterwork healing relics.","A preserved flame entrusted to the Heart's Custodian, used in masterwork healing relics.","Una fiamma conservata e affidata al Custode del Cuore, usata in reliquie guaritrici di fattura magistrale."
"Lastlight Crystal","Lastlight Crystal","Cristallo di Ultimaluce"
"A bright crystal formed where eclipse and lantern light meet.","A bright crystal formed where eclipse and lantern light meet.","Un cristallo luminoso formato nel punto in cui si incontrano l'eclissi e la luce delle lanterne."
"Eclipse Thread","Eclipse Thread","Filo dell'Eclissi"
"A strand that alternates between perfect light and shadow.","A strand that alternates between perfect light and shadow.","Un filo che alterna luce perfetta e ombra."
"Hollow Star Shard","Hollow Star Shard","Frammento di Stella Vuota"
"A stable shard left by the defeated Hollow Star.","A stable shard left by the defeated Hollow Star.","Un frammento stabile lasciato dalla Stella Vuota sconfitta."
"Arcane Silt","Arcane Silt","Limo Arcano"
"Fine elemental sediment gathered in the Elemental Depths.","Fine elemental sediment gathered in the Elemental Depths.","Fine sedimento elementale raccolto nelle Profondità Elementali."
"Gleamwater","Gleamwater","Acquafulgida"
"Liquid radiance condensed from the Depths' drifting mist.","Liquid radiance condensed from the Depths' drifting mist.","Luminosità liquida condensata dalla nebbia errante delle Profondità."
"Mycelial Cord","Mycelial Cord","Cordone miceliale"
"A tough fungal cord pulled from the Ironroot Warrens.","A tough fungal cord pulled from the Ironroot Warrens.","Un robusto cordone fungino estratto dai Cunicoli di Radiceferrea."
"Ferric Root","Ferric Root","Radice Ferrosa"
"A metal-rich root grown through the warrens' iron seams.","A metal-rich root grown through the warrens' iron seams.","Una radice ricca di metallo cresciuta nelle vene ferrose dei cunicoli."
"Coral Rivet","Coral Rivet","Rivetto di Corallo"
"A naturally hardened coral fastener from the Sunken Causeway.","A naturally hardened coral fastener from the Sunken Causeway.","Un fissaggio di corallo indurito naturalmente proveniente dalla Strada Sommersa."
"Deepwater Oil","Deepwater Oil","Olio degli Abissi"
"Dense waterproof oil gathered from drowned machinery.","Dense waterproof oil gathered from drowned machinery.","Denso olio impermeabile raccolto da macchinari sommersi."
"Sootglass","Sootglass","Vetrofuliggine"
"Black glass condensed from the Lantern Vault's hungry smoke.","Black glass condensed from the Lantern Vault's hungry smoke.","Vetro nero condensato dal fumo famelico della Cripta della Lanterna."
"Vault Ember","Vault Ember","Brace della Cripta"
"A controlled ember preserved inside the sealed Lantern Vault.","A controlled ember preserved inside the sealed Lantern Vault.","Una brace controllata conservata nella Cripta della Lanterna sigillata."
"Prayer Bead","Prayer Bead","Grano da Preghiera"
"A heat-darkened bead carried through countless monastery vows.","A heat-darkened bead carried through countless monastery vows.","Un grano annerito dal calore, portato attraverso innumerevoli voti del monastero."
"Ember Ink","Ember Ink","Inchiostro di Brace"
"Fireproof ink used to write binding vows on equipment.","Fireproof ink used to write binding vows on equipment.","Inchiostro ignifugo usato per scrivere voti vincolanti sull'equipaggiamento."
"Meteor Dust","Meteor Dust","Polvere Meteorica"
"Fine celestial dust shaken loose from shattered instruments.","Fine celestial dust shaken loose from shattered instruments.","Fine polvere celeste liberata da strumenti infranti."
"Aether Lens Shard","Aether Lens Shard","Scheggia di Lente d'Etere"
"A weightless lens fragment that bends magical currents.","A weightless lens fragment that bends magical currents.","Un frammento di lente senza peso che piega le correnti magiche."
"Bone Mosaic","Bone Mosaic","Mosaico d'Ossa"
"Compatible chimera bone plates naturally locked together.","Compatible chimera bone plates naturally locked together.","Piastre ossee di chimera compatibili, incastrate naturalmente tra loro."
"Shadow Gland","Shadow Gland","Ghiandola d'Ombra"
"An umbral organ that secretes flexible living shadow.","An umbral organ that secretes flexible living shadow.","Un organo umbratile che secerne ombra vivente e flessibile."
"Regal Rivet","Regal Rivet","Rivetto Regale"
"An unmarked citadel fastener made for crownless armor.","An unmarked citadel fastener made for crownless armor.","Un fissaggio della cittadella senza marchi, creato per armature prive di corona."
"Null Wax","Null Wax","Cera del Nulla"
"Light-drinking wax used to seal the Crownless Citadel's banners.","Light-drinking wax used to seal the Crownless Citadel's banners.","Cera che assorbe la luce, usata per sigillare gli stendardi della Cittadella Senza Corona."
"Veinleaf","Veinleaf","Foglia Venata"
"A living leaf threaded with resilient sap veins.","A living leaf threaded with resilient sap veins.","Una foglia vivente attraversata da resistenti vene di linfa."
"Root Amber","Root Amber","Ambra di Radice"
"Ancient Worldroot resin hardened into warm amber.","Ancient Worldroot resin hardened into warm amber.","Antica resina della Radice del Mondo indurita in calda ambra."
"Dawn Ash","Dawn Ash","Cenere dell'Alba"
"Pale ash left where first light touches the eclipse.","Pale ash left where first light touches the eclipse.","Cenere pallida lasciata dove la prima luce tocca l'eclissi."
"Void Filament","Void Filament","Filamento del Vuoto"
"A stable strand drawn from the edge of the Hollow Star.","A stable strand drawn from the edge of the Hollow Star.","Un filo stabile estratto dal margine della Stella Vuota."
"Prismsteel Blank","Prismsteel Blank","Grezzo di acciaio prismatico"
"Prism and silt fused into rigid tier 2 stock.","Prism and silt fused into rigid tier 2 stock.","Prisma e limo fusi in un semilavorato rigido di grado 2."
"Mistweave Coil","Mistweave Coil","Bobina di trama di nebbia"
"Mist and gleamwater spun into flexible tier 2 stock.","Mist and gleamwater spun into flexible tier 2 stock.","Nebbia e Acquafulgida filate in un semilavorato flessibile di grado 2."
"Rootsteel Billet","Rootsteel Billet","Lingotto di Acciaioradice"
"Rootsteel and ferric root refined into rigid tier 4 stock.","Rootsteel and ferric root refined into rigid tier 4 stock.","Acciaioradice e Radice Ferrosa raffinati in un semilavorato rigido di grado 4."
"Sporeweave Lattice","Sporeweave Lattice","Reticolo di trama sporale"
"Spores and mycelial cord woven into flexible tier 4 stock.","Spores and mycelial cord woven into flexible tier 4 stock.","Spore e cordone miceliale intrecciati in un semilavorato flessibile di grado 4."
"Tideglass Weave","Tideglass Weave","Trama di Vetromarea"
"Tideglass and oil fused into rigid tier 5 stock.","Tideglass and oil fused into rigid tier 5 stock.","Vetromarea e olio fusi in un semilavorato rigido di grado 5."
"Brinebound Fitting","Brinebound Fitting","Giunto legato alla salamoia"
"Brinecloth and coral shaped into flexible tier 5 fittings.","Brinecloth and coral shaped into flexible tier 5 fittings.","Tessuto salmastro e corallo modellati in giunti flessibili di grado 5."
"Lanternforged Component","Lanternforged Component","Componente forgiato nella lanterna"
"Alloy and vault ember forged into rigid tier 6 stock.","Alloy and vault ember forged into rigid tier 6 stock.","Lega e brace della Volta forgiate in un semilavorato rigido di grado 6."
"Keeperlight Filament","Keeperlight Filament","Filamento di luce del Custode"
"Keeper wick and sootglass drawn into flexible tier 6 stock.","Keeper wick and sootglass drawn into flexible tier 6 stock.","Stoppino del Custode e vetro di fuliggine filati in un semilavorato flessibile di grado 6."
"Cindervow Binding","Cindervow Binding","Legatura del voto di cenere"
"Ash and prayer beads fused into rigid tier 7 bindings.","Ash and prayer beads fused into rigid tier 7 bindings.","Cenere e grani da preghiera fusi in legature rigide di grado 7."
"Vowscript Weave","Vowscript Weave","Trama del voto inciso"
"Vow silk inscribed with ember ink for flexible tier 7 stock.","Vow silk inscribed with ember ink for flexible tier 7 stock.","Seta del voto incisa con inchiostro di brace per un semilavorato flessibile di grado 7."
"Astral Assembly","Astral Assembly","Assemblaggio astrale"
"Starglass and meteor dust aligned into rigid tier 8 stock.","Starglass and meteor dust aligned into rigid tier 8 stock.","Vetrostellare e Polvere Meteorica allineati in un semilavorato rigido di grado 8."
"Orbitweave Lens","Orbitweave Lens","Lente a trama orbitale"
"Orbit thread and aether glass woven into flexible tier 8 stock.","Orbit thread and aether glass woven into flexible tier 8 stock.","Filo orbitale e vetro etereo intrecciati in un semilavorato flessibile di grado 8."
"Chimeric Matrix","Chimeric Matrix","Matrice chimerica"
"Hide and bone stabilized into rigid tier 9 stock.","Hide and bone stabilized into rigid tier 9 stock.","Pelle e ossa stabilizzate in un semilavorato rigido di grado 9."
"Umbral Tendon","Umbral Tendon","Tendine umbratile"
"Sinew and shadow gland braided into flexible tier 9 stock.","Sinew and shadow gland braided into flexible tier 9 stock.","Tendine e ghiandola d'ombra intrecciati in un semilavorato flessibile di grado 9."
"Crownless Fitting","Crownless Fitting","Giunto senza corona"
"Steel and regal rivets shaped into rigid tier 10 stock.","Steel and regal rivets shaped into rigid tier 10 stock.","Acciaio e rivetti regali modellati in un semilavorato rigido di grado 10."
"Bannerseal Weave","Bannerseal Weave","Trama sigillastendardo"
"Banner cloth sealed with null wax for flexible tier 10 stock.","Banner cloth sealed with null wax for flexible tier 10 stock.","Stoffa da stendardo sigillata con cera nulla per un semilavorato flessibile di grado 10."
"Living Heartframe","Living Heartframe","Intelaiatura vivente del cuore"
"Heartwood and amber grown into rigid tier 11 stock.","Heartwood and amber grown into rigid tier 11 stock.","Durame e ambra fatti crescere in un semilavorato rigido di grado 11."
"Lifeblood Weave","Lifeblood Weave","Trama di linfa vitale"
"Sap and veinleaf cultivated into flexible tier 11 stock.","Sap and veinleaf cultivated into flexible tier 11 stock.","Linfa e foglia venata coltivate in un semilavorato flessibile di grado 11."
"Eclipse Conduit","Eclipse Conduit","Condotto dell'eclissi"
"Lastlight and void filament balanced into rigid tier 12 stock.","Lastlight and void filament balanced into rigid tier 12 stock.","Ultimaluce e filamento del vuoto bilanciati in un semilavorato rigido di grado 12."
"Dawnshadow Weave","Dawnshadow Weave","Trama d'alba e ombra"
"Eclipse thread and dawn ash woven into flexible tier 12 stock.","Eclipse thread and dawn ash woven into flexible tier 12 stock.","Filo dell'eclissi e cenere dell'alba intrecciati in un semilavorato flessibile di grado 12."
"Gelweave Vest","Gelweave Vest","Gilet di trama gelatinosa"
"Light gelweave armor for agile starting heroes.","Light gelweave armor for agile starting heroes.","Armatura leggera di trama gelatinosa per eroi iniziali agili."
"Slime Lamellar","Slime Lamellar","Lamellare di slime"
"Layered gel plates with balanced defenses.","Layered gel plates with balanced defenses.","Piastre di gel a strati con difese equilibrate."
"Coreguard Plate","Coreguard Plate","Piastre guardanucleo"
"Heavy armor reinforced around hardened slime cores.","Heavy armor reinforced around hardened slime cores.","Armatura pesante rinforzata attorno a nuclei di slime induriti."
"Prism Blade","Prism Blade","Lama prismatica"
"A refractive melee weapon made in the Elemental Depths.","A refractive melee weapon made in the Elemental Depths.","Un'arma da mischia rifrangente creata nelle Profondità Elementali."
"Prism Bow","Prism Bow","Arco prismatico"
"A crystal bow that splits light around every arrow.","A crystal bow that splits light around every arrow.","Un arco di cristallo che divide la luce attorno a ogni freccia."
"Prism Staff","Prism Staff","Bastone prismatico"
"A mist-bound focus for refracted spells.","A mist-bound focus for refracted spells.","Un catalizzatore legato alla nebbia per incantesimi rifratti."
"Vapor Mantle","Vapor Mantle","Manto di vapore"
"A light mantle that blurs the wearer's outline.","A light mantle that blurs the wearer's outline.","Un manto leggero che sfuma i contorni di chi lo indossa."
"Crystal Mail","Crystal Mail","Cotta di cristallo"
"Balanced mail linked with small prism scales.","Balanced mail linked with small prism scales.","Una cotta equilibrata composta da piccole scaglie prismatiche."
"Geode Plate","Geode Plate","Piastre di geode"
"Heavy geode armor that resists blade and spell.","Heavy geode armor that resists blade and spell.","Pesante armatura di geode che resiste a lame e incantesimi."
"Rootsteel Saber","Rootsteel Saber","Sciabola di Acciaioradice"
"A living steel saber that flexes without losing its edge.","A living steel saber that flexes without losing its edge.","Una sciabola d'acciaio vivente che si flette senza perdere il filo."
"Rootsteel Repeater","Rootsteel Repeater","Ripetitore di Acciaioradice"
"A compact rootsteel ranged weapon with a spore-bound string.","A compact rootsteel ranged weapon with a spore-bound string.","Un'arma a distanza compatta di Acciaioradice con una corda legata da spore."
"Rootsteel Focus","Rootsteel Focus","Catalizzatore di Acciaioradice"
"A luminous rootsteel focus for controlled magic.","A luminous rootsteel focus for controlled magic.","Un catalizzatore luminoso di Acciaioradice per una magia controllata."
"Sporecloak","Sporecloak","Mantospora"
"A light living cloak that shifts around incoming attacks.","A light living cloak that shifts around incoming attacks.","Un mantello vivente e leggero che si sposta attorno agli attacchi in arrivo."
"Gearbark Coat","Gearbark Coat","Giacca a ingranaggi di corteccia"
"A medium coat of interlocking bark and rootsteel gears.","A medium coat of interlocking bark and rootsteel gears.","Una giacca media di corteccia a incastro e ingranaggi di Acciaioradice."
"Rootsteel Plate","Rootsteel Plate","Piastre di Acciaioradice"
"Heavy living plate that braces itself under impact.","Heavy living plate that braces itself under impact.","Pesanti piastre viventi che si irrigidiscono all'impatto."
"Tideglass Cutlass","Tideglass Cutlass","Falcione di Vetromarea"
"A sea-glass cutlass sharpened by constant current.","A sea-glass cutlass sharpened by constant current.","Un falcione di vetro marino affilato dalla corrente incessante."
"Tideglass Longbow","Tideglass Longbow","Arco lungo di Vetromarea"
"A brine-strung bow with a translucent tideglass frame.","A brine-strung bow with a translucent tideglass frame.","Un arco con corda salmastra e intelaiatura traslucida di Vetromarea."
"Tideglass Scepter","Tideglass Scepter","Scettro di Vetromarea"
"A smooth scepter that focuses magic like a deep current.","A smooth scepter that focuses magic like a deep current.","Uno scettro levigato che concentra la magia come una corrente profonda."
"Sprayrunner Wraps","Sprayrunner Wraps","Fasce cavalcaspruzzi"
"Light wraps made for sure footing on flooded stone.","Light wraps made for sure footing on flooded stone.","Fasce leggere create per mantenere saldo il passo sulla pietra allagata."
"Brine Mail","Brine Mail","Cotta salmastra"
"Balanced salt-mail suited to long battles.","Balanced salt-mail suited to long battles.","Una cotta salina equilibrata, adatta alle battaglie prolungate."
"Breakwater Plate","Breakwater Plate","Piastre frangiflutti"
"Heavy tideglass plate built to hold against repeated waves.","Heavy tideglass plate built to hold against repeated waves.","Pesanti piastre di Vetromarea costruite per resistere a ondate ripetute."
"Beacon Edge","Beacon Edge","Filo del faro"
"A lantern-alloy blade carrying a clear guiding flame.","A lantern-alloy blade carrying a clear guiding flame.","Una lama in lega della lanterna che porta una limpida fiamma guida."
"Beacon Arbalest","Beacon Arbalest","Arbalesta del faro"
"A compact arbalest sighted by keeper light.","A compact arbalest sighted by keeper light.","Un'arbalesta compatta dotata di un mirino di luce del Custode."
"Beacon Censer","Beacon Censer","Turibolo del faro"
"A golden censer that burns a steady magical wick.","A golden censer that burns a steady magical wick.","Un turibolo dorato che brucia uno stoppino magico costante."
"Lightkeeper Coat","Lightkeeper Coat","Giacca del Custode della Luce"
"A light coat lined with protective keeper wicks.","A light coat lined with protective keeper wicks.","Una giacca leggera foderata di stoppini protettivi del Custode."
"Signal Harness","Signal Harness","Imbracatura di segnalazione"
"Medium lantern-alloy armor built for a versatile partner.","Medium lantern-alloy armor built for a versatile partner.","Armatura media in lega della lanterna creata per un compagno versatile."
"Lantern Bulwark","Lantern Bulwark","Baluardo della lanterna"
"Heavy armor illuminated from within by a keeper flame.","Heavy armor illuminated from within by a keeper flame.","Armatura pesante illuminata dall'interno da una fiamma del Custode."
"Cindervow Brand","Cindervow Brand","Marchio del voto di cenere"
"A vow-etched blade with a banked ember edge.","A vow-etched blade with a banked ember edge.","Una lama incisa con un voto e dotata di un filo di brace sopita."
"Ashstring Bow","Ashstring Bow","Arco a corda di cenere"
"A dark bow strung with fireproof vow silk.","A dark bow strung with fireproof vow silk.","Un arco scuro con una corda di seta del voto ignifuga."
"Ember Psalm","Ember Psalm","Salmo di brace"
"A written flame that serves as a precise magical focus.","A written flame that serves as a precise magical focus.","Una fiamma scritta che funge da preciso catalizzatore magico."
"Cinderveil","Cinderveil","Velo di cenere"
"A light veil that scatters into ash around attacks.","A light veil that scatters into ash around attacks.","Un velo leggero che si disperde in cenere attorno agli attacchi."
"Vowkeeper Mail","Vowkeeper Mail","Cotta del Custode del Voto"
"Balanced monastery mail reinforced by unbroken vows.","Balanced monastery mail reinforced by unbroken vows.","Una cotta equilibrata del monastero rinforzata da voti mai infranti."
"Abbot's Plate","Abbot's Plate","Piastre dell'Abate"
"Heavy ash-black plate modeled after the Abbot's guard.","Heavy ash-black plate modeled after the Abbot's guard.","Pesanti piastre nere di cenere modellate sulla guardia dell'Abate."
"Comet Blade","Comet Blade","Lama cometa"
"A starglass blade shaped like a falling comet.","A starglass blade shaped like a falling comet.","Una lama di Vetrostellare dalla forma di una cometa cadente."
"Orbit Bow","Orbit Bow","Arco orbitale"
"A curved bow whose string follows a weightless orbit.","A curved bow whose string follows a weightless orbit.","Un arco ricurvo la cui corda segue un'orbita senza peso."
"Astrolabe Staff","Astrolabe Staff","Bastone astrolabio"
"A rotating starglass staff calibrated to distant lights.","A rotating starglass staff calibrated to distant lights.","Un bastone rotante di Vetrostellare calibrato su luci lontane."
"Cometweave Robe","Cometweave Robe","Veste a trama cometaria"
"A light robe woven with trailing orbit thread.","A light robe woven with trailing orbit thread.","Una veste leggera intessuta di filo orbitale strascicante."
"Orbit Mail","Orbit Mail","Cotta orbitale"
"Medium rings held in a protective moving orbit.","Medium rings held in a protective moving orbit.","Anelli medi mantenuti in un'orbita protettiva in movimento."
"Zenith Plate","Zenith Plate","Piastre dello zenit"
"Heavy observatory plate aligned to its wearer's center.","Heavy observatory plate aligned to its wearer's center.","Pesanti piastre dell'osservatorio allineate al centro di chi le indossa."
"Fangblade","Fangblade","Lama zannuta"
"An adaptive chimera-fang weapon for close combat.","An adaptive chimera-fang weapon for close combat.","Un'arma adattiva a zanna di chimera per il combattimento ravvicinato."
"Sinew Bow","Sinew Bow","Arco di tendine"
"A powerful bow made from living umbral sinew.","A powerful bow made from living umbral sinew.","Un potente arco ricavato da tendine umbratile vivente."
"Many-Eyed Focus","Many-Eyed Focus","Catalizzatore dai molti occhi"
"A many-faceted focus that watches every magical angle.","A many-faceted focus that watches every magical angle.","Un catalizzatore dalle molte sfaccettature che osserva ogni angolazione magica."
"Shadowhide","Shadowhide","Pelle d'ombra"
"Light adaptive hide that moves before the wearer does.","Light adaptive hide that moves before the wearer does.","Pelle adattiva leggera che si muove prima di chi la indossa."
"Chimera Scale","Chimera Scale","Scaglie di chimera"
"Medium armor combining several compatible hides.","Medium armor combining several compatible hides.","Armatura media che combina diverse pelli compatibili."
"Matron Carapace","Matron Carapace","Carapace della Matrona"
"Heavy layered carapace modeled after the Matron.","Heavy layered carapace modeled after the Matron.","Pesante carapace a strati modellato sulla Matrona."
"Regent's Edge","Regent's Edge","Filo del Reggente"
"A crownless steel blade bearing a deliberately empty crest.","A crownless steel blade bearing a deliberately empty crest.","Una lama d'acciaio senza corona che porta uno stemma volutamente vuoto."
"Black-Banner Bow","Black-Banner Bow","Arco dello stendardo nero"
"A citadel bow wrapped in light-drinking banner cloth.","A citadel bow wrapped in light-drinking banner cloth.","Un arco della cittadella avvolto in stoffa da stendardo che assorbe la luce."
"Empty Crown Staff","Empty Crown Staff","Bastone della corona vuota"
"A regal focus built around an open, crown-shaped frame.","A regal focus built around an open, crown-shaped frame.","Un catalizzatore regale costruito attorno a un'intelaiatura aperta a forma di corona."
"Bannerless Cloak","Bannerless Cloak","Mantello senza stendardo"
"A light command cloak stripped of every emblem.","A light command cloak stripped of every emblem.","Un leggero mantello di comando privato di ogni emblema."
"Regent Mail","Regent Mail","Cotta del Reggente"
"Balanced citadel mail suited to commanding the front.","Balanced citadel mail suited to commanding the front.","Una cotta equilibrata della cittadella, adatta a comandare la prima linea."
"Empty Throne Plate","Empty Throne Plate","Piastre del trono vuoto"
"Heavy black plate made for a throne that needs no wearer.","Heavy black plate made for a throne that needs no wearer.","Pesanti piastre nere create per un trono che non ha bisogno di chi lo occupi."
"Heartwood Cleaver","Heartwood Cleaver","Mannaia di durame"
"A living cleaver grown from carefully harvested heartwood.","A living cleaver grown from carefully harvested heartwood.","Una mannaia vivente cresciuta da durame raccolto con cura."
"Veinstring Bow","Veinstring Bow","Arco a corda venata"
"A heartwood bow tensioned by living sap-veins.","A heartwood bow tensioned by living sap-veins.","Un arco di durame teso da vene di linfa vivente."
"Lifesap Crook","Lifesap Crook","Pastorale di linfa vitale"
"A living crook that circulates magical lifeblood sap.","A living crook that circulates magical lifeblood sap.","Un pastorale vivente in cui circola magica linfa vitale."
"Veinleaf Mantle","Veinleaf Mantle","Manto di foglie venate"
"A light mantle of responsive leaves and living veins.","A light mantle of responsive leaves and living veins.","Un manto leggero di foglie reattive e vene viventi."
"Heartwood Mail","Heartwood Mail","Cotta di durame"
"Medium living mail that redistributes impact through roots.","Medium living mail that redistributes impact through roots.","Una cotta vivente media che ridistribuisce gli impatti attraverso le radici."
"Worldroot Plate","Worldroot Plate","Piastre della Radice del Mondo"
"Heavy armor grown from the densest harmless heartwood.","Heavy armor grown from the densest harmless heartwood.","Armatura pesante cresciuta dal durame innocuo più denso."
"Dawnfall Blade","Dawnfall Blade","Lama dell'Alba Cadente"
"A lastlight blade balanced between dawn and eclipse.","A lastlight blade balanced between dawn and eclipse.","Una lama di Ultimaluce in equilibrio tra alba ed eclissi."
"Eclipse Bow","Eclipse Bow","Arco dell'eclissi"
"A final bow strung with alternating light and shadow.","A final bow strung with alternating light and shadow.","Un arco definitivo con una corda di luce e ombra alternate."
"Last Lantern","Last Lantern","Ultima Lanterna"
"A keeper lantern refined into the campaign's strongest magical focus.","A keeper lantern refined into the campaign's strongest magical focus.","Una lanterna del Custode raffinata nel più potente catalizzatore magico della campagna."
"Lastlight Shroud","Lastlight Shroud","Sudario di Ultimaluce"
"A light shroud that vanishes into the edge of illumination.","A light shroud that vanishes into the edge of illumination.","Un sudario leggero che svanisce sul confine della luce."
"Eclipse Mail","Eclipse Mail","Cotta dell'eclissi"
"Balanced mail linked from lastlight and eclipse crystal.","Balanced mail linked from lastlight and eclipse crystal.","Una cotta equilibrata composta da cristalli di Ultimaluce e dell'eclissi."
"Dawnwall Plate","Dawnwall Plate","Piastre del muro dell'alba"
"The heaviest lastlight plate, bright enough to define its own horizon.","The heaviest lastlight plate, bright enough to define its own horizon.","Le più pesanti piastre di Ultimaluce, tanto luminose da delineare il proprio orizzonte."
"Prismheart Bulwark","Prismheart Bulwark","Baluardo del cuore prismatico"
"A geode brooch whose layered crystal heart rewards guardians who hold enemy attention.","A geode brooch whose layered crystal heart rewards guardians who hold enemy attention.","Una spilla di geode il cui cuore di cristallo stratificato ricompensa i guardiani che attirano l'attenzione dei nemici."
"Prismfang Pendant","Prismfang Pendant","Pendente zanna prismatica"
"A razor-cut prism pendant made for heroes of any discipline who turn precision into decisive damage.","A razor-cut prism pendant made for heroes of any discipline who turn precision into decisive damage.","Un pendente prismatico affilato come un rasoio, creato per eroi di ogni disciplina che trasformano la precisione in danni decisivi."
"Mistweaver Charm","Mistweaver Charm","Amuleto tessinebbia"
"A mist-bound crystal charm that steadies restorative magic and deepens its bearer's reserves.","A mist-bound crystal charm that steadies restorative magic and deepens its bearer's reserves.","Un amuleto di cristallo legato alla nebbia che stabilizza la magia rigenerante e approfondisce le riserve di chi lo porta."
"Rootsteel Aegis","Rootsteel Aegis","Egida di Acciaioradice"
"A living rootsteel badge that braces its bearer whenever the enemy line closes in.","A living rootsteel badge that braces its bearer whenever the enemy line closes in.","Un distintivo vivente di Acciaioradice che sostiene chi lo porta quando le linee nemiche si avvicinano."
"Sporefang Pendant","Sporefang Pendant","Pendente zanna sporale"
"A keen rootsteel fang fed by luminous spores, tuned for relentless offense.","A keen rootsteel fang fed by luminous spores, tuned for relentless offense.","Un'affilata zanna di Acciaioradice nutrita da spore luminose, accordata per un'offensiva incessante."
"Rootmind Talisman","Rootmind Talisman","Talismano della Mente Radice"
"A patterned living-metal talisman that links insight, steady recovery, and deep reserves.","A patterned living-metal talisman that links insight, steady recovery, and deep reserves.","Un talismano intarsiato di metallo vivente che unisce intuito, recupero costante e riserve profonde."
"Rootbound Almanac","Rootbound Almanac","Almanacco vincolato alle radici"
"A living field journal that turns every hard-won encounter into lasting insight.","A living field journal that turns every hard-won encounter into lasting insight.","Un diario da campo vivente che trasforma ogni scontro duramente vinto in conoscenza duratura."
"Beacon Bulwark","Beacon Bulwark","Baluardo del faro"
"A heavy lantern-alloy badge whose steadfast flame marks an unyielding frontline.","A heavy lantern-alloy badge whose steadfast flame marks an unyielding frontline.","Un pesante distintivo in lega della lanterna la cui fiamma salda contraddistingue una prima linea inflessibile."
"Flamepoint Pendant","Flamepoint Pendant","Pendente punta di fiamma"
"A concentrated beacon flame set in a cutting pendant for aggressive damage specialists.","A concentrated beacon flame set in a cutting pendant for aggressive damage specialists.","Una fiamma di faro concentrata in un pendente tagliente per specialisti del danno aggressivi."
"Keeper's Censer","Keeper's Censer","Turibolo del Custode"
"A tiny golden censer whose warm light nurtures exhausted allies through the longest battles.","A tiny golden censer whose warm light nurtures exhausted allies through the longest battles.","Un piccolo turibolo dorato la cui luce calda rinvigorisce gli alleati esausti nelle battaglie più lunghe."
"Orbitguard Astrolabe","Orbitguard Astrolabe","Astrolabio guardia orbitale"
"A defensive astrolabe whose starglass rings turn in anticipation of every incoming blow.","A defensive astrolabe whose starglass rings turn in anticipation of every incoming blow.","Un astrolabio difensivo i cui anelli di Vetrostellare ruotano anticipando ogni colpo in arrivo."
"Cometfang Pendant","Cometfang Pendant","Pendente zanna cometaria"
"A falling-star pendant aligned to reward fast, forceful attacks.","A falling-star pendant aligned to reward fast, forceful attacks.","Un pendente a stella cadente allineato per ricompensare attacchi rapidi e potenti."
"Starweaver Lens","Starweaver Lens","Lente tessistelle"
"An orbit-thread lens that reveals every ally's clearest path to recovery.","An orbit-thread lens that reveals every ally's clearest path to recovery.","Una lente di filo orbitale che rivela a ogni alleato la via più chiara verso il recupero."
"Astral Wayfinder","Astral Wayfinder","Segnavia astrale"
"A celestial medallion whose turning paths reveal lessons hidden in every victory.","A celestial medallion whose turning paths reveal lessons hidden in every victory.","Un medaglione celeste i cui percorsi rotanti rivelano gli insegnamenti nascosti in ogni vittoria."
"Crownless Bulwark","Crownless Bulwark","Baluardo senza corona"
"A black-steel signet of command built for heroes who must endure the whole enemy court.","A black-steel signet of command built for heroes who must endure the whole enemy court.","Un sigillo di comando in acciaio nero, creato per eroi che devono resistere all'intera corte nemica."
"Regent's Fang","Regent's Fang","Zanna del Reggente"
"A severe black-steel pendant that turns disciplined pressure into lethal openings.","A severe black-steel pendant that turns disciplined pressure into lethal openings.","Un austero pendente d'acciaio nero che trasforma la pressione disciplinata in aperture letali."
"Empty Crown Talisman","Empty Crown Talisman","Talismano della corona vuota"
"An empty crown wrapped in banner cloth, devoted wholly to the court it restores.","An empty crown wrapped in banner cloth, devoted wholly to the court it restores.","Una corona vuota avvolta in stoffa da stendardo, interamente devota alla corte che risana."
"Dawnwall Signet","Dawnwall Signet","Sigillo del muro dell'alba"
"A signet balanced between dawn and eclipse, forged for the hero who stands when all roads end.","A signet balanced between dawn and eclipse, forged for the hero who stands when all roads end.","Un sigillo in equilibrio tra alba ed eclissi, forgiato per l'eroe che resta in piedi quando ogni strada finisce."
"Eclipse Edge Pendant","Eclipse Edge Pendant","Pendente filo dell'eclissi"
"A dawn-bright edge crossing an eclipse-dark jewel, made for the campaign's finest damage dealers.","A dawn-bright edge crossing an eclipse-dark jewel, made for the campaign's finest damage dealers.","Un filo luminoso come l'alba attraversa un gioiello scuro come l'eclissi, creato per i migliori assalitori della campagna."
"Lastlight Reliquary","Lastlight Reliquary","Reliquiario di Ultimaluce"
"A final lantern in miniature that keeps failing allies on their feet beneath the last light.","A final lantern in miniature that keeps failing allies on their feet beneath the last light.","Un'ultima lanterna in miniatura che mantiene in piedi gli alleati in difficoltà sotto l'ultima luce."
"Lastlight Chronicle","Lastlight Chronicle","Cronaca di Ultimaluce"
"A sealed chronicle that preserves the meaning of every road walked beneath the last light.","A sealed chronicle that preserves the meaning of every road walked beneath the last light.","Una cronaca sigillata che conserva il significato di ogni strada percorsa sotto l'ultima luce."
"Grovewell Locket","Grovewell Locket","Medaglione della fonte del bosco"
"A living-root locket whose warm inner well magnifies restorative magic without sharpening attacks.","A living-root locket whose warm inner well magnifies restorative magic without sharpening attacks.","Un medaglione di radici viventi la cui calda fonte interiore amplifica la magia rigenerante senza potenziare gli attacchi."
"Cindervow Rosary","Cindervow Rosary","Rosario del voto di cenere"
"A solemn ring of prayer beads that turns the monastery's banked flame toward sustained recovery.","A solemn ring of prayer beads that turns the monastery's banked flame toward sustained recovery.","Un solenne anello di grani da preghiera che indirizza la fiamma sopita del monastero verso una guarigione duratura."
"Worldheart Reliquary","Worldheart Reliquary","Reliquiario del cuore del mondo"
"An ancient heartwood reliquary that pours the Worldroot's deepest vitality into every healing act.","An ancient heartwood reliquary that pours the Worldroot's deepest vitality into every healing act.","Un antico reliquiario di durame che riversa la vitalità più profonda della Radice del Mondo in ogni atto di guarigione."
"Wardenroot Aegis","Wardenroot Aegis","Egida della radice guardiana"
"A plated ironbark ward grown by the forest's warden to shelter the front line.","A plated ironbark ward grown by the forest's warden to shelter the front line.","Una protezione corazzata di corteccia ferrosa cresciuta dal guardiano della foresta per riparare la prima linea."
"Ironthorn Pendant","Ironthorn Pendant","Pendente spinaferro"
"A barbed ironwood thorn honed to reward every decisive strike.","A barbed ironwood thorn honed to reward every decisive strike.","Una spina uncinata di legno ferroso affilata per premiare ogni colpo decisivo."
"Vowkeeper Bulwark","Vowkeeper Bulwark","Baluardo del custode dei voti"
"A monastery seal of banked flame carried by those who swear to stand unbroken.","A monastery seal of banked flame carried by those who swear to stand unbroken.","Un sigillo monastico di fiamma custodita, portato da chi giura di restare saldo."
"Emberfang Pendant","Emberfang Pendant","Pendente zanna di brace"
"A vow-forged ember fang that turns disciplined fury into cutting force.","A vow-forged ember fang that turns disciplined fury into cutting force.","Una zanna di brace forgiata dai voti che trasforma la furia disciplinata in forza tagliente."
"Worldroot Bulwark","Worldroot Bulwark","Baluardo della Radice del Mondo"
"A living heartwood crest whose deep roots hold the bearer fast against any tide.","A living heartwood crest whose deep roots hold the bearer fast against any tide.","Uno stemma di durame vivente le cui radici profonde ancorano chi lo porta contro ogni marea."
"Heartpiercer Pendant","Heartpiercer Pendant","Pendente perforacuore"
"A heartwood point sharpened on the Worldroot's oldest ring, made to end long battles.","A heartwood point sharpened on the Worldroot's oldest ring, made to end long battles.","Una punta di durame affilata sull'anello più antico della Radice del Mondo, fatta per chiudere le lunghe battaglie."
"Gelweave Striker","Gelweave Striker","Gelweave d'assalto"
"Gelweave cut for forward pressure instead of slipping away.","Gelweave cut for forward pressure instead of slipping away.","Gelweave tagliato per la pressione in avanti invece che per sgusciare via."
"Slime Warplates","Slime Warplates","Piastre da guerra di slime"
"Gel plates rebalanced to trade cover for counterweight.","Gel plates rebalanced to trade cover for counterweight.","Piastre di gel ribilanciate per scambiare copertura con contrappeso."
"Coreguard Warplate","Coreguard Warplate","Corazza da guerra guardanucleo"
"Core-hardened plate ground into an aggressive edge.","Core-hardened plate ground into an aggressive edge.","Piastra temprata dal nucleo molata in un filo aggressivo."
"Vapor Wardmantle","Vapor Wardmantle","Manto protettivo di vapore"
"A condensed mantle that thickens mist into a steady guard.","A condensed mantle that thickens mist into a steady guard.","Un manto condensato che addensa la nebbia in una guardia costante."
"Crystal Strikemail","Crystal Strikemail","Maglia d'assalto di cristallo"
"Prism mail refaceted so every scale cuts back.","Prism mail refaceted so every scale cuts back.","Maglia prismatica risfaccettata perché ogni scaglia risponda al colpo."
"Geode Warplate","Geode Warplate","Corazza da guerra di geode"
"Heavy geode armor split to bare its sharpest crystal.","Heavy geode armor split to bare its sharpest crystal.","Pesante armatura di geode spaccata per esporre il suo cristallo più affilato."
"Ranger Wardleather","Ranger Wardleather","Cuoio protettivo da ranger"
"Cured leather doubled at every seam for patient scouts.","Cured leather doubled at every seam for patient scouts.","Cuoio conciato raddoppiato a ogni cucitura per esploratori pazienti."
"Ironbark Guardplate","Ironbark Guardplate","Piastra di guardia di corteccia ferrosa"
"Brigandine rebuilt with full ironbark facing.","Brigandine rebuilt with full ironbark facing.","Brigantina ricostruita con rivestimento completo di corteccia ferrosa."
"Rootforged Warplate","Rootforged Warplate","Corazza da guerra radiciforgiata"
"Bog iron plate forged around thorn-spiked knuckles.","Bog iron plate forged around thorn-spiked knuckles.","Piastra di ferro di palude forgiata attorno a nocche spinate."
"Sporeward Cloak","Sporeward Cloak","Mantello sporoprotettivo"
"A living cloak grown dense enough to blunt what it cannot dodge.","A living cloak grown dense enough to blunt what it cannot dodge.","Un mantello vivente cresciuto abbastanza denso da attutire ciò che non può schivare."
"Gearbark Wardcoat","Gearbark Wardcoat","Cappotto protettivo di ingracorteccia"
"A gearbark coat with its teeth turned inward to brace the wearer.","A gearbark coat with its teeth turned inward to brace the wearer.","Un cappotto di ingracorteccia con i denti rivolti all'interno per sostenere chi lo indossa."
"Rootsteel Warplate","Rootsteel Warplate","Corazza da guerra di Acciaioradice"
"Living plate that lunges with its wearer instead of bracing.","Living plate that lunges with its wearer instead of bracing.","Piastra vivente che affonda insieme a chi la indossa invece di arroccarsi."
"Sprayguard Wraps","Sprayguard Wraps","Fasce guardaspruzzo"
"Flood-stone wraps packed with brine felt for hard landings.","Flood-stone wraps packed with brine felt for hard landings.","Fasce da pietra sommersa imbottite di feltro salmastro per gli impatti più duri."
"Brine Wardmail","Brine Wardmail","Maglia protettiva salmastra"
"Tideglass mail sealed link by link against the deep current.","Tideglass mail sealed link by link against the deep current.","Maglia di Vetromarea sigillata anello per anello contro la corrente profonda."
"Breakwater Warplate","Breakwater Warplate","Corazza da guerra frangiflutti"
"Seawall plate recast to ram as hard as it holds.","Seawall plate recast to ram as hard as it holds.","Piastra da diga rifusa per speronare con la stessa forza con cui resiste."
"Lightkeeper Wardcoat","Lightkeeper Wardcoat","Cappotto protettivo del guardiano della luce"
"A keeper's coat lined with lantern alloy against the dark.","A keeper's coat lined with lantern alloy against the dark.","Un cappotto da custode foderato di lega della lanterna contro il buio."
"Signal Wardharness","Signal Wardharness","Imbracatura protettiva di segnalazione"
"A signal harness plated to survive the vault's answer.","A signal harness plated to survive the vault's answer.","Un'imbracatura di segnalazione placcata per sopravvivere alla risposta del caveau."
"Lantern Vanguard","Lantern Vanguard","Avanguardia della lanterna"
"Bulwark alloy re-forged to carry the flame into the line.","Bulwark alloy re-forged to carry the flame into the line.","Lega da baluardo riforgiata per portare la fiamma in prima linea."
"Cinderward Veil","Cinderward Veil","Velo guardacenere"
"A monastery veil quilted with ash to smother stray flame.","A monastery veil quilted with ash to smother stray flame.","Un velo monastico trapuntato di cenere per soffocare le fiamme vaganti."
"Vowkeeper Wardmail","Vowkeeper Wardmail","Maglia protettiva del custode dei voti"
"Vow-bound mail annealed until nothing written can break.","Vow-bound mail annealed until nothing written can break.","Maglia legata dai voti ricotta finché nulla di scritto possa spezzarsi."
"Abbot's Warplate","Abbot's Warplate","Corazza da guerra dell'abate"
"The abbot's plate re-tempered for the vow that strikes first.","The abbot's plate re-tempered for the vow that strikes first.","La piastra dell'abate ritemprata per il voto che colpisce per primo."
"Cometward Robe","Cometward Robe","Veste guardacometa"
"An observatory robe woven to deflect falling light.","An observatory robe woven to deflect falling light.","Una veste da osservatorio tessuta per deviare la luce che cade."
"Orbit Wardmail","Orbit Wardmail","Maglia protettiva orbitale"
"Orbit mail with its rings locked into a guarding lattice.","Orbit mail with its rings locked into a guarding lattice.","Maglia orbitale con gli anelli bloccati in un reticolo di guardia."
"Zenith Warplate","Zenith Warplate","Corazza da guerra dello zenit"
"Zenith plate angled so every star sight becomes a strike.","Zenith plate angled so every star sight becomes a strike.","Piastra dello zenit angolata perché ogni mira stellare diventi un colpo."
"Shadowward Hide","Shadowward Hide","Pelle guardaombra"
"Chimera hide layered until shadow itself holds the line.","Chimera hide layered until shadow itself holds the line.","Pelle di chimera stratificata finché l'ombra stessa non tiene la linea."
"Chimera Wardscale","Chimera Wardscale","Scaglia protettiva di chimera"
"Adaptive scale grown thick against every answer at once.","Adaptive scale grown thick against every answer at once.","Scaglia adattiva cresciuta spessa contro ogni risposta insieme."
"Matron Spikeshell","Matron Spikeshell","Guscio spinato della matrona"
"The matron's carapace regrown with forward-facing spines.","The matron's carapace regrown with forward-facing spines.","Il carapace della matrona ricresciuto con spine rivolte in avanti."
"Bannerless Wardcloak","Bannerless Wardcloak","Mantello protettivo senza stendardo"
"A crownless cloak hung with light-drinking banner weight.","A crownless cloak hung with light-drinking banner weight.","Un mantello senza corona appesantito da stendardi che bevono la luce."
"Regent Wardmail","Regent Wardmail","Maglia protettiva del reggente"
"Command mail closed rank by rank around its bearer.","Command mail closed rank by rank around its bearer.","Maglia di comando serrata rango dopo rango attorno a chi la porta."
"Empty Throne Warplate","Empty Throne Warplate","Corazza da guerra del trono vuoto"
"Throne-steel plate honed for a ruler who leads the charge.","Throne-steel plate honed for a ruler who leads the charge.","Piastra d'acciaio del trono affilata per un sovrano che guida la carica."
"Veinleaf Wardmantle","Veinleaf Wardmantle","Manto protettivo di venafoglia"
"Living veinleaf laid in double courses over the heart.","Living veinleaf laid in double courses over the heart.","Venafoglia vivente posata in doppi strati sopra il cuore."
"Heartwood Wardmail","Heartwood Wardmail","Maglia protettiva di durame"
"Heartwood mail grown closed like an old forest wall.","Heartwood mail grown closed like an old forest wall.","Maglia di durame cresciuta chiusa come un antico muro di foresta."
"Worldroot Warplate","Worldroot Warplate","Corazza da guerra della Radice del Mondo"
"Worldroot plate that swings with the weight of the deep earth.","Worldroot plate that swings with the weight of the deep earth.","Piastra della Radice del Mondo che colpisce con il peso della terra profonda."
"Lastlight Wardshroud","Lastlight Wardshroud","Sudario protettivo di Ultimaluce"
"A shroud that holds the last light close as armor.","A shroud that holds the last light close as armor.","Un sudario che stringe l'ultima luce come un'armatura."
"Eclipse Wardmail","Eclipse Wardmail","Maglia protettiva dell'eclissi"
"Eclipse mail closed into an unbroken dark-and-dawn ring.","Eclipse mail closed into an unbroken dark-and-dawn ring.","Maglia dell'eclissi chiusa in un anello ininterrotto di buio e alba."
"Dawnbreak Warplate","Dawnbreak Warplate","Corazza da guerra dell'alba"
"Dawnwall plate reforged to end the long night on the front foot.","Dawnwall plate reforged to end the long night on the front foot.","Piastra del muro dell'alba riforgiata per chiudere la lunga notte all'attacco."
"Slimy Fang","Slimy Fang","Zanna di slime"
"A gel blade drawn to a point that finds the seam every time.","A gel blade drawn to a point that finds the seam every time.","Una lama di gel tirata in una punta che trova sempre la giuntura."
"Slimy Piercer","Slimy Piercer","Perforatore di slime"
"A slime-strung bow tuned for the one shot that matters.","A slime-strung bow tuned for the one shot that matters.","Un arco teso a slime accordato per l'unico tiro che conta."
"Slimy Needle","Slimy Needle","Ago di slime"
"A thin gel focus that concentrates magic into sudden spikes.","A thin gel focus that concentrates magic into sudden spikes.","Un sottile focalizzatore di gel che concentra la magia in picchi improvvisi."
"Prism Fang","Prism Fang","Zanna prismatica"
"A prism edge cut to split light and armor alike at the weak point.","A prism edge cut to split light and armor alike at the weak point.","Un filo prismatico tagliato per spaccare luce e armatura nel punto debole."
"Prism Piercer","Prism Piercer","Perforatore prismatico"
"A crystal bow that bends every arrow toward the opening.","A crystal bow that bends every arrow toward the opening.","Un arco di cristallo che curva ogni freccia verso il varco."
"Prism Needle","Prism Needle","Ago prismatico"
"A narrow prism focus that lances refracted power through one point.","A narrow prism focus that lances refracted power through one point.","Uno stretto focalizzatore prismatico che scaglia potere rifratto in un solo punto."
"Ironbark Fang","Ironbark Fang","Zanna di corteccia ferrosa"
"A bog-iron point hardened for the strike between the plates.","A bog-iron point hardened for the strike between the plates.","Una punta di ferro di palude temprata per il colpo tra le piastre."
"Thornwood Piercer","Thornwood Piercer","Perforatore di spinolegno"
"A thorn-tipped bow that rewards the patient, perfect release.","A thorn-tipped bow that rewards the patient, perfect release.","Un arco dalla punta spinata che premia il rilascio paziente e perfetto."
"Groveheart Needle","Groveheart Needle","Ago cuorbosco"
"A living sliver that drives resin-stored magic deep on a lucky pulse.","A living sliver that drives resin-stored magic deep on a lucky pulse.","Una scheggia vivente che affonda la magia della resina con un battito fortunato."
"Rootsteel Fang","Rootsteel Fang","Zanna di Acciaioradice"
"Living steel drawn thin enough to slip past any guard.","Living steel drawn thin enough to slip past any guard.","Acciaio vivente tirato tanto sottile da superare ogni guardia."
"Rootsteel Piercer","Rootsteel Piercer","Perforatore di Acciaioradice"
"A compact repeater sighted for the gap in the armor.","A compact repeater sighted for the gap in the armor.","Un ripetitore compatto mirato alla fessura nell'armatura."
"Rootsteel Needle","Rootsteel Needle","Ago di Acciaioradice"
"A luminous rootsteel point that spikes controlled magic without warning.","A luminous rootsteel point that spikes controlled magic without warning.","Una punta luminosa di Acciaioradice che scarica magia controllata senza preavviso."
"Tideglass Fang","Tideglass Fang","Zanna di Vetromarea"
"Sea glass honed by current into a merciless sliver.","Sea glass honed by current into a merciless sliver.","Vetro marino affilato dalla corrente in una scheggia spietata."
"Tideglass Piercer","Tideglass Piercer","Perforatore di Vetromarea"
"A brine-strung bow whose arrows strike like a breaking wave's edge.","A brine-strung bow whose arrows strike like a breaking wave's edge.","Un arco teso in salamoia le cui frecce colpiscono come il filo di un'onda che si infrange."
"Tideglass Needle","Tideglass Needle","Ago di Vetromarea"
"A smooth glass point that focuses deep pressure into one surge.","A smooth glass point that focuses deep pressure into one surge.","Una punta di vetro levigato che concentra la pressione degli abissi in un'unica ondata."
"Beacon Fang","Beacon Fang","Zanna del faro"
"A lantern-alloy edge that flares hottest on the decisive cut.","A lantern-alloy edge that flares hottest on the decisive cut.","Un filo in lega della lanterna che divampa più forte sul taglio decisivo."
"Beacon Piercer","Beacon Piercer","Perforatore del faro"
"An arbalest whose bolt burns brightest at the perfect mark.","An arbalest whose bolt burns brightest at the perfect mark.","Una balestra il cui dardo brucia più luminoso sul bersaglio perfetto."
"Beacon Needle","Beacon Needle","Ago del faro"
"A golden point that condenses keeper-light into piercing flashes.","A golden point that condenses keeper-light into piercing flashes.","Una punta dorata che condensa la luce del custode in lampi perforanti."
"Cindervow Fang","Cindervow Fang","Zanna del voto di cenere"
"A vow-forged point that saves its banked heat for the opening.","A vow-forged point that saves its banked heat for the opening.","Una punta forgiata dai voti che riserva il suo calore sopito per il varco."
"Ashstring Piercer","Ashstring Piercer","Perforatore cordacenere"
"An ash-strung bow that spends every ember on the perfect shot.","An ash-strung bow that spends every ember on the perfect shot.","Un arco teso a cenere che spende ogni brace nel tiro perfetto."
"Ember Needle","Ember Needle","Ago di brace"
"A monastery stylus that writes its vow in single burning strokes.","A monastery stylus that writes its vow in single burning strokes.","Uno stilo monastico che scrive il suo voto in singoli tratti ardenti."
"Comet Fang","Comet Fang","Zanna cometaria"
"A falling-star edge that lands hardest where it is least expected.","A falling-star edge that lands hardest where it is least expected.","Un filo di stella cadente che colpisce più duro dove meno lo si attende."
"Orbit Piercer","Orbit Piercer","Perforatore orbitale"
"A bow whose orbit-thread string finds the same fatal arc each time.","A bow whose orbit-thread string finds the same fatal arc each time.","Un arco la cui corda di filo orbitale ritrova ogni volta lo stesso arco fatale."
"Astrolabe Needle","Astrolabe Needle","Ago astrolabio"
"A star-sighted point that waits for the alignment, then strikes.","A star-sighted point that waits for the alignment, then strikes.","Una punta mirata alle stelle che attende l'allineamento, poi colpisce."
"Umbral Fang","Umbral Fang","Zanna umbratile"
"A chimera fang that strikes from the shadow of every swing.","A chimera fang that strikes from the shadow of every swing.","Una zanna di chimera che colpisce dall'ombra di ogni fendente."
"Sinew Piercer","Sinew Piercer","Perforatore di tendine"
"A sinew bow drawn to the exact weight of a killing shot.","A sinew bow drawn to the exact weight of a killing shot.","Un arco di tendine teso all'esatto peso del tiro letale."
"Many-Eyed Needle","Many-Eyed Needle","Ago dai molti occhi"
"A focus of many eyes that all close on the same weak point.","A focus of many eyes that all close on the same weak point.","Un focalizzatore dai molti occhi che si chiudono tutti sullo stesso punto debole."
"Crownless Fang","Crownless Fang","Zanna senza corona"
"Black steel honed for the stroke that ends a court's argument.","Black steel honed for the stroke that ends a court's argument.","Acciaio nero affilato per il colpo che chiude la disputa di una corte."
"Black-Banner Piercer","Black-Banner Piercer","Perforatore dello stendardo nero"
"A banner-cloth bow that grants one silent, perfect release.","A banner-cloth bow that grants one silent, perfect release.","Un arco di stoffa da stendardo che concede un rilascio silenzioso e perfetto."
"Empty Crown Needle","Empty Crown Needle","Ago della corona vuota"
"A crown-spire point that pierces exactly where a ruler would.","A crown-spire point that pierces exactly where a ruler would.","Una punta di guglia coronale che perfora esattamente dove colpirebbe un sovrano."
"Heartwood Fang","Heartwood Fang","Zanna di durame"
"A heartwood point grown ring by ring toward one perfect strike.","A heartwood point grown ring by ring toward one perfect strike.","Una punta di durame cresciuta anello dopo anello verso un colpo perfetto."
"Veinstring Piercer","Veinstring Piercer","Perforatore cordavena"
"A living bowstring that pulses once, exactly on the mark.","A living bowstring that pulses once, exactly on the mark.","Una corda d'arco vivente che pulsa una volta sola, esattamente sul bersaglio."
"Lifesap Needle","Lifesap Needle","Ago di linfa vitale"
"A crook-tip needle that spends stored life in sharp, sudden bloom.","A crook-tip needle that spends stored life in sharp, sudden bloom.","Un ago da vincastro che spende la vita accumulata in fioriture brusche e affilate."
"Dawnfall Fang","Dawnfall Fang","Zanna del tramonto dell'alba"
"An eclipse-edged point saved for the instant the light returns.","An eclipse-edged point saved for the instant the light returns.","Una punta bordata d'eclissi riservata all'istante in cui la luce ritorna."
"Eclipse Piercer","Eclipse Piercer","Perforatore dell'eclissi"
"A bow that looses between dark and dawn, where nothing can guard.","A bow that looses between dark and dawn, where nothing can guard.","Un arco che scocca tra il buio e l'alba, dove nulla può fare la guardia."
"Lastlight Needle","Lastlight Needle","Ago di Ultimaluce"
"The final lantern's light drawn out into a single piercing line.","The final lantern's light drawn out into a single piercing line.","La luce dell'ultima lanterna tirata in un'unica linea perforante."
"Tier 3 Construction Bundle","Tier 3 Construction Bundle","Pacchetto da costruzione di grado 3"
"A bundle of Forest Edge materials prepared for building work.","A bundle of Forest Edge materials prepared for building work.","Un pacchetto di materiali del Margine della Foresta preparati per i lavori di costruzione."
"Tier 4 Construction Bundle","Tier 4 Construction Bundle","Pacchetto da costruzione di grado 4"
"A bundle of Ironroot materials prepared for building work.","A bundle of Ironroot materials prepared for building work.","Un pacchetto di materiali di Radiceferrea preparati per i lavori di costruzione."
"Tier 5 Construction Bundle","Tier 5 Construction Bundle","Pacchetto da costruzione di grado 5"
"A bundle of Causeway materials prepared for building work.","A bundle of Causeway materials prepared for building work.","Un pacchetto di materiali della Strada preparati per i lavori di costruzione."
"Tier 6 Construction Bundle","Tier 6 Construction Bundle","Pacchetto da costruzione di grado 6"
"A bundle of Lantern Vault materials prepared for building work.","A bundle of Lantern Vault materials prepared for building work.","Un pacchetto di materiali della Cripta della Lanterna preparati per i lavori di costruzione."
"Tier 7 Construction Bundle","Tier 7 Construction Bundle","Pacchetto da costruzione di grado 7"
"A bundle of monastery materials prepared for building work.","A bundle of monastery materials prepared for building work.","Un pacchetto di materiali del monastero preparati per i lavori di costruzione."
"Tier 8 Construction Bundle","Tier 8 Construction Bundle","Pacchetto da costruzione di grado 8"
"A bundle of observatory materials prepared for building work.","A bundle of observatory materials prepared for building work.","Un pacchetto di materiali dell'osservatorio preparati per i lavori di costruzione."
"Tier 9 Construction Bundle","Tier 9 Construction Bundle","Pacchetto da costruzione di grado 9"
"A bundle of menagerie materials prepared for building work.","A bundle of menagerie materials prepared for building work.","Un pacchetto di materiali del serraglio preparati per i lavori di costruzione."
"Tier 10 Construction Bundle","Tier 10 Construction Bundle","Pacchetto da costruzione di grado 10"
"A bundle of citadel materials prepared for building work.","A bundle of citadel materials prepared for building work.","Un pacchetto di materiali della cittadella preparati per i lavori di costruzione."
"Tier 11 Construction Bundle","Tier 11 Construction Bundle","Pacchetto da costruzione di grado 11"
"A bundle of Worldroot materials prepared for building work.","A bundle of Worldroot materials prepared for building work.","Un pacchetto di materiali della Radice del Mondo preparati per i lavori di costruzione."
"Tier 12 Construction Bundle","Tier 12 Construction Bundle","Pacchetto da costruzione di grado 12"
"A bundle of Eclipse Throne materials prepared for building work.","A bundle of Eclipse Throne materials prepared for building work.","Un pacchetto di materiali del Trono dell'Eclissi preparati per i lavori di costruzione."
"Fourfold Root Key","Fourfold Root Key","Chiave della Quadruplice Radice"
"Four tuned iron runes bound around a living root. Unsellable raid quest key.","Four tuned iron runes bound around a living root. Unsellable raid quest key.","Quattro rune di ferro accordate e legate attorno a una radice vivente. Chiave di missione del raid invendibile."
"Rekindled Depth-Lantern","Rekindled Depth-Lantern","Lanterna delle Profondità Riaccesa"
"The Tollkeeper's bell containing the flame stolen by the Lantern-Eater. Unsellable raid quest key.","The Tollkeeper's bell containing the flame stolen by the Lantern-Eater. Unsellable raid quest key.","La campana del Gabelliere contenente la fiamma rubata dal Divoratore di Lanterne. Chiave di missione del raid invendibile."
"Hunter's Star Chart","Hunter's Star Chart","Carta Stellare del Cacciatore"
"A chart written on astrolabe glass and chimera hide. Unsellable raid quest key.","A chart written on astrolabe glass and chimera hide. Unsellable raid quest key.","Una carta tracciata su vetro d'astrolabio e pelle di chimera. Chiave di missione del raid invendibile."
"Concordance of Dawn and Dusk","Concordance of Dawn and Dusk","Concordanza dell'Alba e del Crepuscolo"
"Twelve signatures written in Lastlight. Unsellable raid quest key.","Twelve signatures written in Lastlight. Unsellable raid quest key.","Dodici firme scritte nell'Ultimaluce. Chiave di missione del raid invendibile."
"Verdant Rune Piece","Verdant Rune Piece","Frammento runico verdeggiante"
"A broken green rune whose lines rearrange like roots seeking water. Awakens Rank I hero runes with guaranteed success.","A broken green rune whose lines rearrange like roots seeking water. Awakens Rank I hero runes with guaranteed success.","Una runa verde spezzata le cui linee si ridispongono come radici in cerca d'acqua. Risveglia con successo garantito le rune degli eroi al Grado I."
"Tidal Rune Piece","Tidal Rune Piece","Frammento runico mareale"
"A blue-black rune fragment that feels heavier below the heart. Deepens hero runes to Rank II with guaranteed success.","A blue-black rune fragment that feels heavier below the heart. Deepens hero runes to Rank II with guaranteed success.","Un frammento runico nero-blu che sembra più pesante sotto il cuore. Potenzia con successo garantito le rune degli eroi fino al Grado II."
"Astral Rune Piece","Astral Rune Piece","Frammento runico astrale"
"A glassy rune piece showing a different constellation to each observer. Deepens hero runes to Rank III with guaranteed success.","A glassy rune piece showing a different constellation to each observer. Deepens hero runes to Rank III with guaranteed success.","Un frammento runico vitreo che mostra una costellazione diversa a ogni osservatore. Potenzia con successo garantito le rune degli eroi fino al Grado III."
"Eclipse Rune Piece","Eclipse Rune Piece","Frammento runico dell'Eclissi"
"A pale fragment casting a dark shadow in every direction. Perfects hero runes at Rank IV with guaranteed success.","A pale fragment casting a dark shadow in every direction. Perfects hero runes at Rank IV with guaranteed success.","Un frammento pallido che proietta un'ombra scura in ogni direzione. Perfeziona con successo garantito le rune degli eroi al Grado IV."
"Colossus Heartwood","Colossus Heartwood","Durame del Colosso"
"Living heartwood cut only after Orrun chooses to stop walking.","Living heartwood cut only after Orrun chooses to stop walking.","Durame vivente tagliato solo dopo che Orrun sceglie di smettere di camminare."
"Abyssal Beacon Core","Abyssal Beacon Core","Nucleo del Faro Abissale"
"A warm lantern core that continued burning beneath impossible pressure.","A warm lantern core that continued burning beneath impossible pressure.","Un caldo nucleo di lanterna che ha continuato a bruciare sotto una pressione impossibile."
"Fallen Star Prism","Fallen Star Prism","Prisma della Stella Caduta"
"A many-sided prism formed from the constellation Veyra could not consume.","A many-sided prism formed from the constellation Veyra could not consume.","Un prisma dalle molte facce, formato dalla costellazione che Veyra non riuscì a divorare."
"First-Dawn Ember","First-Dawn Ember","Brace della Prima Alba"
"A white ember left when the eclipse releases the first dawn.","A white ember left when the eclipse releases the first dawn.","Una brace bianca lasciata quando l'eclissi libera la prima alba."
"Thornwake Cleaver","Thornwake Cleaver","Mannaia risvegliaspine"
"An Ironbark Blade awakened with Colossus Heartwood. Open the Bark applies 8% vulnerability for two turns on the first critical hit, with a four-turn cooldown.","An Ironbark Blade awakened with Colossus Heartwood. Open the Bark applies 8% vulnerability for two turns on the first critical hit, with a four-turn cooldown.","Una Lama di Cortecciaferrea risvegliata con Durame del Colosso. Aprire la Corteccia applica l'8% di vulnerabilità per due turni al primo colpo critico, con quattro turni di ricarica."
"Rootguard Falchion","Rootguard Falchion","Falcione guardaradice"
"A defensive Heartwood blade. Guarding Root grants a 5% Max HP barrier after a successful counter, once per turn.","A defensive Heartwood blade. Guarding Root grants a 5% Max HP barrier after a successful counter, once per turn.","Una lama difensiva di durame. Radice Guardiana concede una barriera pari al 5% dei PV massimi dopo un contrattacco riuscito, una volta per turno."
"Canopy Recurve","Canopy Recurve","Ricurvo della chioma"
"A Heartwood bow dealing 20% more damage to arena objects and linked enemies.","A Heartwood bow dealing 20% more damage to arena objects and linked enemies.","Un arco di durame che infligge il 20% di danni in più agli oggetti dell'arena e ai nemici collegati."
"Briarline Ballista","Briarline Ballista","Ballista del roveto"
"Every fifth basic ranged hit splinters into another enemy for 60% damage.","Every fifth basic ranged hit splinters into another enemy for 60% damage.","Ogni quinto colpo base a distanza si frammenta su un altro nemico, infliggendo il 60% dei danni."
"Grovewake Crook","Grovewake Crook","Pastorale risvegliabosco"
"Using an active skill heals the lowest-HP ally for 4% Max HP, with a three-turn cooldown.","Using an active skill heals the lowest-HP ally for 4% Max HP, with a three-turn cooldown.","Usare un'abilità attiva cura l'alleato con meno PV del 4% dei suoi PV massimi, con tre turni di ricarica."
"Sporeheart Focus","Sporeheart Focus","Catalizzatore cuorespora"
"Magic hits reduce enemy regeneration and healing received by 25% for two turns.","Magic hits reduce enemy regeneration and healing received by 25% for two turns.","I colpi magici riducono del 25% la rigenerazione e le cure ricevute dal nemico per due turni."
"Anchorfall Saber","Anchorfall Saber","Sciabola calancora"
"The first direct hit each encounter deals 30% less damage and grants 20 Threat for three turns.","The first direct hit each encounter deals 30% less damage and grants 20 Threat for three turns.","Il primo colpo diretto di ogni scontro infligge il 30% di danni in meno e concede 20 Minaccia per tre turni."
"Undertow Reaver","Undertow Reaver","Mietitore della risacca"
"Below 50% HP, Lifesteal rises by 6 and outgoing damage by 10%.","Below 50% HP, Lifesteal rises by 6 and outgoing damage by 10%.","Sotto il 50% dei PV, il Rubavita aumenta di 6 e i danni inflitti del 10%."
"Stormline Arbalest","Stormline Arbalest","Arbalesta della linea di tempesta"
"The first ranged critical each turn lowers raid Pressure by 3 and deals 15% bonus damage.","The first ranged critical each turn lowers raid Pressure by 3 and deals 15% bonus damage.","Il primo colpo critico a distanza di ogni turno riduce di 3 la Pressione del raid e infligge il 15% di danni bonus."
"Quiet-Tide Repeater","Quiet-Tide Repeater","Ripetitore della marea quieta"
"Basic attacks have a 12% chance to Silence for 1 turn; bosses instead receive -8% Attack for 1 turn.","Basic attacks have a 12% chance to Silence for 1 turn; bosses instead receive -8% Attack for 1 turn.","Gli attacchi base hanno il 12% di probabilità di infliggere Silenzio per 1 turno; i boss subiscono invece -8% Attacco per 1 turno."
"Bellwake Staff","Bellwake Staff","Bastone risvegliacampana"
"Every fourth active skill cleanses one effect from the lowest-HP affected ally.","Every fourth active skill cleanses one effect from the lowest-HP affected ally.","Ogni quarta abilità attiva purifica un effetto dall'alleato affetto con meno PV."
"Pressureglass Censer","Pressureglass Censer","Turibolo di vetropressorio"
"Magic damage rises by 12% above 60 Pressure; magic criticals lower Pressure by 2.","Magic damage rises by 12% above 60 Pressure; magic criticals lower Pressure by 2.","I danni magici aumentano del 12% sopra 60 Pressione; i colpi critici magici riducono la Pressione di 2."
"Starfang Severer","Starfang Severer","Recisore zanna stellare"
"Each action matching a Melee sign gains +4% Damage, stacking up to 3 times (+12%) until the sign changes.","Each action matching a Melee sign gains +4% Damage, stacking up to 3 times (+12%) until the sign changes.","Ogni azione che corrisponde a un segno Mischia ottiene +4% Danni, cumulabile fino a 3 volte (+12%) finché il segno non cambia."
"Orbitbreaker Blade","Orbitbreaker Blade","Lama spezzaorbita"
"Counters remove an enemy defense buff or ignore 12 boss Defense.","Counters remove an enemy defense buff or ignore 12 boss Defense.","I contrattacchi rimuovono un beneficio difensivo del nemico oppure ignorano 12 Difesa del boss."
"Comet-Hunt Bow","Comet-Hunt Bow","Arco caccia-comete"
"The first hit after the raid sign becomes Ranged is guaranteed to critically hit.","The first hit after the raid sign becomes Ranged is guaranteed to critically hit.","Il primo colpo dopo che il segno del raid diventa Distanza è garantito come colpo critico."
"Patternpiercer","Patternpiercer","Perforatrama"
"Ignores half of temporary Evade and deals 18% more damage to marked or vulnerable targets.","Ignores half of temporary Evade and deals 18% more damage to marked or vulnerable targets.","Ignora metà della Schivata temporanea e infligge il 18% di danni in più ai bersagli marchiati o vulnerabili."
"Triune Astrolabe","Triune Astrolabe","Astrolabio trino"
"When the wielder completes a Magic sign, restore 6% Max MP and 5% Max HP to the lowest-HP ally.","When the wielder completes a Magic sign, restore 6% Max MP and 5% Max HP to the lowest-HP ally.","Quando il portatore completa un segno Magico, ripristina il 6% dei PM massimi e il 5% dei PV massimi all'alleato con meno PV."
"Voidglass Eye","Voidglass Eye","Occhio di vetro del vuoto"
"After the wielder hits an enemy, the next different attack type against it deals +15% Damage; then that enemy has a 2-turn cooldown.","After the wielder hits an enemy, the next different attack type against it deals +15% Damage; then that enemy has a 2-turn cooldown.","Dopo che chi lo impugna colpisce un nemico, il successivo attacco di tipo diverso contro di esso infligge +15% Danni; quel nemico ha poi 2 turni di recupero."
"Dawnroad Greatblade","Dawnroad Greatblade","Spadone della via dell'alba"
"After Total Eclipse, the next melee attack deals 40% bonus damage and heals 8% Max HP.","After Total Eclipse, the next melee attack deals 40% bonus damage and heals 8% Max HP.","Dopo l'Eclissi Totale, il successivo attacco in mischia infligge il 40% di danni bonus e cura l'8% dei PV massimi."
"Duskward Aegisblade","Duskward Aegisblade","Lama-egida del crepuscolo"
"The first physical and magical hit each encounter are reduced by 25%.","The first physical and magical hit each encounter are reduced by 25%.","Il primo colpo fisico e il primo colpo magico di ogni scontro vengono ridotti del 25%."
"Horizon-Splitter","Horizon-Splitter","Fendiorizzonte"
"Critical hits during Dusk generate 50% more Lastlight and ignore 10 Defense.","Critical hits during Dusk generate 50% more Lastlight and ignore 10 Defense.","I colpi critici durante il Crepuscolo generano il 50% di Ultimaluce in più e ignorano 10 Difesa."
"Road-Without-End","Road-Without-End","Via-Senza-Fine"
"Every sixth basic attack repeats at 50% power against the healthiest enemy and cannot miss.","Every sixth basic attack repeats at 50% power against the healthiest enemy and cannot miss.","Ogni sesto attacco base si ripete al 50% della potenza contro il nemico con più salute e non può mancare."
"Staff of the First Morning","Staff of the First Morning","Bastone del Primo Mattino"
"Healing during Dawn generates +50% Lastlight; overhealing grants a barrier up to 8% of the target's Max HP.","Healing during Dawn generates +50% Lastlight; overhealing grants a barrier up to 8% of the target's Max HP.","Curare durante l'Alba genera +50% Ultimaluce; le cure in eccesso concedono una barriera fino all'8% dei PV massimi del bersaglio."
"Nullstar Lantern","Nullstar Lantern","Lanterna della stella nulla"
"During Total Eclipse, the wielder deals +18% Damage; the first lethal hit each raid leaves them at 1 HP.","During Total Eclipse, the wielder deals +18% Damage; the first lethal hit each raid leaves them at 1 HP.","Durante l'Eclissi Totale, chi la impugna infligge +18% Danni; il primo colpo letale di ogni raid lo lascia a 1 PV."
"Heart of the Marching Grove","Heart of the Marching Grove","Cuore del Bosco in Marcia"
"The first time the wearer falls below 35% HP each encounter, gain a 20% Max HP barrier and cleanse attack reduction. Unique-equipped.","The first time the wearer falls below 35% HP each encounter, gain a 20% Max HP barrier and cleanse attack reduction. Unique-equipped.","La prima volta che chi lo indossa scende sotto il 35% dei PV in ogni scontro, ottiene una barriera pari al 20% dei PV massimi e purifica la riduzione dell'Attacco. Equipaggiamento unico."
"Marching Heartwood","Marching Heartwood","Durame in marcia"
"Shared Roots — Equip this unique accessory with any crafted March of the Rootbound weapon. When Road Stands triggers, every other living ally gains a barrier equal to 3% of their Max HP.","Shared Roots — Equip this unique accessory with any crafted March of the Rootbound weapon. When Road Stands triggers, every other living ally gains a barrier equal to 3% of their Max HP.","Radici Condivise — Equipaggia questo accessorio unico insieme a una qualsiasi arma creata della Marcia dei Radicati. Quando si attiva La Via Resiste, ogni altro alleato vivente ottiene una barriera pari al 3% dei propri PV massimi."
"Shared Roots (Critical) — With a critical-variant weapon, Road Stands instead grants every other living ally +8% Critical Chance for two turns.","Shared Roots (Critical) — With a critical-variant weapon, Road Stands instead grants every other living ally +8% Critical Chance for two turns.","Radici Condivise (Critico) — Con un'arma della variante critica, La Via Resiste concede invece a ogni altro alleato vivente +8% di Probabilità critica per due turni."
"Bellwake Resonance (Critical) — With a critical-variant weapon, each selected ally instead gains +15 Critical Damage for two turns.","Bellwake Resonance (Critical) — With a critical-variant weapon, each selected ally instead gains +15 Critical Damage for two turns.","Risonanza Risvegliacampana (Critico) — Con un'arma della variante critica, ogni alleato selezionato ottiene invece +15 Danno Critico per due turni."
"Pattern Made Whole (Critical) — With a critical-variant weapon, the wearer's next attack is instead guaranteed to critically hit, once per encounter.","Pattern Made Whole (Critical) — With a critical-variant weapon, the wearer's next attack is instead guaranteed to critically hit, once per encounter.","Trama Ricomposta (Critico) — Con un'arma della variante critica, il prossimo attacco di chi la indossa è invece un colpo critico garantito, una volta per scontro."
"Last Road Concordance (Critical) — With a critical-variant weapon, every living ally instead gains +8% Critical Chance and +15 Critical Damage for two turns.","Last Road Concordance (Critical) — With a critical-variant weapon, every living ally instead gains +8% Critical Chance and +15 Critical Damage for two turns.","Concordanza dell'Ultima Via (Critico) — Con un'arma della variante critica, ogni alleato vivente ottiene invece +8% di Probabilità critica e +15 Danno Critico per due turni."
"Bell of the Lightless Deep","Bell of the Lightless Deep","Campana dell'Abisso Senza Luce"
"Every fifth action removes all negative effects from the two lowest-HP allies, then heals each for 5% Max HP. Unique-equipped.","Every fifth action removes all negative effects from the two lowest-HP allies, then heals each for 5% Max HP. Unique-equipped.","Ogni quinta azione rimuove tutti gli effetti negativi dai due alleati con meno PV, poi cura ciascuno del 5% dei PV massimi. Equipaggiamento unico."
"Beacon of the Deep","Beacon of the Deep","Faro delle profondità"
"Bellwake Resonance — Equip this unique accessory with any crafted Lightless Armada weapon. Each ally selected by Sound Without Air also gains 8 MP.","Bellwake Resonance — Equip this unique accessory with any crafted Lightless Armada weapon. Each ally selected by Sound Without Air also gains 8 MP.","Risonanza Risvegliacampana — Equipaggia questo accessorio unico insieme a una qualsiasi arma creata dell'Armata Senza Luce. Ogni alleato selezionato da Suono Senza Aria ottiene anche 8 PM."
"Veyra's Unswallowed Eye","Veyra's Unswallowed Eye","Occhio Non Divorato di Veyra"
"The first successful party hit of each attack type adds 1% vulnerability, up to 3%. Multiple Eyes share this cap. Unique-equipped.","The first successful party hit of each attack type adds 1% vulnerability, up to 3%. Multiple Eyes share this cap. Unique-equipped.","Il primo colpo riuscito del gruppo per ogni tipo di attacco aggiunge l'1% di vulnerabilità, fino al 3%. Più Occhi condividono questo limite. Equipaggiamento unico."
"Unswallowed Pattern","Unswallowed Pattern","Trama non inghiottita"
"Pattern Made Whole — Equip this unique accessory with any crafted Hunt of the Broken Sky weapon. When all three party attack types have hit one target, each paired wearer gains 10 MP once per encounter.","Pattern Made Whole — Equip this unique accessory with any crafted Hunt of the Broken Sky weapon. When all three party attack types have hit one target, each paired wearer gains 10 MP once per encounter.","Trama Ricomposta — Equipaggia questo accessorio unico insieme a una qualsiasi arma creata della Caccia del Cielo Infranto. Quando tutti e tre i tipi di attacco del gruppo hanno colpito un bersaglio, ogni portatore abbinato ottiene 10 PM una volta per scontro."
"Signet of the Last Road","Signet of the Last Road","Sigillo dell'Ultima Via"
"Once per encounter, lethal damage leaves the wearer at 1 HP and grants the wearer and every living ally a 6% Max HP barrier. Unique-equipped.","Once per encounter, lethal damage leaves the wearer at 1 HP and grants the wearer and every living ally a 6% Max HP barrier. Unique-equipped.","Una volta per scontro, i danni letali lasciano chi lo indossa a 1 PV e concedono a lui e a ogni alleato vivente una barriera pari al 6% dei PV massimi. Equipaggiamento unico."
"Concordance of the Last Road","Concordance of the Last Road","Concordanza dell'Ultima Via"
"Last Road Concordance — Equip this unique accessory with any crafted Last Road weapon. When the Signet prevents lethal damage, every living ally gains 8% damage and 8% healing for two turns.","Last Road Concordance — Equip this unique accessory with any crafted Last Road weapon. When the Signet prevents lethal damage, every living ally gains 8% damage and 8% healing for two turns.","Concordanza dell'Ultima Via — Equipaggia questo accessorio unico insieme a una qualsiasi arma creata dell'Ultima Via. Quando il Sigillo impedisce i danni letali, ogni alleato vivente ottiene l'8% di danni e l'8% di cure per due turni."
"Pathless Ember","Pathless Ember","Brace Senza Sentiero"
"A pale ember that burns backward, holding the memory of every road not taken. Rarely surrendered by defeated raid bosses.","A pale ember that burns backward, holding the memory of every road not taken. Rarely surrendered by defeated raid bosses.","Una brace pallida che arde a ritroso, custodendo il ricordo di ogni strada non percorsa. Raramente ceduta dai boss dei raid sconfitti."
"Seal of Reflection","Seal of Reflection","Sigillo della Riflessione"
"A retired amber seal kept as a memento. Ascension ranks can now be reassigned freely within the current path, so this item is no longer consumed or crafted.","A retired amber seal kept as a memento. Ascension ranks can now be reassigned freely within the current path, so this item is no longer consumed or crafted.","Un sigillo d'ambra ritirato, conservato come ricordo. Ora i gradi dell'Ascensione possono essere ridistribuiti liberamente nel percorso attuale, quindi questo oggetto non viene più consumato né creato."
"Sigil of Rebirth","Sigil of Rebirth","Emblema della Rinascita"
"Shattering this violet sigil releases a hero from their Ascendant Path, refunding every point and reopening all four paths. Consumed on use.","Shattering this violet sigil releases a hero from their Ascendant Path, refunding every point and reopening all four paths. Consumed on use.","Frantumare questo emblema violetto libera un eroe dal suo Percorso Ascendente, rimborsando ogni punto e riaprendo tutti e quattro i percorsi. Consumato all'uso."
"Equip this unique accessory with any crafted March of the Rootbound weapon. Shared Roots adapts to the wearer's class type and the completing weapon's variant.","Equip this unique accessory with any crafted March of the Rootbound weapon. Shared Roots adapts to the wearer's class type and the completing weapon's variant.","Equipaggia questo accessorio unico insieme a una qualsiasi arma creata della Marcia dei Radicati. Radici Condivise si adatta al tipo di classe di chi lo indossa e alla variante dell'arma che completa il set."
"Equip this unique accessory with any crafted Lightless Armada weapon. Bellwake Resonance adapts to the wearer's class type and the completing weapon's variant.","Equip this unique accessory with any crafted Lightless Armada weapon. Bellwake Resonance adapts to the wearer's class type and the completing weapon's variant.","Equipaggia questo accessorio unico insieme a una qualsiasi arma creata dell'Armata Senza Luce. Risonanza Risvegliacampana si adatta al tipo di classe di chi lo indossa e alla variante dell'arma che completa il set."
"Equip this unique accessory with any crafted Hunt of the Broken Sky weapon. Pattern Made Whole adapts to the wearer's class type and the completing weapon's variant.","Equip this unique accessory with any crafted Hunt of the Broken Sky weapon. Pattern Made Whole adapts to the wearer's class type and the completing weapon's variant.","Equipaggia questo accessorio unico insieme a una qualsiasi arma creata della Caccia del Cielo Infranto. Trama Ricomposta si adatta al tipo di classe di chi lo indossa e alla variante dell'arma che completa il set."
"Equip this unique accessory with any crafted Last Road weapon. Last Road Concordance adapts to the wearer's class type and the completing weapon's variant.","Equip this unique accessory with any crafted Last Road weapon. Last Road Concordance adapts to the wearer's class type and the completing weapon's variant.","Equipaggia questo accessorio unico insieme a una qualsiasi arma creata dell'Ultima Via. Concordanza dell'Ultima Via si adatta al tipo di classe di chi lo indossa e alla variante dell'arma che completa il set."
"Shared Roots","Shared Roots","Radici Condivise"
"Bellwake Resonance","Bellwake Resonance","Risonanza Risvegliacampana"
"Pattern Made Whole","Pattern Made Whole","Trama Ricomposta"
"Last Road Concordance","Last Road Concordance","Concordanza dell'Ultima Via"
"When Road Stands triggers, every other living ally gains a barrier equal to 3% of their Max HP.","When Road Stands triggers, every other living ally gains a barrier equal to 3% of their Max HP.","Quando si attiva La Via Resiste, ogni altro alleato vivente ottiene una barriera pari al 3% dei propri PV massimi."
"When Road Stands triggers, every other living ally deals 6% more damage for two turns.","When Road Stands triggers, every other living ally deals 6% more damage for two turns.","Quando si attiva La Via Resiste, ogni altro alleato vivente infligge il 6% di danni in più per due turni."
"When Road Stands triggers, every other living ally is healed for 3% of their Max HP.","When Road Stands triggers, every other living ally is healed for 3% of their Max HP.","Quando si attiva La Via Resiste, ogni altro alleato vivente viene curato del 3% dei propri PV massimi."
"When Road Stands triggers, every other living ally gains 4 MP.","When Road Stands triggers, every other living ally gains 4 MP.","Quando si attiva La Via Resiste, ogni altro alleato vivente ottiene 4 PM."
"With a critical-variant weapon, Road Stands grants every other living ally +8% Counter Chance for two turns.","With a critical-variant weapon, Road Stands grants every other living ally +8% Counter Chance for two turns.","Con un'arma della variante critica, La Via Resiste concede a ogni altro alleato vivente +8% di Probabilità di Contrattacco per due turni."
"With a critical-variant weapon, Road Stands grants every other living ally +8% Critical Chance for two turns.","With a critical-variant weapon, Road Stands grants every other living ally +8% Critical Chance for two turns.","Con un'arma della variante critica, La Via Resiste concede a ogni altro alleato vivente +8% di Probabilità critica per due turni."
"With a critical-variant weapon, Road Stands grants every other living ally +8% Healing for two turns.","With a critical-variant weapon, Road Stands grants every other living ally +8% Healing for two turns.","Con un'arma della variante critica, La Via Resiste concede a ogni altro alleato vivente +8% di Cure per due turni."
"With a critical-variant weapon, Road Stands grants every other living ally +8% Immunity for two turns.","With a critical-variant weapon, Road Stands grants every other living ally +8% Immunity for two turns.","Con un'arma della variante critica, La Via Resiste concede a ogni altro alleato vivente +8% di Immunità per due turni."
"Each ally selected by Sound Without Air also gains a barrier equal to 4% of their Max HP.","Each ally selected by Sound Without Air also gains a barrier equal to 4% of their Max HP.","Ogni alleato selezionato da Suono Senza Aria ottiene anche una barriera pari al 4% dei propri PV massimi."
"Each ally selected by Sound Without Air also deals 8% more damage for two turns.","Each ally selected by Sound Without Air also deals 8% more damage for two turns.","Ogni alleato selezionato da Suono Senza Aria infligge anche l'8% di danni in più per due turni."
"Each ally selected by Sound Without Air is also healed for an extra 4% of their Max HP.","Each ally selected by Sound Without Air is also healed for an extra 4% of their Max HP.","Ogni alleato selezionato da Suono Senza Aria viene curato anche di un ulteriore 4% dei propri PV massimi."
"Each ally selected by Sound Without Air also gains 8 MP.","Each ally selected by Sound Without Air also gains 8 MP.","Ogni alleato selezionato da Suono Senza Aria ottiene anche 8 PM."
"With a critical-variant weapon, each selected ally instead gains +10 Defense for two turns.","With a critical-variant weapon, each selected ally instead gains +10 Defense for two turns.","Con un'arma della variante critica, ogni alleato selezionato ottiene invece +10 Difesa per due turni."
"With a critical-variant weapon, each selected ally instead gains +15 Critical Damage for two turns.","With a critical-variant weapon, each selected ally instead gains +15 Critical Damage for two turns.","Con un'arma della variante critica, ogni alleato selezionato ottiene invece +15 Danno Critico per due turni."
"With a critical-variant weapon, each selected ally instead gains +10% Healing for two turns.","With a critical-variant weapon, each selected ally instead gains +10% Healing for two turns.","Con un'arma della variante critica, ogni alleato selezionato ottiene invece +10% di Cure per due turni."
"With a critical-variant weapon, each selected ally instead gains +8% Critical Chance for two turns.","With a critical-variant weapon, each selected ally instead gains +8% Critical Chance for two turns.","Con un'arma della variante critica, ogni alleato selezionato ottiene invece +8% di Probabilità critica per due turni."
"When the party completes the pattern, each paired wearer gains a barrier equal to 8% of their Max HP, once per encounter.","When the party completes the pattern, each paired wearer gains a barrier equal to 8% of their Max HP, once per encounter.","Quando il gruppo completa la trama, ogni portatore abbinato ottiene una barriera pari all'8% dei propri PV massimi, una volta per scontro."
"When the party completes the pattern, each paired wearer deals 12% more damage for two turns, once per encounter.","When the party completes the pattern, each paired wearer deals 12% more damage for two turns, once per encounter.","Quando il gruppo completa la trama, ogni portatore abbinato infligge il 12% di danni in più per due turni, una volta per scontro."
"When the party completes the pattern, each paired wearer is healed for 6% of their Max HP, once per encounter.","When the party completes the pattern, each paired wearer is healed for 6% of their Max HP, once per encounter.","Quando il gruppo completa la trama, ogni portatore abbinato viene curato del 6% dei propri PV massimi, una volta per scontro."
"When the party completes the pattern, each paired wearer gains 10 MP, once per encounter.","When the party completes the pattern, each paired wearer gains 10 MP, once per encounter.","Quando il gruppo completa la trama, ogni portatore abbinato ottiene 10 PM, una volta per scontro."
"With a critical-variant weapon, each paired wearer instead gains +12% Counter Chance for two turns, once per encounter.","With a critical-variant weapon, each paired wearer instead gains +12% Counter Chance for two turns, once per encounter.","Con un'arma della variante critica, ogni portatore abbinato ottiene invece +12% di Probabilità di Contrattacco per due turni, una volta per scontro."
"With a critical-variant weapon, each paired wearer's next attack is instead guaranteed to critically hit, once per encounter.","With a critical-variant weapon, each paired wearer's next attack is instead guaranteed to critically hit, once per encounter.","Con un'arma della variante critica, il prossimo attacco di ogni portatore abbinato è invece un colpo critico garantito, una volta per scontro."
"With a critical-variant weapon, each paired wearer instead gains +12% Healing for two turns, once per encounter.","With a critical-variant weapon, each paired wearer instead gains +12% Healing for two turns, once per encounter.","Con un'arma della variante critica, ogni portatore abbinato ottiene invece +12% di Cure per due turni, una volta per scontro."
"With a critical-variant weapon, each paired wearer instead gains +10% Critical Chance for two turns, once per encounter.","With a critical-variant weapon, each paired wearer instead gains +10% Critical Chance for two turns, once per encounter.","Con un'arma della variante critica, ogni portatore abbinato ottiene invece +10% di Probabilità critica per due turni, una volta per scontro."
"When the Signet prevents lethal damage, every living ally gains a barrier equal to 4% of their Max HP and +8 Defense for two turns.","When the Signet prevents lethal damage, every living ally gains a barrier equal to 4% of their Max HP and +8 Defense for two turns.","Quando il Sigillo impedisce i danni letali, ogni alleato vivente ottiene una barriera pari al 4% dei propri PV massimi e +8 Difesa per due turni."
"When the Signet prevents lethal damage, every living ally deals 12% more damage for two turns.","When the Signet prevents lethal damage, every living ally deals 12% more damage for two turns.","Quando il Sigillo impedisce i danni letali, ogni alleato vivente infligge il 12% di danni in più per due turni."
"When the Signet prevents lethal damage, every living ally is healed for 5% of their Max HP and gains +8% Healing for two turns.","When the Signet prevents lethal damage, every living ally is healed for 5% of their Max HP and gains +8% Healing for two turns.","Quando il Sigillo impedisce i danni letali, ogni alleato vivente viene curato del 5% dei propri PV massimi e ottiene +8% di Cure per due turni."
"When the Signet prevents lethal damage, every living ally gains 8% damage and 8% healing for two turns.","When the Signet prevents lethal damage, every living ally gains 8% damage and 8% healing for two turns.","Quando il Sigillo impedisce i danni letali, ogni alleato vivente ottiene l'8% di danni e l'8% di cure per due turni."
"With a critical-variant weapon, every living ally instead gains +8% Counter Chance and +10 Defense for two turns.","With a critical-variant weapon, every living ally instead gains +8% Counter Chance and +10 Defense for two turns.","Con un'arma della variante critica, ogni alleato vivente ottiene invece +8% di Probabilità di Contrattacco e +10 Difesa per due turni."
"With a critical-variant weapon, every living ally instead gains +8% Critical Chance and +15 Critical Damage for two turns.","With a critical-variant weapon, every living ally instead gains +8% Critical Chance and +15 Critical Damage for two turns.","Con un'arma della variante critica, ogni alleato vivente ottiene invece +8% di Probabilità critica e +15 Danno Critico per due turni."
"With a critical-variant weapon, every living ally is instead healed for 4% of their Max HP and gains +12% Healing for two turns.","With a critical-variant weapon, every living ally is instead healed for 4% of their Max HP and gains +12% Healing for two turns.","Con un'arma della variante critica, ogni alleato vivente viene invece curato del 4% dei propri PV massimi e ottiene +12% di Cure per due turni."
"With a critical-variant weapon, every living ally instead gains +8% Critical Chance and +8% Immunity for two turns.","With a critical-variant weapon, every living ally instead gains +8% Critical Chance and +8% Immunity for two turns.","Con un'arma della variante critica, ogni alleato vivente ottiene invece +8% di Probabilità critica e +8% di Immunità per due turni."
"Equip this unique accessory with a crafted March of the Rootbound weapon your class can wield. Shared Roots adapts to the wearer's class type, canonical weapon type, and the completing weapon's variant.","Equip this unique accessory with a crafted March of the Rootbound weapon your class can wield. Shared Roots adapts to the wearer's class type, canonical weapon type, and the completing weapon's variant.","Equipaggia questo accessorio unico insieme a un'arma creata della Marcia dei Radicati che la tua classe può impugnare. Radici Condivise si adatta al tipo di classe di chi lo indossa, al suo tipo di arma canonico e alla variante dell'arma che completa il set."
"Equip this unique accessory with a crafted Lightless Armada weapon your class can wield. Bellwake Resonance adapts to the wearer's class type, canonical weapon type, and the completing weapon's variant.","Equip this unique accessory with a crafted Lightless Armada weapon your class can wield. Bellwake Resonance adapts to the wearer's class type, canonical weapon type, and the completing weapon's variant.","Equipaggia questo accessorio unico insieme a un'arma creata dell'Armata Senza Luce che la tua classe può impugnare. Risonanza Risvegliacampana si adatta al tipo di classe di chi lo indossa, al suo tipo di arma canonico e alla variante dell'arma che completa il set."
"Equip this unique accessory with a crafted Hunt of the Broken Sky weapon your class can wield. Pattern Made Whole adapts to the wearer's class type, canonical weapon type, and the completing weapon's variant.","Equip this unique accessory with a crafted Hunt of the Broken Sky weapon your class can wield. Pattern Made Whole adapts to the wearer's class type, canonical weapon type, and the completing weapon's variant.","Equipaggia questo accessorio unico insieme a un'arma creata della Caccia del Cielo Infranto che la tua classe può impugnare. Trama Ricomposta si adatta al tipo di classe di chi lo indossa, al suo tipo di arma canonico e alla variante dell'arma che completa il set."
"Equip this unique accessory with a crafted Last Road weapon your class can wield. Last Road Concordance adapts to the wearer's class type, canonical weapon type, and the completing weapon's variant.","Equip this unique accessory with a crafted Last Road weapon your class can wield. Last Road Concordance adapts to the wearer's class type, canonical weapon type, and the completing weapon's variant.","Equipaggia questo accessorio unico insieme a un'arma creata dell'Ultima Via che la tua classe può impugnare. Concordanza dell'Ultima Via si adatta al tipo di classe di chi lo indossa, al suo tipo di arma canonico e alla variante dell'arma che completa il set."
"Melee adaptation — adjusted totals: %s.","Melee adaptation — adjusted totals: %s.","Adattamento Mischia — valori adattati: %s."
"Ranged adaptation — adjusted totals: %s.","Ranged adaptation — adjusted totals: %s.","Adattamento Distanza — valori adattati: %s."
"Magic adaptation — adjusted totals: %s.","Magic adaptation — adjusted totals: %s.","Adattamento Magia — valori adattati: %s."
"a barrier equal to %s%% of Max HP","a barrier equal to %s%% of Max HP","una barriera pari al %s%% dei PV massimi"
"a heal for %s%% of Max HP","a heal for %s%% of Max HP","una cura pari al %s%% dei PV massimi"
"+%s MP","+%s MP","+%s PM"
"the next attack is guaranteed to critically hit","the next attack is guaranteed to critically hit","il prossimo attacco è un colpo critico garantito"
"+%s%% damage","+%s%% damage","+%s%% di danni"
"+%s%% Healing","+%s%% Healing","+%s%% di Cure"
"+%s%% Critical Chance","+%s%% Critical Chance","+%s%% di Probabilità critica"
"+%s Critical Damage","+%s Critical Damage","+%s Danno Critico"
"+%s Defense","+%s Defense","+%s Difesa"
"+%s Magic Defense","+%s Magic Defense","+%s Difesa magica"
"+%s%% Counter Chance","+%s%% Counter Chance","+%s%% di Probabilità di Contrattacco"
"+%s%% Evade","+%s%% Evade","+%s%% di Schivata"
"+%s%% Immunity","+%s%% Immunity","+%s%% di Immunità"
"(%s turns)","(%s turns)","(%s turni)"
"once per encounter","once per encounter","una volta per scontro"
"Raises every hero's Attack and damage dealt.","Raises every hero's Attack and damage dealt.","Aumenta l'Attacco e i danni inflitti di ogni eroe."
"Improves healing performed by every hero.","Improves healing performed by every hero.","Migliora le cure effettuate da ogni eroe."
"Raises every hero's protection from Magic damage.","Raises every hero's protection from Magic damage.","Aumenta la protezione di ogni eroe dai danni magici."
"Restores a flat amount of Health after each basic attack.","Restores a flat amount of Health after each basic attack.","Ripristina una quantità fissa di Salute dopo ogni attacco base."
"Raises the chance to resist harmful status effects.","Raises the chance to resist harmful status effects.","Aumenta la probabilità di resistere agli effetti di stato nocivi."
"Reduces the mist affecting every hero.","Reduces the mist affecting every hero.","Riduce la nebbia che colpisce ogni eroe."
"Raises every hero's maximum Health.","Raises every hero's maximum Health.","Aumenta la Salute massima di ogni eroe."
"Raises every hero's chance to land a critical hit.","Raises every hero's chance to land a critical hit.","Aumenta la probabilità di ogni eroe di infliggere un colpo critico."
"Raises the damage multiplier of critical hits.","Raises the damage multiplier of critical hits.","Aumenta il moltiplicatore di danno dei colpi critici."
"Raises the chance to avoid direct basic attacks.","Raises the chance to avoid direct basic attacks.","Aumenta la probabilità di evitare gli attacchi base diretti."
"Restores Health from damage dealt by basic attacks.","Restores Health from damage dealt by basic attacks.","Ripristina Salute in base ai danni inflitti dagli attacchi base."
"Raises every hero's protection from Melee and Ranged damage.","Raises every hero's protection from Melee and Ranged damage.","Aumenta la protezione di ogni eroe dai danni da Mischia e a Distanza."
"Adds a flat amount of Threat to every hero.","Adds a flat amount of Threat to every hero.","Aggiunge una quantità fissa di Minaccia a ogni eroe."
"Raises the chance to counter Melee and Ranged attacks.","Raises the chance to counter Melee and Ranged attacks.","Aumenta la probabilità di contrattaccare gli attacchi da Mischia e a Distanza."
"Raises the damage returned by counters.","Raises the damage returned by counters.","Aumenta i danni restituiti dai contrattacchi."
"Adds a flat amount of Mana Gain after each basic attack.","Adds a flat amount of Mana Gain after each basic attack.","Aggiunge una quantità fissa di Guadagno Mana dopo ogni attacco base."
"Improves this stat for every hero in the party.","Improves this stat for every hero in the party.","Migliora questa statistica per ogni eroe nel gruppo."
"Increases hero combat XP from defeated enemies; Pet Bond XP and other rewards are unaffected.","Increases hero combat XP from defeated enemies; Pet Bond XP and other rewards are unaffected.","Aumenta i PE di combattimento degli eroi ottenuti dai nemici sconfitti; i PE Legame del famiglio e le altre ricompense restano invariati."
"Increases non-guaranteed ordinary item drops from dungeon monsters; boss-exclusive drops, raids, eggs, Gems, and guaranteed rewards are unaffected.","Increases non-guaranteed ordinary item drops from dungeon monsters; boss-exclusive drops, raids, eggs, Gems, and guaranteed rewards are unaffected.","Aumenta i bottini ordinari non garantiti dei mostri dei dungeon; i bottini esclusivi dei boss, i raid, le uova, le Gemme e le ricompense garantite restano invariati."
"Tower Keystone","Tower Keystone","Chiave di volta della Torre"
"A keystone freed from the Tower of Resonance at a checkpoint floor, set aside for one final work.","A keystone freed from the Tower of Resonance at a checkpoint floor, set aside for one final work.","Una chiave di volta liberata dalla Torre della Risonanza a un piano di controllo, messa da parte per un'opera finale."
"Apex Construction Bundle","Apex Construction Bundle","Pacchetto da costruzione dell'Apice"
"Every tier's construction bundle bound together by a Tower checkpoint keystone, the final work it was set aside for.","Every tier's construction bundle bound together by a Tower checkpoint keystone, the final work it was set aside for.","Ogni pacchetto da costruzione di ogni grado, unito da una chiave di volta della Torre: l'opera finale per cui era stata messa da parte."
"Prism Rapier","Prism Rapier","Stocco prismatico"
"A needle-thin blade cut from crystal facets, quicker than it looks.","A needle-thin blade cut from crystal facets, quicker than it looks.","Una lama sottile come un ago, tagliata da sfaccettature di cristallo, più rapida di quanto sembri."
"Prism Songbow","Prism Songbow","Arco canoro prismatico"
"A prismatic bow strung to hum a restorative chord with every draw.","A prismatic bow strung to hum a restorative chord with every draw.","Un arco prismatico la cui corda intona un accordo curativo a ogni trazione."
"Thornwood Sightbow","Thornwood Sightbow","Arco di mira di spinolegno"
"A sylvan bow fitted with a calculating lens for tracking every variable of the shot.","A sylvan bow fitted with a calculating lens for tracking every variable of the shot.","Un arco silvano dotato di una lente calcolatrice che segue ogni variabile del tiro."
"Rootsteel Warstaff","Rootsteel Warstaff","Bastone da guerra di Acciaioradice"
"A living-steel staff heavy enough to double as a bludgeon between spells.","A living-steel staff heavy enough to double as a bludgeon between spells.","Un bastone di acciaio vivente abbastanza pesante da fungere da randello tra un incantesimo e l'altro."
"Tideglass Mercyblade","Tideglass Mercyblade","Lama di misericordia di Vetromarea"
"A glass-edged blade etched with tidal wards that mend as readily as they cut.","A glass-edged blade etched with tidal wards that mend as readily as they cut.","Una lama dal filo di vetro incisa con sigilli di marea che risanano tanto quanto tagliano."
"Tideglass Warbow","Tideglass Warbow","Arco da guerra di Vetromarea"
"A heavy-draw longbow built for arms strong enough to bend sea glass.","A heavy-draw longbow built for arms strong enough to bend sea glass.","Un arco lungo dal tiro pesante, costruito per braccia abbastanza forti da piegare il vetro marino."
"Beacon Featherblade","Beacon Featherblade","Lama piuma del faro"
"A lantern-light blade so finely balanced its wielder seems to drift past every blow.","A lantern-light blade so finely balanced its wielder seems to drift past every blow.","Una lama leggera come la luce di un faro, così ben bilanciata che chi la impugna sembra scivolare via da ogni colpo."
"Beacon Wardstaff","Beacon Wardstaff","Bastone di guardia del faro"
"A watchful staff that turns a hostile spell back on its caster in a flash of lantern light.","A watchful staff that turns a hostile spell back on its caster in a flash of lantern light.","Un bastone vigile che rimanda un incantesimo ostile contro chi lo ha lanciato in un lampo di luce del faro."
"Ashstring Wardenbow","Ashstring Wardenbow","Arco del guardiano a corda di cenere"
"A cinder-strung bow that channels a slow, steady warmth back into its keeper.","A cinder-strung bow that channels a slow, steady warmth back into its keeper.","Un arco dalla corda di cenere che incanala nel suo custode un tepore lento e costante."
"Orbit Vanguard Bow","Orbit Vanguard Bow","Arco d'avanguardia orbitale"
"A starglass bow drawn with a challenging cry that pulls every eye to the shot.","A starglass bow drawn with a challenging cry that pulls every eye to the shot.","Un arco di vetro stellare teso con un grido di sfida che attira ogni sguardo verso il tiro."
"Astrolabe Sanctum Staff","Astrolabe Sanctum Staff","Bastone del santuario astrolabio"
"A star-mapped staff that wards its bearer against every charted affliction.","A star-mapped staff that wards its bearer against every charted affliction.","Un bastone tracciato con le stelle che protegge chi lo porta da ogni afflizione catalogata."
"Umbral Ward","Umbral Ward","Baluardo umbratile"
"A shadow-tempered blade that closes old wounds to whatever the dark tries next.","A shadow-tempered blade that closes old wounds to whatever the dark tries next.","Una lama temprata nell'ombra che chiude le vecchie ferite a qualunque cosa il buio tenti in seguito."
"Sinew Wardbow","Sinew Wardbow","Arco di guardia di tendine"
"A sinew-strung bow wrapped in wards that shrug off arcane backlash.","A sinew-strung bow wrapped in wards that shrug off arcane backlash.","Un arco dalla corda di tendine avvolto in sigilli che respingono il contraccolpo arcano."
"Black-Banner Bastion Bow","Black-Banner Bastion Bow","Arco bastione dello stendardo nero"
"A citadel-forged bow heavy enough to double as a shield in a pinch.","A citadel-forged bow heavy enough to double as a shield in a pinch.","Un arco forgiato nella cittadella, abbastanza robusto da fungere da scudo in caso di necessità."
"Empty Crown Mistcaster","Empty Crown Mistcaster","Evocanebbia della corona vuota"
"A crownless staff that gathers drifting mist and hurls it back sharpened.","A crownless staff that gathers drifting mist and hurls it back sharpened.","Un bastone senza corona che raccoglie la nebbia vagante e la scaglia indietro affilata."
"Lifesap Hungering Crook","Lifesap Hungering Crook","Pastorale famelico di linfa vitale"
"A sap-veined crook that draws a measure of life from every spell it channels.","A sap-veined crook that draws a measure of life from every spell it channels.","Un pastorale venato di linfa che sottrae una parte di vita a ogni incantesimo che incanala."
