keys,en,it,de,fr
Melee,Melee,Mischia,Nahkampf,Mêlée
Ranged,Ranged,Distanza,Fernkampf,À distance
Magic,Magic,Magia,Magie,Magie
Ashen Monastery,Ashen Monastery,Monastero delle Ceneri,Aschenkloster,Monastère des Cendres
Crownless Citadel,Crownless Citadel,Cittadella Senza Corona,Kronlose Zitadelle,Citadelle Sans Couronne
Eclipse Throne,Eclipse Throne,Trono dell'Eclissi,Finsternisthron,Trône de l'Éclipse
Elemental Depths,Elemental Depths,Profondità Elementali,Elementare Tiefen,Profondeurs Élémentaires
Forest Edge,Forest Edge,Margine della Foresta,Waldrand,Lisière de la forêt
Ironroot Warrens,Ironroot Warrens,Cunicoli di Radiceferrea,Eisenwurzel-Gänge,Terriers de Racine de Fer
Lantern Vault,Lantern Vault,Cripta della Lanterna,Laternengruft,Crypte de la lanterne
Shattered Observatory,Shattered Observatory,Osservatorio Infranto,Zerschmettertes Observatorium,Observatoire Brisé
Slime Forest,Slime Forest,Foresta degli Slime,Slime-Wald,Forêt des slimes
Sunken Causeway,Sunken Causeway,Strada Sommersa,Versunkener Damm,Chaussée Engloutie
Umbral Menagerie,Umbral Menagerie,Serraglio Umbratile,Schattenmenagerie,Ménagerie Ombreuse
Worldroot Heart,Worldroot Heart,Cuore della Radice del Mondo,Weltwurzelherz,Cœur de la Racine du Monde
Hunt of the Broken Sky,Hunt of the Broken Sky,Caccia del Cielo Infranto,Jagd des zerbrochenen Himmels,Chasse du Ciel Brisé
March of the Rootbound,March of the Rootbound,Marcia dei Radicati,Marsch der Wurzel­gebundenen,Marche des Enracinés
The Last Road,The Last Road,L'Ultima Via,Der Letzte Weg,La Dernière Route
The Lightless Armada,The Lightless Armada,L'Armata Senza Luce,Die lichtlose Armada,L'Armada Sans Lumière
A drowned procession gathering around a bell beneath black water.,A drowned procession gathering around a bell beneath black water.,Una processione di annegati si raduna attorno a una campana sotto acque nere.,"Eine ertrunkene Prozession, die sich um eine Glocke unter schwarzem Wasser versammelt.",Une procession de noyés se rassemblant autour d'une cloche sous des eaux noires.
A false constellation hunts the company across a falling observatory.,A false constellation hunts the company across a falling observatory.,Una falsa costellazione bracca la compagnia attraverso un osservatorio in rovina.,Ein falsches Sternbild jagt die Gesellschaft durch ein stürzendes Observatorium.,Une fausse constellation traque la compagnie à travers un observatoire qui s'effondre.
A forest road carried on the back of a marching grove.,A forest road carried on the back of a marching grove.,Una strada nella foresta trasportata sul dorso di un bosco in marcia.,"Eine Waldstraße, getragen auf dem Rücken eines marschierenden Hains.",Une route forestière portée sur le dos d'un bosquet en marche.
A road divided between dawn and eclipse above the restored Worldroot.,A road divided between dawn and eclipse above the restored Worldroot.,Una via divisa tra alba ed eclissi sopra la Radice del Mondo restaurata.,"Ein Weg, geteilt zwischen Morgenrot und Finsternis über der wiederhergestellten Weltwurzel.",Une route partagée entre l'aube et l'éclipse au-dessus de la Racine du Monde restaurée.
"Dawn lasts 12 hero actions and favors Magic; Dusk lasts 12 and favors Melee. Effective Dawn healing and Dusk criticals build Lastlight before a 6-action Total Eclipse that deals 10% maximum-HP damage and reduces healing by 35%. At 15% boss HP, 100 Lastlight weakens the boss; otherwise it becomes empowered.","Dawn lasts 12 hero actions and favors Magic; Dusk lasts 12 and favors Melee. Effective Dawn healing and Dusk criticals build Lastlight before a 6-action Total Eclipse that deals 10% maximum-HP damage and reduces healing by 35%. At 15% boss HP, 100 Lastlight weakens the boss; otherwise it becomes empowered.","L'Alba dura 12 azioni degli eroi e favorisce la Magia; il Crepuscolo ne dura 12 e favorisce la Mischia. Le cure efficaci all'Alba e i colpi critici al Crepuscolo accumulano Ultimaluce prima di un'Eclissi Totale di 6 azioni, che infligge danni pari al 10% dei PV massimi e riduce le cure del 35%. Quando il boss è al 15% dei PV, 100 punti di Ultimaluce lo indeboliscono; altrimenti si potenzia.","Das Morgenrot dauert 12 Heldenaktionen und begünstigt Magie; die Abenddämmerung dauert 12 und begünstigt Nahkampf. Wirksame Heilung im Morgenrot und kritische Treffer in der Abenddämmerung sammeln Letztlicht vor einer 6 Aktionen langen Totalen Finsternis, die 10% der maximalen LP als Schaden verursacht und die Heilung um 35% senkt. Bei 15% Boss-LP schwächen 100 Letztlicht den Boss; andernfalls wird er gestärkt.","L'Aube dure 12 actions de héros et favorise la Magie ; le Crépuscule en dure 12 et favorise la Mêlée. Les soins efficaces à l'Aube et les critiques au Crépuscule accumulent de la Dernière Lueur avant une Éclipse Totale de 6 actions qui inflige 10% des PV maximum en dégâts et réduit les soins de 35%. À 15% des PV du boss, 100 de Dernière Lueur l'affaiblissent ; sinon, il devient renforcé."
"Each living Root Node gives linked enemies +4 Defense, +1% damage, and restores 3% of their maximum HP when they act, capped at 9% healing. Destroy the nodes first; Orrun can absorb survivors for permanent power.","Each living Root Node gives linked enemies +4 Defense, +1% damage, and restores 3% of their maximum HP when they act, capped at 9% healing. Destroy the nodes first; Orrun can absorb survivors for permanent power.","Ogni Nodo Radice vivente conferisce ai nemici collegati +4 Difesa, +1% danni e ripristina il 3% dei loro PV massimi quando agiscono, fino a un massimo del 9% di cure. Distruggi prima i nodi; Orrun può assorbire quelli superstiti per ottenere potere permanente.","Jeder lebende Wurzelknoten gibt verbundenen Gegnern +4 Verteidigung, +1% Schaden und stellt 3% ihrer maximalen LP wieder her, wenn sie handeln, begrenzt auf 9% Heilung. Zerstöre zuerst die Knoten; Orrun kann Überlebende aufnehmen, um dauerhafte Macht zu gewinnen.","Chaque Nœud de Racine vivant confère aux ennemis liés +4 Défense, +1% de dégâts et restaure 3% de leurs PV maximum lorsqu'ils agissent, jusqu'à un plafond de 9% de soins. Détruis d'abord les nœuds ; Orrun peut absorber les survivants pour un pouvoir permanent."
"One hit from each matching Melee, Ranged, or Magic hero builds Alignment. Reach 3 within 10 hero actions to remove one Star Hunger and gain +12% damage and +10% healing for two turns. Each sign turn deals 4% maximum-HP damage; missing it also adds one Hunger, raising enemy damage by 4%.","One hit from each matching Melee, Ranged, or Magic hero builds Alignment. Reach 3 within 10 hero actions to remove one Star Hunger and gain +12% damage and +10% healing for two turns. Each sign turn deals 4% maximum-HP damage; missing it also adds one Hunger, raising enemy damage by 4%.","Un colpo di ciascun eroe corrispondente di Mischia, Distanza o Magia aumenta l'Allineamento. Raggiungi 3 entro 10 azioni degli eroi per rimuovere una Fame Stellare e ottenere +12% danni e +10% cure per due turni. Ogni turno del segno infligge danni pari al 4% dei PV massimi; fallirlo aggiunge anche una Fame, aumentando i danni nemici del 4%.","Je ein Treffer eines passenden Nahkampf-, Fernkampf- oder Magie-Helden baut Ausrichtung auf. Erreiche 3 innerhalb von 10 Heldenaktionen, um einen Sternenhunger zu entfernen und zwei Züge lang +12% Schaden und +10% Heilung zu erhalten. Jeder Zeichenwechsel verursacht 4% der maximalen LP als Schaden; ihn zu verfehlen fügt zudem einen Hunger hinzu und erhöht den Gegnerschaden um 4%.","Un coup de chaque héros correspondant de Mêlée, À distance ou Magie augmente l'Alignement. Atteins 3 en 10 actions de héros pour retirer une Faim Stellaire et gagner +12% de dégâts et +10% de soins pendant deux tours. Chaque tour du signe inflige 4% des PV maximum en dégâts ; le manquer ajoute aussi une Faim, augmentant les dégâts ennemis de 4%."
"Pressure rises by 4 after each enemy turn; Lamplighters can surge it by 12. Wisp and Lamplighter kills lower it by 20 and 12, while Ranged or Magic criticals relieve 3 or 1. At 100 the party takes 10% maximum-HP Magic damage, and each cleared wave exacts a 4% undertow.","Pressure rises by 4 after each enemy turn; Lamplighters can surge it by 12. Wisp and Lamplighter kills lower it by 20 and 12, while Ranged or Magic criticals relieve 3 or 1. At 100 the party takes 10% maximum-HP Magic damage, and each cleared wave exacts a 4% undertow.","La Pressione aumenta di 4 dopo ogni turno nemico; i Lampionai Abissali possono farla salire di 12. Uccidere i Fuochi Fatui della Pressione e i Lampionai la riduce rispettivamente di 20 e 12, mentre i colpi critici a Distanza o di Magia la alleviano di 3 o 1. A 100, il gruppo subisce danni magici pari al 10% dei PV massimi e ogni ondata superata esige un risucchio del 4%.","Der Druck steigt nach jedem Gegnerzug um 4; Laternenanzünder können ihn um 12 hochtreiben. Das Töten von Irrlichtern und Laternenanzündern senkt ihn um 20 bzw. 12, während kritische Fernkampf- oder Magietreffer 3 bzw. 1 abbauen. Bei 100 erleidet die Gruppe Magieschaden in Höhe von 10% der maximalen LP, und jede geschaffte Welle fordert einen Sog von 4%.","La Pression augmente de 4 après chaque tour ennemi ; les Allumeurs de Lanternes peuvent la faire bondir de 12. Tuer un feu follet ou un Allumeur la réduit de 20 et de 12, tandis qu'un critique À distance ou de Magie en soulage 3 ou 1. À 100, le groupe subit des dégâts magiques égaux à 10% des PV maximum, et chaque vague franchie exige un ressac de 4%."
Approach,Approach,Avvicinamento,Anmarsch,Approche
Wing I,Wing I,Ala I,Flügel I,Aile I
Wing II,Wing II,Ala II,Flügel II,Aile II
Wing III,Wing III,Ala III,Flügel III,Aile III
Wing %s,Wing %s,Ala %s,Flügel %s,Aile %s
Pressure rising,Pressure rising,Pressione in aumento,Druck steigt,Pression en hausse
Dawn,Dawn,Alba,Morgenrot,Aube
Dusk,Dusk,Crepuscolo,Abenddämmerung,Crépuscule
Total Eclipse,Total Eclipse,Eclissi Totale,Totale Finsternis,Éclipse totale
Trial Echo,Trial Echo,Eco della Prova,Prüfungsecho,Écho de l'épreuve
Concordance Test,Concordance Test,Prova della Concordanza,Eintrachtsprüfung,Épreuve de Concordance
The Grove Walks,The Grove Walks,Il Bosco Cammina,Der Hain wandert,Le Bosquet Marche
Roadbreaker,Roadbreaker,Spezzavia,Wegbrecher,Brise-route
First Toll,First Toll,Primo Rintocco,Erster Glockenschlag,Premier glas
Crushing Choir,Crushing Choir,Coro Schiacciante,Zermalmender Chor,Chœur écrasant
Final Bellstroke,Final Bellstroke,Rintocco Finale,Letzter Glockenschlag,Dernier Coup de Cloche
Melee Head,Melee Head,Testa da Mischia,Nahkampfkopf,Tête de mêlée
Ranged Head,Ranged Head,Testa a Distanza,Fernkampfkopf,Tête à distance
Magic Head,Magic Head,Testa Magica,Magiekopf,Tête magique
%s Head,%s Head,Testa %s,%s-Kopf,Tête %s
Dawn Road,Dawn Road,Via dell'Alba,Morgenstraße,Route de l'aube
WING %s,WING %s,ALA %s,FLÜGEL %s,AILE %s
WING 1,WING 1,ALA 1,FLÜGEL 1,AILE 1
WING 2,WING 2,ALA 2,FLÜGEL 2,AILE 2
WING 3,WING 3,ALA 3,FLÜGEL 3,AILE 3
SKILL,SKILL,ABILITÀ,FÄHIGKEIT,COMPÉTENCE
Today's entry remains consumed.,Today's entry remains consumed.,L'ingresso di oggi resta comunque consumato.,Der heutige Zutritt bleibt dennoch verbraucht.,L'entrée du jour reste malgré tout consommée.
The trial can be attempted again.,The trial can be attempted again.,La prova può essere tentata di nuovo.,Die Prüfung kann erneut versucht werden.,L'épreuve peut être retentée.
[color=yellow]The raid was abandoned. %s[/color],[color=yellow]The raid was abandoned. %s[/color],[color=yellow]Il raid è stato abbandonato. %s[/color],[color=yellow]Der Raid wurde abgebrochen. %s[/color],[color=yellow]Le Raid a été abandonné. %s[/color]
[color=yellow]Constellation Complete: +12% damage and +10% healing for two turns.[/color],[color=yellow]Constellation Complete: +12% damage and +10% healing for two turns.[/color],[color=yellow]Costellazione completata: +12% ai danni e +10% alle cure per due turni.[/color],[color=yellow]Sternbild vollständig: +12% Schaden und +10% Heilung für zwei Züge.[/color],[color=yellow]Constellation complète : +12% de dégâts et +10% de soins pendant deux tours.[/color]
Living Root Network,Living Root Network,Rete di Radici Viventi,Lebendes Wurzelnetz,Réseau de Racines Vivantes
[color=yellow]Pressure reaches 100: the party suffers 10% maximum-HP damage.[/color],[color=yellow]Pressure reaches 100: the party suffers 10% maximum-HP damage.[/color],[color=yellow]La Pressione raggiunge 100: il gruppo subisce danni pari al 10% dei PV massimi.[/color],[color=yellow]Der Druck erreicht 100: die Gruppe erleidet Schaden in Höhe von 10% der maximalen LP.[/color],[color=yellow]La Pression atteint 100 : le groupe subit des dégâts égaux à 10% des PV maximum.[/color]
[color=yellow]The turning sign lashes the party for %s%% maximum HP.[/color],[color=yellow]The turning sign lashes the party for %s%% maximum HP.[/color],[color=yellow]Il segno rotante flagella il gruppo infliggendo danni pari al %s%% dei PV massimi.[/color],[color=yellow]Das wechselnde Zeichen peitscht die Gruppe für %s%% der maximalen LP.[/color],[color=yellow]Le signe qui tourne fouette le groupe pour %s%% des PV maximum.[/color]
[color=yellow]The Constellation Dial turns to %s.[/color],[color=yellow]The Constellation Dial turns to %s.[/color],[color=yellow]Il Quadrante della Costellazione passa a %s.[/color],[color=yellow]Das Sternbildzifferblatt dreht sich auf %s.[/color],[color=yellow]Le Cadran des Constellations passe à %s.[/color]
[color=yellow]Total Eclipse strikes the party for 10% maximum HP.[/color],[color=yellow]Total Eclipse strikes the party for 10% maximum HP.[/color],[color=yellow]L'Eclissi Totale colpisce il gruppo infliggendo danni pari al 10% dei PV massimi.[/color],[color=yellow]Die Totale Finsternis trifft die Gruppe für 10% der maximalen LP.[/color],[color=yellow]L'Éclipse Totale frappe le groupe pour 10% des PV maximum.[/color]
[color=yellow]The Eclipse Clock turns to %s.[/color],[color=yellow]The Eclipse Clock turns to %s.[/color],[color=yellow]L'Orologio dell'Eclissi passa a %s.[/color],[color=yellow]Die Finsternisuhr springt auf %s.[/color],[color=yellow]L'Horloge de l'Éclipse passe à %s.[/color]
[color=yellow]Orrun absorbs %s living Root Nodes and enters phase two.[/color],[color=yellow]Orrun absorbs %s living Root Nodes and enters phase two.[/color],[color=yellow]Orrun assorbe %s Nodi Radice viventi ed entra nella seconda fase.[/color],[color=yellow]Orrun nimmt %s lebende Wurzelknoten auf und tritt in Phase zwei ein.[/color],[color=yellow]Orrun absorbe %s Nœuds de Racine vivants et entre en phase deux.[/color]
[color=yellow]Roadbreaker tears open the rear line: two Root Nodes emerge.[/color],[color=yellow]Roadbreaker tears open the rear line: two Root Nodes emerge.[/color],[color=yellow]Spezzavia squarcia la retroguardia: emergono due Nodi Radice.[/color],[color=yellow]Wegbrecher reißt die hintere Reihe auf: zwei Wurzelknoten treten hervor.[/color],[color=yellow]Brise-Route déchire la ligne arrière : deux Nœuds de Racine émergent.[/color]
[color=yellow]Low pressure exposes Nhalassa's bell: +20% damage taken.[/color],[color=yellow]Low pressure exposes Nhalassa's bell: +20% damage taken.[/color],[color=yellow]La bassa Pressione espone la campana di Nhalassa: +20% ai danni subiti.[/color],[color=yellow]Niedriger Druck legt Nhalassas Glocke frei: +20% erlittener Schaden.[/color],[color=yellow]Une faible Pression expose la cloche de Nhalassa : +20% de dégâts subis.[/color]
[color=yellow]Veyra begins Devour the Pattern. Complete the constellation before six turns pass.[/color],[color=yellow]Veyra begins Devour the Pattern. Complete the constellation before six turns pass.[/color],[color=yellow]Veyra avvia Divora lo Schema. Completa la costellazione prima che trascorrano sei turni.[/color],"[color=yellow]Veyra beginnt Verschlinge das Muster. Vollende das Sternbild, bevor sechs Züge vergehen.[/color]",[color=yellow]Veyra lance Dévorer le Schéma. Complète la constellation avant que six tours ne passent.[/color]
[color=yellow]Full Lastlight answers the lethal eclipse: Aster deals 35% less damage for eight turns.[/color],[color=yellow]Full Lastlight answers the lethal eclipse: Aster deals 35% less damage for eight turns.[/color],[color=yellow]L'Ultimaluce piena risponde all'eclissi letale: Aster infligge il 35% di danni in meno per otto turni.[/color],[color=yellow]Volles Letztlicht antwortet der tödlichen Finsternis: Aster verursacht acht Züge lang 35% weniger Schaden.[/color],[color=yellow]La Dernière Lueur pleine répond à l'éclipse létale : Aster inflige 35% de dégâts en moins pendant huit tours.[/color]
[color=yellow]No Road Remains begins without enough Lastlight.[/color],[color=yellow]No Road Remains begins without enough Lastlight.[/color],[color=yellow]Non Resta Alcuna Via ha inizio senza abbastanza Ultimaluce.[/color],[color=yellow]Kein Weg bleibt beginnt ohne genug Letztlicht.[/color],[color=yellow]Nulle Route ne Demeure commence sans assez de Dernière Lueur.[/color]
[color=yellow]The completed constellation breaks Veyra's Devour the Pattern.[/color],[color=yellow]The completed constellation breaks Veyra's Devour the Pattern.[/color],[color=yellow]La costellazione completata interrompe Divora lo Schema di Veyra.[/color],[color=yellow]Das vollendete Sternbild bricht Veyras Verschlinge das Muster.[/color],[color=yellow]La constellation achevée brise Dévorer le Schéma de Veyra.[/color]
[color=#d8b34b]%s unleashes %s![/color],[color=#d8b34b]%s unleashes %s![/color],[color=#d8b34b]%s scatena %s![/color],[color=#d8b34b]%s entfesselt %s![/color],[color=#d8b34b]%s déchaîne %s ![/color]
The trial is complete.,The trial is complete.,La prova è completata.,Die Prüfung ist abgeschlossen.,L'épreuve est terminée.
The daily raid is complete.,The daily raid is complete.,Il raid giornaliero è completato.,Der tägliche Raid ist abgeschlossen.,Le Raid quotidien est terminé.
[color=yellow]Raid boss defeated. %s[/color],[color=yellow]Raid boss defeated. %s[/color],[color=yellow]Boss del raid sconfitto. %s[/color],[color=yellow]Raid-Boss besiegt. %s[/color],[color=yellow]Boss du Raid vaincu. %s[/color]
Raid encounter cleared,Raid encounter cleared,Scontro del raid superato,Raid-Begegnung geschafft,Rencontre de Raid franchie
[color=yellow]The crushing undertow exacts 4% maximum HP from the party.[/color],[color=yellow]The crushing undertow exacts 4% maximum HP from the party.[/color],[color=yellow]Il risucchio schiacciante infligge al gruppo danni pari al 4% dei PV massimi.[/color],[color=yellow]Der zermalmende Sog fordert 4% der maximalen LP von der Gruppe.[/color],[color=yellow]Le ressac écrasant prélève 4% des PV maximum du groupe.[/color]
[color=yellow]Raid progress [%s/%s]. %s[/color],[color=yellow]Raid progress [%s/%s]. %s[/color],[color=yellow]Progresso del raid [%s/%s]. %s[/color],[color=yellow]Raid-Fortschritt [%s/%s]. %s[/color],[color=yellow]Progression du Raid [%s/%s]. %s[/color]
[color=#b8f0c0]Wing cleared. Surviving heroes recover 10% HP and MP.[/color],[color=#b8f0c0]Wing cleared. Surviving heroes recover 10% HP and MP.[/color],[color=#b8f0c0]Ala superata. Gli eroi sopravvissuti recuperano il 10% di PV e PM.[/color],[color=#b8f0c0]Flügel geschafft. Überlebende Helden erholen sich um 10% LP und MP.[/color],[color=#b8f0c0]Aile franchie. Les héros survivants récupèrent 10% de PV et de PM.[/color]
[color=yellow]The raid party was defeated. %s[/color],[color=yellow]The raid party was defeated. %s[/color],[color=yellow]Il gruppo del raid è stato sconfitto. %s[/color],[color=yellow]Die Raid-Gruppe wurde besiegt. %s[/color],[color=yellow]Le groupe de Raid a été vaincu. %s[/color]
Abyssal Beacon Core,Abyssal Beacon Core,Nucleo del Faro Abissale,Abyssaler Leuchtfeuerkern,Noyau de Balise Abyssale
Colossus Heartwood,Colossus Heartwood,Durame del Colosso,Kolossen-Kernholz,Duramen du Colosse
Fallen Star Prism,Fallen Star Prism,Prisma della Stella Caduta,Prisma des gefallenen Sterns,Prisme de l'Étoile Déchue
First-Dawn Ember,First-Dawn Ember,Brace della Prima Alba,Glut des ersten Morgenrots,Braise de la Première Aube
Bell of the Lightless Deep,Bell of the Lightless Deep,Campana dell'Abisso Senza Luce,Glocke der lichtlosen Tiefe,Cloche des Profondeurs Sans Lumière
Heart of the Marching Grove,Heart of the Marching Grove,Cuore del Bosco in Marcia,Herz des marschierenden Hains,Cœur du Bosquet en Marche
Signet of the Last Road,Signet of the Last Road,Sigillo dell'Ultima Via,Siegelring des Letzten Wegs,Sceau de la Dernière Route
Veyra's Unswallowed Eye,Veyra's Unswallowed Eye,Occhio Non Divorato di Veyra,Veyras unver­schlungenes Auge,Œil non avalé de Veyra
Astral Rune Piece,Astral Rune Piece,Scheggia astrale,Astrales Runenfragment,Fragment de rune astral
Tidal Rune Piece,Tidal Rune Piece,Scheggia mareale,Gezeiten-Runenfragment,Fragment de rune de marée
Verdant Rune Piece,Verdant Rune Piece,Scheggia verde,Grünes Runen­fragment,Fragment de rune verdoyant
Eclipse Rune Piece,Eclipse Rune Piece,Scheggia eclissi,Finsternis-Runenfragment,Fragment de rune d'éclipse
A Lantern Below the Tide,A Lantern Below the Tide,Una Lanterna Sotto la Marea,Eine Laterne unter der Flut,Une Lanterne sous la Marée
Road to the Last Road,Road to the Last Road,Verso l'Ultima Via,Zum Letzten Weg,Vers la Dernière Route
The Constellation Hunt,The Constellation Hunt,Caccia alla Costellazione,Die Sternbildjagd,La Chasse à la Constellation
The Four Roots Answer,The Four Roots Answer,Le Quattro Radici Rispondono,Die vier Wurzeln antworten,Les Quatre Racines Répondent
Concordance of Dawn and Dusk,Concordance of Dawn and Dusk,Concordanza dell'Alba e del Crepuscolo,Eintracht von Morgenrot und Abend­dämmerung,Concordance de l'Aube et du Crépuscule
Fourfold Root Key,Fourfold Root Key,Chiave della Quadruplice Radice,Vierfacher Wurzelschlüssel,Clé des quatre racines
Hunter's Star Chart,Hunter's Star Chart,Carta Stellare del Cacciatore,Sternenkarte des Jägers,Carte Stellaire du Chasseur
Rekindled Depth-Lantern,Rekindled Depth-Lantern,Lanterna delle Profondità Riaccesa,Neu entfachte Tiefenlaterne,Lanterne des Profondeurs Rallumée
The Broken Mile,The Broken Mile,Il Miglio Infranto,Die zerbrochene Meile,Le Mille Brisé
The Dawnless Threshold,The Dawnless Threshold,La Soglia Senz'Alba,Die Schwelle ohne Morgenrot,Le Seuil Sans Aube
The Root-Crowned Span,The Root-Crowned Span,La Campata dalla Corona di Radici,Die Wurzelgekrönte Brücke,L'Arche Couronnée de Racines
A forgiving echo teaches the company to answer dusk with both steel and spell.,A forgiving echo teaches the company to answer dusk with both steel and spell.,Un'eco indulgente insegna alla compagnia a rispondere al crepuscolo sia con l'acciaio sia con gli incantesimi.,"Ein nachsichtiges Echo lehrt die Gesellschaft, der Abenddämmerung mit Stahl und Zauber zugleich zu begegnen.",Un Écho indulgent apprend à la compagnie à répondre au crépuscule par l'acier autant que par le sort.
A near-final rehearsal demands twelve lights and enough Lastlight to cross the eclipse.,A near-final rehearsal demands twelve lights and enough Lastlight to cross the eclipse.,Una prova quasi definitiva richiede dodici luci e abbastanza Ultimaluce da attraversare l'eclissi.,"Eine fast letzte Generalprobe verlangt zwölf Lichter und genug Letztlicht, um die Finsternis zu durchqueren.",Une répétition presque finale exige douze lumières et assez de Dernière Lueur pour traverser l'éclipse.
The restored root tests whether six traditions can survive as one company.,The restored root tests whether six traditions can survive as one company.,La radice restaurata mette alla prova la capacità di sei tradizioni di sopravvivere come un'unica compagnia.,"Die wiederhergestellte Wurzel prüft, ob sechs Traditionen als eine Gesellschaft überleben können.",La racine restaurée éprouve la capacité de six traditions à survivre en une seule compagnie.
Abyssal Lamplighter,Abyssal Lamplighter,Lampionaio Abissale,Abyssaler Laternenanzünder,Allumeur de Lanternes Abyssal
Ash Abbot,Ash Abbot,Abate delle Ceneri,Aschenabt,Abbé des cendres
Ash Seal,Ash Seal,Sigillo di Cenere,Aschensiegel,Sceau de cendre
Ashen Disciple,Ashen Disciple,Discepolo Cinereo,Aschener Jünger,Disciple cendré
"Aster Null, Eclipse Incarnate","Aster Null, Eclipse Incarnate","Aster Null, Incarnazione dell'Eclissi","Aster Null, fleischgewordene Finsternis","Aster Null, l'Éclipse Incarnée"
Black Banner Marshal,Black Banner Marshal,Maresciallo dello Stendardo Nero,Marschall des Schwarzen Banners,Maréchal de la Bannière Noire
Bog Iron Beetle,Bog Iron Beetle,Scarabeo di Ferro Palustre,Sumpfeisen-Käfer,Scarabée de Fer des Tourbières
Brinebound Marauder,Brinebound Marauder,Predone Salmastro,Solegebundener Marodeur,Maraudeur Lié à la Saumure
Burrowing Heartworm,Burrowing Heartworm,Verme Scavatore del Cuore,Grabender Herzwurm,Ver de Cœur Fouisseur
Canopy Witch,Canopy Witch,Strega delle Fronde,Blätterdachhexe,Sorcière de la canopée
Chimera Matron,Chimera Matron,Matrona Chimera,Chimärenmatrone,Matrone chimère
Cinder Monk,Cinder Monk,Monaco della Brace,Glutmönch,Moine des braises
Citadel Vanguard,Citadel Vanguard,Avanguardia della Cittadella,Zitadellen-Vorhut,Avant-garde de la Citadelle
Cometwing Hunter,Cometwing Hunter,Cacciatore Alacometa,Kometenflügel-Jäger,Chasseur Aile-de-Comète
Crownless Regent,Crownless Regent,Reggente Senza Corona,Kronloser Regent,Régent Sans Couronne
Dawnless Knight,Dawnless Knight,Cavaliere Senz'Alba,Ritter ohne Morgenrot,Chevalier Sans Aube
Drowned Oarsman,Drowned Oarsman,Rematore Annegato,Ertrunkener Ruderer,Rameur Noyé
Drowned Sentry,Drowned Sentry,Sentinella Annegata,Ertrunkener Wachposten,Sentinelle Noyée
Drowned Tollkeeper,Drowned Tollkeeper,Gabelliere Annegato,Ertrunkener Zöllner,Péager Noyé
Earth Slime,Earth Slime,Slime della Terra,Erd-Slime,Slime de terre
Eclipse Engine,Eclipse Engine,Motore dell'Eclissi,Finsternismaschine,Moteur de l'Éclipse
Eclipse Herald,Eclipse Herald,Araldo dell'Eclissi,Finsternisherold,Héraut de l'Éclipse
Ember Prism,Ember Prism,Prisma di Brace,Glutprisma,Prisme de braise
Ember Seal,Ember Seal,Sigillo di Brace,Glutsiegel,Sceau de braise
Ferrum Rootmind,Ferrum Rootmind,Menteradice Ferrum,Ferrum-Wurzelgeist,Esprit-Racine de Ferrum
Fire Slime,Fire Slime,Slime di Fuoco,Feuer-Slime,Slime de feu
Frost Prism,Frost Prism,Prisma di Gelo,Frostprisma,Prisme de givre
Glasswing Astromancer,Glasswing Astromancer,Astromante Alacristallo,Glasflügel-Astromant,Astromancien Aile-de-Verre
Glasswing Scout,Glasswing Scout,Esploratore Alacristallo,Glasflügel-Späher,Éclaireur Aile-de-Verre
Grove Wisp,Grove Wisp,Fuoco Fatuo del Bosco,Hainirrlicht,Feu follet du bosquet
Heart's Custodian,Heart's Custodian,Custode del Cuore,Hüter des Herzens,Custode du Cœur
Hollow Castellan,Hollow Castellan,Castellano Vuoto,Hohler Kastellan,Castellan Creux
Hollow Roadwarden,Hollow Roadwarden,Guardiano Vuoto della Via,Hohler Wegewart,Gardien Creux de la Route
Hollow Star,Hollow Star,Stella Vuota,Hohler Stern,Étoile creuse
Ice Slime,Ice Slime,Slime di Ghiaccio,Eis-Slime,Slime de glace
Ironbark Treant,Ironbark Treant,Treant Scorzaferrea,Eisenrinden-Treant,Tréant d'Écorce de Fer
Ironbark Warden,Ironbark Warden,Guardiano Scorzaferrea,Eisenrinden-Wächter,Gardien d'Écorce de Fer
Lantern-Eater,Lantern-Eater,Divoralanterne,Laternenfresser,Dévoreur de lanternes
Lastlight Seraph,Lastlight Seraph,Serafino dell'Ultimaluce,Letztlicht-Seraph,Séraphin de la Dernière Lueur
Loam Mist,Loam Mist,Nebbia di Terriccio,Lehmnebel,Brume de terreau
Menagerie Stitcher,Menagerie Stitcher,Ricucitore del Serraglio,Menagerie-Näher,Ravaudeur de la Ménagerie
Mist Slime,Mist Slime,Slime della Nebbia,Nebel-Slime,Slime de brume
Mossfang Wolf,Mossfang Wolf,Lupo Zannamuschio,Moroszahn-Wolf,Loup croc-de-mousse
"Nhalassa, Bell Beneath the Tide","Nhalassa, Bell Beneath the Tide","Nhalassa, Campana Sotto la Marea","Nhalassa, Glocke unter der Flut","Nhalassa, Cloche sous la Marée"
Orbit Devourer,Orbit Devourer,Divoratore Orbitale,Orbitverschlinger,Dévoreur d'Orbite
Orbit Sentinel,Orbit Sentinel,Sentinella Orbitale,Orbit-Schildwache,Sentinelle Orbitale
"Orrun, the Walking Grove","Orrun, the Walking Grove","Orrun, il Bosco in Cammino","Orrun, der wandelnde Hain","Orrun, le Bosquet Ambulant"
Patchwork Horror,Patchwork Horror,Orrore Rattoppato,Flickwerk-Schrecken,Horreur de Rapiéçage
Poison Slime,Poison Slime,Slime Velenoso,Gift-Slime,Slime venimeux
Pressure Wisp,Pressure Wisp,Fuoco Fatuo della Pressione,Druckirrlicht,Feu follet de pression
Prism Slime,Prism Slime,Slime Prismatico,Prismen-Slime,Slime prismatique
Reefplate Sentinel,Reefplate Sentinel,Sentinella dalla Corazza di Scogliera,Riffplatten-Schildwache,Sentinelle aux Plaques de Récif
Root Node,Root Node,Nodo Radice,Wurzelknoten,Nœud de racine
Root Seal,Root Seal,Sigillo di Radice,Wurzelsiegel,Sceau de racine
Rootbound Vanguard,Rootbound Vanguard,Avanguardia Radicata,Wurzelgebundene Vorhut,Avant-garde Liée aux Racines
Rootcoil Knight,Rootcoil Knight,Cavaliere Spiraradice,Spiralwurzel-Ritter,Chevalier Racine-Spiralée
Root-Crowned Herald,Root-Crowned Herald,Araldo dalla Corona di Radici,Wurzelgekrönter Herold,Héraut Couronné de Racines
Sap Colossling,Sap Colossling,Colossino di Linfa,Saft-Kolössling,Colossillon de Sève
Sapblood Oracle,Sapblood Oracle,Oracolo della Linfa Sanguigna,Saftblut-Orakel,Oracle de Sève Sanglante
Sealbreaker,Sealbreaker,Spezzasigilli,Siegelbrecher,Brise-sceau
Slime King,Slime King,Re degli Slime,Slime-König,Roi des slimes
Sootbound Keeper,Sootbound Keeper,Custode della Fuliggine,Rußgebundener Hüter,Gardien Lié à la Suie
Sporebound Shaman,Sporebound Shaman,Sciamano delle Spore,Sporengebundener Schamane,Chaman Lié aux Spores
Starhide Prowler,Starhide Prowler,Predatore Pellestellare,Sternenhaut-Schleicher,Rôdeur à la Peau d'Étoile
Thorn Choir,Thorn Choir,Coro di Spine,Dornenchor,Chœur d'épines
Thornback Boar,Thornback Boar,Cinghiale Dorsospina,Dornrücken-Eber,Sanglier Dos-d'Épines
Tide Seal,Tide Seal,Sigillo di Marea,Gezeitensiegel,Sceau de marée
Tide Wisp,Tide Wisp,Fuoco Fatuo della Marea,Gezeitenirrlicht,Feu follet de marée
Tide-Sworn Cantor,Tide-Sworn Cantor,Cantore Devoto alla Marea,Gezeitenvereidigter Kantor,Chantre Voué à la Marée
Umbral Stalker,Umbral Stalker,Predatore Umbratile,Schattenpirscher,Traqueur Ombreux
Vault Sentinel,Vault Sentinel,Sentinella della Cripta,Gewölbe-Schildwache,Sentinelle de la Crypte
Veinroot Beast,Veinroot Beast,Bestia Radicevenata,Aderwurzel-Biest,Bête Racine-Veinée
Venom Mist,Venom Mist,Nebbia Velenosa,Giftnebel,Brume venimeuse
"Veyra, the Star-Eating Chimera","Veyra, the Star-Eating Chimera","Veyra, la Chimera Divorastelle","Veyra, die sternenfressende Chimäre","Veyra, la Chimère Dévoreuse d'Étoiles"
Voidglass Seer,Voidglass Seer,Veggente del Vetro del Vuoto,Leerenglas-Seher,Voyant du Verre du Vide
Wick Wraith,Wick Wraith,Spettro dello Stoppino,Dochtgespenst,Spectre de la mèche
Abbot Seal,Abbot Seal,Sigillo dell'Abate,Abtsiegel,Sceau de l'abbé
Aether Lens Shard,Aether Lens Shard,Scheggia di Lente d'Etere,Ätherlinsen-Splitter,Éclat de Lentille d'Éther
Arcane Silt,Arcane Silt,Limo Arcano,Arkaner Schlick,Limon arcanique
Astral Lens,Astral Lens,Lente Astrale,Astrallinse,Lentille astrale
Beast Hide,Beast Hide,Pelle di Bestia,Bestienhaut,Peau de bête
Black Banner Cloth,Black Banner Cloth,Stoffa dello Stendardo Nero,Schwarzes Bannertuch,Étoffe de la Bannière Noire
Bog Iron Ore,Bog Iron Ore,Minerale di Ferro Palustre,Sumpfeisenerz,Minerai de fer des marais
Bone Mosaic,Bone Mosaic,Mosaico d'Ossa,Knochenmosaik,Mosaïque d'os
Brinecloth,Brinecloth,Tessuto Salmastro,Salzlakentuch,Étoffe de saumure
Chimera Hide,Chimera Hide,Pelle di Chimera,Chimärenhaut,Peau de chimère
Cinder Ash,Cinder Ash,Cenere di Brace,Glutasche,Cendre ardente
Condensed Mist,Condensed Mist,Nebbia Condensata,Verdichteter Nebel,Brume condensée
Coral Rivet,Coral Rivet,Rivetto di Corallo,Korallenniete,Rivet de corail
Crownless Steel,Crownless Steel,Acciaio Senza Corona,Kronloser Stahl,Acier Sans Couronne
Dawn Ash,Dawn Ash,Cenere dell'Alba,Morgenasche,Cendre de l'aube
Deepwater Oil,Deepwater Oil,Olio degli Abissi,Tiefwasseröl,Huile des abysses
Devoured Flame,Devoured Flame,Fiamma Divorata,Verschlungene Flamme,Flamme Dévorée
Ember gel,Ember gel,Gel di Brace,Glutgel,Gel de braise
Ember Ink,Ember Ink,Inchiostro di Brace,Gluttinte,Encre de braise
Ferric Root,Ferric Root,Radice Ferrosa,Eisenwurzel,Racine ferreuse
Frost gel,Frost gel,Gel di Gelo,Frostgel,Gel de givre
Gleamwater,Gleamwater,Acquafulgida,Glanzwasser,Eau scintillante
Heartwood,Heartwood,Durame,Kernholz,Bois de cœur
Hollow Star Shard,Hollow Star Shard,Frammento di Stella Vuota,Hohler Sternensplitter,Éclat d'Étoile Creuse
Ironbark Chunk,Ironbark Chunk,Pezzo di Scorzaferrea,Eisenrinden-Brocken,Morceau d'Écorce de Fer
Ironbark Seed,Ironbark Seed,Seme di Scorzaferrea,Eisenrindensamen,Graine d'écorce de fer
Keeper Flame,Keeper Flame,Fiamma del Custode,Flamme des Hüters,Flamme du gardien
Keeper Wick,Keeper Wick,Stoppino del Custode,Docht des Hüters,Mèche du gardien
Lantern Alloy,Lantern Alloy,Lega della Lanterna,Laternenlegierung,Alliage de lanterne
Lifeblood Sap,Lifeblood Sap,Linfa Vitale,Lebensblutsaft,Sève vitale
Luminous Spore,Luminous Spore,Spora Luminosa,Leuchtende Spore,Spore Lumineuse
Matron Eye,Matron Eye,Occhio della Matrona,Auge der Matrone,Œil de la matrone
Meteor Dust,Meteor Dust,Polvere Meteorica,Meteorstaub,Poussière de météore
Moss gel,Moss gel,Gel di Muschio,Moosgel,Gel de mousse
Mycelial Cord,Mycelial Cord,Cordone miceliale,Myzelstrang,Cordon mycélien
Null Wax,Null Wax,Cera del Nulla,Nullwachs,Cire du néant
Orbit Thread,Orbit Thread,Filo Orbitale,Orbitfaden,Fil orbital
Prayer Bead,Prayer Bead,Grano da Preghiera,Gebetsperle,Perle de prière
Prism Shard,Prism Shard,Scheggia Prismatica,Prismensplitter,Éclat prismatique
Prismatic Crown Jewel,Prismatic Crown Jewel,Gioiello della Corona Prismatica,Prismatisches Kronjuwel,Joyau de la Couronne Prismatique
Regal Rivet,Regal Rivet,Rivetto Regale,Königliche Niete,Rivet royal
Regent Signet,Regent Signet,Sigillo del Reggente,Regentensiegel,Sceau du régent
Root Amber,Root Amber,Ambra di Radice,Wurzelbernstein,Ambre de racine
Rootmind Core,Rootmind Core,Nucleo della Menteradice,Wurzelgeist-Kern,Noyau d'esprit-racine
Rootsteel Ore,Rootsteel Ore,Minerale di Acciaioradice,Wurzelstahlerz,Minerai d'acier-racine
Shadow Gland,Shadow Gland,Ghiandola d'Ombra,Schattendrüse,Glande d'ombre
Sootglass,Sootglass,Vetrofuliggine,Rußglas,Verre de suie
Starglass Fragment,Starglass Fragment,Frammento di Vetrostellare,Sternenglas-Fragment,Fragment de Verre Stellaire
Sylvan Fiber,Sylvan Fiber,Fibra Silvestre,Waldfaser,Fibre sylvestre
Tideglass Shard,Tideglass Shard,Scheggia di Vetromarea,Gezeitenglas-Splitter,Éclat de Verre de Marée
Tollkeeper Bell,Tollkeeper Bell,Campana del Gabelliere,Zöllnerglocke,Cloche du Péager
Toxic gel,Toxic gel,Gel Tossico,Giftgel,Gel toxique
Umbral Sinew,Umbral Sinew,Tendine Umbratile,Umbrale Sehne,Tendon d'ombre
Vault Ember,Vault Ember,Brace della Cripta,Gruftglut,Braise de la crypte
Veinleaf,Veinleaf,Foglia Venata,Aderblatt,Feuille veinée
Void Filament,Void Filament,Filamento del Vuoto,Leerenfilament,Filament du vide
Vow Silk,Vow Silk,Seta dei Voti,Gelübdeseide,Soie des vœux
Eclipse Thread,Eclipse Thread,Filo dell'Eclissi,Finsternisfaden,Fil de l'Éclipse
Lastlight Crystal,Lastlight Crystal,Cristallo di Ultimaluce,Letztlicht-Kristall,Cristal de Dernière Lueur
A brutal siege shade designed to crush protection and finish wounded heroes.,A brutal siege shade designed to crush protection and finish wounded heroes.,"Un'ombra d'assedio brutale, creata per infrangere le protezioni e finire gli eroi feriti.","Ein brutaler Belagerungsschatten, geschaffen, um Schutz zu zerschmettern und verwundete Helden zu erledigen.","Une ombre de siège brutale, conçue pour broyer les protections et achever les héros blessés."
A burning prison seal that favors critical magical pressure.,A burning prison seal that favors critical magical pressure.,Un sigillo carcerario ardente che favorisce la pressione magica critica.,"Ein brennendes Kerkersiegel, das kritischen magischen Druck begünstigt.",Un sceau de prison ardent qui favorise la pression magique critique.
A celestial surgeon that copies temporary advantages.,A celestial surgeon that copies temporary advantages.,Un chirurgo celestiale che copia i vantaggi temporanei.,"Ein himmlischer Chirurg, der zeitweilige Vorteile kopiert.",Un chirurgien céleste qui copie les avantages temporaires.
A channeler that forces the drowned avenue toward crushing pressure.,A channeler that forces the drowned avenue toward crushing pressure.,Un canalizzatore che spinge la via sommersa verso una pressione schiacciante.,"Ein Kanalisierer, der die ertrunkene Prachtstraße zu zermalmendem Druck treibt.",Un canaliseur qui pousse l'avenue noyée vers une pression écrasante.
A charging boar hardened by briars and layered bark.,A charging boar hardened by briars and layered bark.,"Un cinghiale in carica, temprato da rovi e strati di corteccia.","Ein stürmender Eber, gehärtet durch Dornen und geschichtete Rinde.","Un sanglier à la charge, endurci par les ronces et l'écorce en couches."
"A citadel keeper built around barriers, magic resistance, and patient control.","A citadel keeper built around barriers, magic resistance, and patient control.","Un custode della cittadella fondato su barriere, resistenza magica e controllo paziente.","Ein Zitadellenhüter, aufgebaut auf Barrieren, Magieresistenz und geduldiger Kontrolle.","Un gardien de citadelle bâti autour des barrières, de la résistance magique et d'un contrôle patient."
A colossal root intellect armored in ancient iron plates.,A colossal root intellect armored in ancient iron plates.,"Un'intelligenza radicale colossale, corazzata con antiche piastre di ferro.","Ein kolossaler Wurzelverstand, gepanzert mit uralten Eisenplatten.","Un intellect racinaire colossal, cuirassé de plaques de fer anciennes."
A commanding shade whose precise attacks punish weak formations.,A commanding shade whose precise attacks punish weak formations.,Un'ombra autoritaria i cui attacchi precisi puniscono le formazioni deboli.,"Ein befehlender Schatten, dessen präzise Angriffe schwache Formationen bestrafen.",Une ombre autoritaire dont les attaques précises punissent les formations faibles.
A countering bruiser that guards the route beyond the ending.,A countering bruiser that guards the route beyond the ending.,Un combattente massiccio che contrattacca e sorveglia la via oltre la fine.,"Ein konternder Schläger, der den Weg jenseits des Endes bewacht.",Une brute à riposte qui garde la route au-delà de la fin.
A dense depth prism surrounded by slow supernatural frost.,A dense depth prism surrounded by slow supernatural frost.,Un denso prisma delle profondità circondato da un lento gelo soprannaturale.,"Ein dichtes Tiefenprisma, umgeben von langsamem übernatürlichem Frost.","Un prisme des profondeurs dense, entouré d'un givre surnaturel et lent."
A dense orbiting beast vulnerable to physical pressure and decay.,A dense orbiting beast vulnerable to physical pressure and decay.,"Una massiccia bestia orbitante, vulnerabile alla pressione fisica e al Decadimento.","Ein dichtes umlaufendes Biest, verwundbar durch physischen Druck und Zerfall.","Une bête orbitale dense, vulnérable à la pression physique et au Déclin."
A depth-born prism charged with compressed flame.,A depth-born prism charged with compressed flame.,Un prisma nato nelle profondità e carico di fiamma compressa.,"Ein in den Tiefen geborenes Prisma, geladen mit verdichteter Flamme.","Un prisme né des profondeurs, chargé de flamme comprimée."
A disciplined empty-armored soldier that protects higher-priority threats.,A disciplined empty-armored soldier that protects higher-priority threats.,Un disciplinato soldato dall'armatura vuota che protegge le minacce più importanti.,"Ein disziplinierter Soldat in leerer Rüstung, der höherrangige Bedrohungen schützt.",Un soldat discipliné à l'armure vide qui protège les menaces les plus prioritaires.
A drifting vault spirit trailing fireproof keeper wick.,A drifting vault spirit trailing fireproof keeper wick.,Uno spirito errante della cripta che trascina stoppino ignifugo da custode.,"Ein treibender Gewölbegeist, der feuerfesten Hüterdocht hinter sich herzieht.","Un esprit de la crypte à la dérive, traînant une mèche de gardien ignifuge."
A drowned bruiser that attacks faster as pressure rises.,A drowned bruiser that attacks faster as pressure rises.,Un combattente annegato che attacca più rapidamente con l'aumentare della Pressione.,"Ein ertrunkener Schläger, der schneller angreift, je höher der Druck steigt.",Une brute noyée qui attaque plus vite à mesure que la Pression monte.
A drowned raider whose salt-caked armor supports long attrition fights.,A drowned raider whose salt-caked armor supports long attrition fights.,Un predone annegato la cui armatura incrostata di sale sostiene lunghe battaglie di logoramento.,"Ein ertrunkener Plünderer, dessen salzverkrustete Rüstung lange Zermürbungskämpfe trägt.",Un pillard noyé dont l'armure incrustée de sel soutient les longs combats d'usure.
A drowned singer that turns afflictions into healing and pressure.,A drowned singer that turns afflictions into healing and pressure.,Un cantore annegato che trasforma le afflizioni in cure e Pressione.,"Ein ertrunkener Sänger, der Leiden in Heilung und Druck verwandelt.",Un chanteur noyé qui transforme les afflictions en soins et en Pression.
"A drowned stone road where brine, decay, and attrition wear down careless parties.","A drowned stone road where brine, decay, and attrition wear down careless parties.","Una strada di pietra sommersa dove salamoia, Decadimento e logoramento consumano i gruppi imprudenti.","Eine ertrunkene Steinstraße, auf der Sole, Zerfall und Zermürbung unachtsame Gruppen aufreiben.","Une route de pierre noyée où saumure, Déclin et usure épuisent les groupes imprudents."
A durable hybrid stitched from incompatible beasts and reinforced organs.,A durable hybrid stitched from incompatible beasts and reinforced organs.,"Un ibrido resistente, ricucito da bestie incompatibili e organi rinforzati.","Ein widerstandsfähiger Hybrid, zusammengenäht aus unvereinbaren Bestien und verstärkten Organen.","Un hybride résistant, cousu à partir de bêtes incompatibles et d'organes renforcés."
A fallen celestial intelligence contained in a body of eclipse glass and living shadow.,A fallen celestial intelligence contained in a body of eclipse glass and living shadow.,"Un'intelligenza celestiale caduta, racchiusa in un corpo di vetro d'eclissi e ombra vivente.","Eine gefallene himmlische Intelligenz, eingeschlossen in einem Körper aus Finsternisglas und lebendem Schatten.","Une intelligence céleste déchue, contenue dans un corps de verre d'éclipse et d'ombre vivante."
"A final mixed farm of four elemental seals, layered defenses, burst, and endurance.","A final mixed farm of four elemental seals, layered defenses, burst, and endurance.","Un ultimo terreno di caccia misto con quattro sigilli elementali, difese stratificate, assalti esplosivi e resistenza.","Ein letztes gemischtes Jagdrevier aus vier Elementarsiegeln, geschichteten Verteidigungen, Schadensspitzen und Ausdauer.","Un dernier terrain de chasse mixte fait de quatre sceaux élémentaires, de défenses en couches, de dégâts explosifs et d'endurance."
"A final prison guardian combining precision, decay, and balanced defenses.","A final prison guardian combining precision, decay, and balanced defenses.","Un guardiano carcerario finale che unisce precisione, Decadimento e difese equilibrate.","Ein letzter Kerkerwächter, der Präzision, Zerfall und ausgewogene Verteidigung vereint.","Un ultime gardien de prison alliant précision, Déclin et défenses équilibrées."
A final-road defender whose armor changes with the Eclipse Clock.,A final-road defender whose armor changes with the Eclipse Clock.,Un difensore dell'Ultima Via la cui armatura muta con l'Orologio dell'Eclissi.,"Ein Verteidiger des Letzten Wegs, dessen Rüstung sich mit der Finsternisuhr wandelt.",Un défenseur de la dernière route dont l'armure change avec l'Horloge de l'Éclipse.
A flowing prison seal that survives through evasion and steady renewal.,A flowing prison seal that survives through evasion and steady renewal.,Un fluido sigillo carcerario che sopravvive grazie alla schivata e a un rinnovamento costante.,"Ein fließendes Kerkersiegel, das durch Ausweichen und stete Erneuerung überlebt.",Un sceau de prison fluide qui survit par l'esquive et un renouvellement constant.
A former vault keeper sealed inside smoke-dark glass armor.,A former vault keeper sealed inside smoke-dark glass armor.,"Un antico custode della cripta, sigillato in un'armatura di vetro annerito dal fumo.","Ein einstiger Gewölbehüter, versiegelt in einer Rüstung aus rauchdunklem Glas.",Un ancien gardien de la crypte scellé dans une armure de verre assombri par la fumée.
"A fortified ruin whose lieutenants demand control, cleansing, and focused priority damage.","A fortified ruin whose lieutenants demand control, cleansing, and focused priority damage.","Una rovina fortificata i cui luogotenenti esigono controllo, purificazione e danni concentrati sulle priorità.","Eine befestigte Ruine, deren Leutnants Kontrolle, Reinigung und gebündelten Prioritätsschaden verlangen.","Une ruine fortifiée dont les lieutenants exigent contrôle, purification et dégâts concentrés sur les priorités."
A fragile bubble spirit whose defeat releases trapped air.,A fragile bubble spirit whose defeat releases trapped air.,Un fragile spirito di bolle la cui sconfitta libera l'aria intrappolata.,"Ein zerbrechlicher Blasengeist, dessen Niederlage eingeschlossene Luft freisetzt.",Un fragile esprit de bulles dont la défaite libère l'air emprisonné.
A fungal root-caller whose magic erodes durable front lines.,A fungal root-caller whose magic erodes durable front lines.,Un evocatore di radici fungine la cui magia corrode le prime linee più resistenti.,"Ein Pilz-Wurzelrufer, dessen Magie widerstandsfähige Frontlinien zersetzt.",Un appeleur de racines fongique dont la magie érode les lignes de front les plus résistantes.
"A heavy earthen slime reinforced by stone fragments, roots, and living moss.","A heavy earthen slime reinforced by stone fragments, roots, and living moss.","Un pesante slime di terra rinforzato da frammenti di pietra, radici e muschio vivente.","Ein schwerer Erd-Slime, verstärkt durch Steinsplitter, Wurzeln und lebendes Moos.","Un Slime de terre lourd, renforcé par des éclats de pierre, des racines et de la mousse vivante."
A lantern-alloy guardian assigned to the sealed vault corridors.,A lantern-alloy guardian assigned to the sealed vault corridors.,Un guardiano in lega della lanterna assegnato ai corridoi sigillati della cripta.,"Ein Wächter aus Laternenlegierung, den versiegelten Gewölbegängen zugeteilt.",Un gardien en alliage de lanterne affecté aux couloirs scellés de la crypte.
A living arena root that protects and regenerates linked enemies.,A living arena root that protects and regenerates linked enemies.,Una radice vivente dell'arena che protegge e rigenera i nemici collegati.,"Eine lebende Arenawurzel, die verbundene Gegner schützt und regeneriert.",Une racine vivante de l'arène qui protège et régénère les ennemis liés.
A living chamber of heavy renewal and escalating decay that tests optimized sustain.,A living chamber of heavy renewal and escalating decay that tests optimized sustain.,"Una camera vivente di intenso rinnovamento e Decadimento crescente, che mette alla prova una tenuta ottimizzata.","Eine lebende Kammer aus starker Erneuerung und wachsendem Zerfall, die optimierte Ausdauer auf die Probe stellt.",Une chambre vivante de renouvellement intense et de Déclin croissant qui met à l'épreuve une endurance optimisée.
"A living collection of hybrid attacks, high evasion, and mixed defenses.","A living collection of hybrid attacks, high evasion, and mixed defenses.","Una collezione vivente di attacchi ibridi, elevata schivata e difese miste.","Eine lebende Sammlung aus Hybridangriffen, hohem Ausweichen und gemischten Verteidigungen.","Une collection vivante d'attaques hybrides, d'esquive élevée et de défenses mixtes."
A many-jointed hunter that shifts between physical and magical pressure.,A many-jointed hunter that shifts between physical and magical pressure.,Un cacciatore dalle molte articolazioni che alterna pressione fisica e magica.,"Ein vielgelenkiger Jäger, der zwischen physischem und magischem Druck wechselt.",Un chasseur aux nombreuses articulations qui alterne pression physique et magique.
A massive beetle carrying a rusted iron shell from the forest bogs.,A massive beetle carrying a rusted iron shell from the forest bogs.,Un enorme scarabeo dal guscio di ferro arrugginito proveniente dalle paludi della foresta.,Ein massiger Käfer mit einem rostigen Eisenpanzer aus den Waldmooren.,Un scarabée massif portant une carapace de fer rouillé venue des tourbières de la forêt.
A massive keeper that rings a corroded bell to measure every trespass.,A massive keeper that rings a corroded bell to measure every trespass.,Un enorme custode che suona una campana corrosa per misurare ogni intrusione.,"Ein massiger Hüter, der eine zerfressene Glocke läutet, um jedes Eindringen zu bemessen.",Un gardien massif qui sonne une cloche corrodée pour mesurer chaque intrusion.
A massive living root-beast whose wounds close almost as quickly as they open.,A massive living root-beast whose wounds close almost as quickly as they open.,Un'enorme bestia-radice vivente le cui ferite si chiudono quasi alla stessa velocità con cui si aprono.,"Ein massiges lebendes Wurzelbiest, dessen Wunden sich fast so schnell schließen, wie sie aufreißen.",Une bête-racine vivante et massive dont les plaies se referment presque aussi vite qu'elles s'ouvrent.
"A master of broken lenses and lethal, perfectly aligned starfire.","A master of broken lenses and lethal, perfectly aligned starfire.",Un maestro di lenti infrante e letale fuoco stellare perfettamente allineato.,"Ein Meister zerbrochener Linsen und tödlichen, perfekt ausgerichteten Sternenfeuers.","Un maître des lentilles brisées et d'un feu stellaire létal, parfaitement aligné."
A mobile disruptor that weakens the strongest attacker.,A mobile disruptor that weakens the strongest attacker.,Un sabotatore mobile che indebolisce l'attaccante più forte.,"Ein beweglicher Störer, der den stärksten Angreifer schwächt.",Un perturbateur mobile qui affaiblit l'attaquant le plus puissant.
A pale depth-slime whose half-formed body drifts through the elemental mist.,A pale depth-slime whose half-formed body drifts through the elemental mist.,Un pallido slime delle profondità il cui corpo incompleto fluttua nella nebbia elementale.,"Ein blasser Tiefen-Slime, dessen halb geformter Körper durch den Elementarnebel treibt.",Un Slime des profondeurs pâle dont le corps à demi formé dérive dans la brume élémentaire.
A plated prison seal with extreme durability and regeneration.,A plated prison seal with extreme durability and regeneration.,Un sigillo carcerario corazzato dotato di resistenza e rigenerazione estreme.,Ein gepanzertes Kerkersiegel mit extremer Widerstandskraft und Regeneration.,Un sceau de prison cuirassé d'une robustesse et d'une régénération extrêmes.
A plated root guardian that turns patient defense into crushing counters.,A plated root guardian that turns patient defense into crushing counters.,Un guardiano radicale corazzato che trasforma una difesa paziente in contrattacchi devastanti.,"Ein gepanzerter Wurzelwächter, der geduldige Verteidigung in zermalmende Konter verwandelt.",Un gardien racinaire cuirassé qui transforme une défense patiente en ripostes écrasantes.
A quick current-spirit that attacks through armor and vanishes into spray.,A quick current-spirit that attacks through armor and vanishes into spray.,Un rapido spirito della corrente che attraversa le armature con i suoi attacchi e svanisce negli spruzzi.,"Ein schneller Strömungsgeist, der durch Rüstungen hindurch angreift und in Gischt verschwindet.",Un esprit de courant rapide qui frappe à travers l'armure et s'évanouit dans les embruns.
A radiant attacker that steals stored Lastlight.,A radiant attacker that steals stored Lastlight.,Un attaccante radioso che ruba l'Ultimaluce accumulata.,"Ein strahlender Angreifer, der gespeichertes Letztlicht stiehlt.",Un attaquant radieux qui dérobe la Dernière Lueur accumulée.
A ranged predator that accelerates beneath the Ranged sign.,A ranged predator that accelerates beneath the Ranged sign.,Un predatore a distanza che accelera sotto il segno della Distanza.,"Ein Fernkampf-Raubtier, das unter dem Fernkampf-Zeichen beschleunigt.",Un prédateur à distance qui accélère sous le signe À distance.
A razor-winged celestial scout that is difficult to pin down.,A razor-winged celestial scout that is difficult to pin down.,"Un esploratore celestiale dalle ali taglienti, difficile da bloccare.","Ein himmlischer Späher mit Klingenflügeln, der schwer zu fassen ist.","Un éclaireur céleste aux ailes tranchantes, difficile à immobiliser."
A reef-armored defender with immense physical resistance.,A reef-armored defender with immense physical resistance.,Un difensore corazzato di scogliera con un'immensa resistenza fisica.,Ein riffgepanzerter Verteidiger mit gewaltiger physischer Widerstandskraft.,Un défenseur cuirassé de récif doté d'une immense résistance physique.
A refractive depth-slime that splits elemental light through a crystal core.,A refractive depth-slime that splits elemental light through a crystal core.,Uno slime rifrangente delle profondità che scompone la luce elementale attraverso un nucleo cristallino.,"Ein lichtbrechender Tiefen-Slime, der Elementarlicht durch einen Kristallkern zerlegt.",Un Slime des profondeurs réfringent qui décompose la lumière élémentaire à travers un noyau de cristal.
A resilient monastery guardian whose ember strikes build sudden pressure.,A resilient monastery guardian whose ember strikes build sudden pressure.,Un resistente guardiano del monastero i cui colpi di brace generano pressione improvvisa.,"Ein zäher Klosterwächter, dessen Glutschläge plötzlichen Druck aufbauen.",Un gardien de monastère résistant dont les frappes de braise font monter une pression soudaine.
A root oracle that converts living sap into magic and corrosive decay.,A root oracle that converts living sap into magic and corrosive decay.,Un oracolo radicale che converte linfa vivente in magia e Decadimento corrosivo.,"Ein Wurzelorakel, das lebenden Saft in Magie und ätzenden Zerfall verwandelt.",Un oracle racinaire qui convertit la sève vivante en magie et en Déclin corrosif.
A rootbound caster that restores damaged nodes and exposes heroes.,A rootbound caster that restores damaged nodes and exposes heroes.,Un incantatore radicato che ripristina i nodi danneggiati ed espone gli eroi.,"Ein wurzelgebundener Zauberer, der beschädigte Knoten wiederherstellt und Helden bloßstellt.",Un lanceur de sorts lié aux racines qui restaure les nœuds endommagés et expose les héros.
A rotating stone-and-glass construct with balanced magical defenses.,A rotating stone-and-glass construct with balanced magical defenses.,Un costrutto rotante di pietra e vetro dalle difese magiche equilibrate.,Ein rotierendes Konstrukt aus Stein und Glas mit ausgewogener Magieverteidigung.,Une construction rotative de pierre et de verre aux défenses magiques équilibrées.
"A sealed station built for a self-sufficient pair, lit by a hungry and unstable flame.","A sealed station built for a self-sufficient pair, lit by a hungry and unstable flame.","Una stazione sigillata costruita per una coppia autosufficiente, illuminata da una fiamma affamata e instabile.","Ein versiegelter Posten für ein eigenständiges Duo, erhellt von einer hungrigen und unsteten Flamme.","Un poste scellé conçu pour un duo autonome, éclairé par une flamme affamée et instable."
A seer that changes the resistance pattern of its allies.,A seer that changes the resistance pattern of its allies.,Un veggente che modifica lo schema di resistenza dei suoi alleati.,"Ein Seher, der das Resistenzmuster seiner Verbündeten verändert.",Un voyant qui modifie le schéma de résistance de ses alliés.
A shifting woodland overrun by elemental slimes.,A shifting woodland overrun by elemental slimes.,Un bosco mutevole invaso da slime elementali.,"Ein wandelbarer Wald, überrannt von Elementar-Slimes.",Un bois changeant envahi par des Slimes élémentaires.
"A silent cloister of cinder vows, punishing counters, and sudden burst attacks.","A silent cloister of cinder vows, punishing counters, and sudden burst attacks.","Un chiostro silenzioso di voti di brace, contrattacchi punitivi e improvvisi assalti esplosivi.","Ein stiller Kreuzgang aus Glutgelübden, strafenden Kontern und plötzlichen Ausbruchsangriffen.","Un cloître silencieux de vœux de braise, de ripostes punitives et d'attaques explosives soudaines."
A silent prison seal built around counters and punishing burst windows.,A silent prison seal built around counters and punishing burst windows.,Un silenzioso sigillo carcerario basato su contrattacchi e finestre esplosive punitive.,"Ein stilles Kerkersiegel, gebaut auf Konter und strafende Ausbruchsfenster.",Un sceau de prison silencieux bâti sur les ripostes et des fenêtres explosives punitives.
A singing mass of thorns that punishes repeated attack patterns.,A singing mass of thorns that punishes repeated attack patterns.,Una massa canora di spine che punisce gli schemi d'attacco ripetuti.,"Eine singende Dornenmasse, die wiederholte Angriffsmuster bestraft.",Une masse d'épines chantante qui punit les schémas d'attaque répétés.
A slow bruiser that grows stronger while the root network restores it.,A slow bruiser that grows stronger while the root network restores it.,Un combattente lento e massiccio che si rafforza mentre la rete radicale lo ripristina.,"Ein langsamer Schläger, der stärker wird, während das Wurzelnetz ihn wiederherstellt.",Une brute lente qui se renforce tant que le réseau de racines la restaure.
"A slow, resilient slime surrounded by a layer of supernatural frost.","A slow, resilient slime surrounded by a layer of supernatural frost.","Uno slime lento e resistente, avvolto da uno strato di gelo soprannaturale.","Ein langsamer, zäher Slime, umgeben von einer Schicht übernatürlichen Frosts.","Un Slime lent et résistant, entouré d'une couche de givre surnaturel."
A swift moss-coated predator that strikes from the undergrowth.,A swift moss-coated predator that strikes from the undergrowth.,Un rapido predatore coperto di muschio che colpisce dal sottobosco.,"Ein flinkes moosbedecktes Raubtier, das aus dem Unterholz zuschlägt.",Un prédateur agile couvert de mousse qui frappe depuis les fourrés.
A swift vow-bound fighter trained to punish repeated spellcasting.,A swift vow-bound fighter trained to punish repeated spellcasting.,"Un rapido combattente vincolato da un voto, addestrato a punire il lancio ripetuto di incantesimi.","Ein flinker eidgebundener Kämpfer, ausgebildet, wiederholtes Zaubern zu bestrafen.","Un combattant agile lié par un vœu, entraîné à punir les incantations répétées."
A thorn-choked borderland of ironwood beasts and evasive spirits.,A thorn-choked borderland of ironwood beasts and evasive spirits.,"Una terra di confine soffocata dalle spine, popolata da bestie di legnoferro e spiriti elusivi.",Ein von Dornen ersticktes Grenzland aus Eisenholzbestien und ausweichenden Geistern.,"Une marche frontalière étouffée par les ronces, peuplée de bêtes de bois de fer et d'esprits insaisissables."
A three-headed celestial predator attempting to consume the company's constellation.,A three-headed celestial predator attempting to consume the company's constellation.,Un predatore celestiale a tre teste che tenta di divorare la costellazione della compagnia.,"Ein dreiköpfiges himmlisches Raubtier, das das Sternbild der Gesellschaft zu verschlingen versucht.",Un prédateur céleste à trois têtes qui tente de dévorer la constellation de la compagnie.
A towering ironwood sentinel built to endure both blade and spell.,A towering ironwood sentinel built to endure both blade and spell.,Un'imponente sentinella di legnoferro creata per resistere sia alle lame sia agli incantesimi.,"Eine hoch aufragende Eisenholz-Schildwache, gebaut, um Klinge wie Zauber zu überstehen.","Une sentinelle de bois de fer imposante, bâtie pour endurer la lame comme le sort."
A toxic depth vapor held together by gleaming water.,A toxic depth vapor held together by gleaming water.,Un vapore tossico delle profondità tenuto insieme da acqua scintillante.,"Ein giftiger Tiefendampf, zusammengehalten von schimmerndem Wasser.",Une vapeur toxique des profondeurs maintenue par une eau scintillante.
"A vast breeding beast with many eyes, layered hides, and predatory patience.","A vast breeding beast with many eyes, layered hides, and predatory patience.","Un'enorme bestia prolifica dai molti occhi, pelli stratificate e pazienza predatoria.","Ein riesiges Zuchtbiest mit vielen Augen, geschichteten Häuten und räuberischer Geduld.","Une vaste bête reproductrice aux yeux nombreux, aux peaux superposées et à la patience de prédateur."
"A vault predator wrapped around a stolen flame, tuned for a capable duo.","A vault predator wrapped around a stolen flame, tuned for a capable duo.","Un predatore della cripta avvolto attorno a una fiamma rubata, calibrato per una coppia capace.","Ein Gewölbe-Raubtier, um eine gestohlene Flamme gewunden, abgestimmt auf ein fähiges Duo.","Un prédateur de la crypte enroulé autour d'une flamme volée, calibré pour un duo compétent."
A vigilant causeway guard protected by waterlogged plate and old discipline.,A vigilant causeway guard protected by waterlogged plate and old discipline.,"Una guardia vigile della strada, protetta da piastre intrise d'acqua e da un'antica disciplina.","Eine wachsame Dammwache, geschützt von wassergetränkten Platten und alter Disziplin.","Une garde vigilante de la chaussée, protégée par des plaques gorgées d'eau et une vieille discipline."
A volatile slime whose core burns with concentrated elemental heat.,A volatile slime whose core burns with concentrated elemental heat.,Uno slime volatile il cui nucleo arde di calore elementale concentrato.,"Ein unbeständiger Slime, dessen Kern von gebündelter Elementarhitze brennt.",Un Slime instable dont le noyau brûle d'une chaleur élémentaire concentrée.
A wandering forest spirit that binds stray life force into glowing leaves.,A wandering forest spirit that binds stray life force into glowing leaves.,Uno spirito errante della foresta che lega la forza vitale dispersa in foglie luminose.,"Ein wandernder Waldgeist, der verirrte Lebenskraft in glühende Blätter bindet.",Un esprit sylvestre errant qui lie la force vitale égarée en feuilles rougeoyantes.
A Worldroot priest sustaining the enemies of the Last Road.,A Worldroot priest sustaining the enemies of the Last Road.,Un sacerdote della Radice del Mondo che sostiene i nemici dell'Ultima Via.,"Ein Weltwurzel-Priester, der die Feinde des Letzten Wegs stärkt.",Un prêtre de la Racine du Monde qui soutient les ennemis de la Dernière Route.
An agile slime filled with unstable toxins that seep through its surface.,An agile slime filled with unstable toxins that seep through its surface.,Un agile slime colmo di tossine instabili che filtrano attraverso la sua superficie.,"Ein wendiger Slime voller unbeständiger Gifte, die durch seine Oberfläche sickern.",Un Slime agile empli de toxines instables qui suintent à travers sa surface.
An ancient grove that chose to become a colossal walking guardian.,An ancient grove that chose to become a colossal walking guardian.,Un antico bosco che ha scelto di diventare un colossale guardiano semovente.,"Ein uralter Hain, der sich entschied, ein kolossaler wandelnder Wächter zu werden.",Un bosquet antique qui a choisi de devenir un gardien ambulant colossal.
An ancient oak guardian reinforced by iron-rich roots.,An ancient oak guardian reinforced by iron-rich roots.,Un antico guardiano di quercia rinforzato da radici ricche di ferro.,"Ein uralter Eichenwächter, verstärkt durch eisenreiche Wurzeln.",Un antique gardien de chêne renforcé par des racines riches en fer.
"An ancient ruler of an empty court, protected by centuries of prepared defenses.","An ancient ruler of an empty court, protected by centuries of prepared defenses.","Un antico sovrano di una corte vuota, protetto da secoli di difese predisposte.","Ein uralter Herrscher eines leeren Hofes, geschützt von Jahrhunderten vorbereiteter Verteidigung.","Un souverain antique d'une cour vide, protégé par des siècles de défenses préparées."
An arena construct that accelerates the Eclipse Clock.,An arena construct that accelerates the Eclipse Clock.,Un costrutto dell'arena che accelera l'Orologio dell'Eclissi.,"Ein Arenakonstrukt, das die Finsternisuhr beschleunigt.",Une construction de l'arène qui accélère l'Horloge de l'Éclipse.
An evasive celestial hunter pursuing the weakest defense.,An evasive celestial hunter pursuing the weakest defense.,Un elusivo cacciatore celestiale che insegue la difesa più debole.,"Ein ausweichender himmlischer Jäger, der die schwächste Verteidigung verfolgt.",Un chasseur céleste insaisissable qui poursuit la défense la plus faible.
An ironbark defender that intercepts attacks aimed at the root network.,An ironbark defender that intercepts attacks aimed at the root network.,Un difensore di scorzaferrea che intercetta gli attacchi diretti alla rete radicale.,"Ein Eisenrinden-Verteidiger, der auf das Wurzelnetz gerichtete Angriffe abfängt.",Un défenseur d'écorce de fer qui intercepte les attaques dirigées contre le réseau de racines.
"Broken star chambers ruled by glass wings, high evasion, and focused magic.","Broken star chambers ruled by glass wings, high evasion, and focused magic.","Camere stellari infrante dominate da ali di vetro, elevata schivata e magia concentrata.","Zerbrochene Sternenkammern, beherrscht von Glasflügeln, hohem Ausweichen und gebündelter Magie.","Des chambres stellaires brisées, dominées par des ailes de verre, une esquive élevée et une magie concentrée."
Dense elemental chambers where mist shields dangerous mixed groups.,Dense elemental chambers where mist shields dangerous mixed groups.,Dense camere elementali in cui la Nebbia protegge pericolosi gruppi misti.,"Dichte Elementarkammern, in denen Nebel gefährliche gemischte Gruppen abschirmt.",Des chambres élémentaires denses où la Brume protège des groupes mixtes dangereux.
Mineral-heavy mist rolling across the floor of the Depths.,Mineral-heavy mist rolling across the floor of the Depths.,Nebbia carica di minerali che scorre sul pavimento delle Profondità.,"Mineralschwerer Nebel, der über den Boden der Tiefen rollt.",Une brume chargée de minéraux qui roule sur le sol des Profondeurs.
The crowned sovereign of the elemental depths. Its royal core commands every element trapped in the mist.,The crowned sovereign of the elemental depths. Its royal core commands every element trapped in the mist.,Il sovrano incoronato delle profondità elementali. Il suo nucleo regale comanda ogni elemento intrappolato nella nebbia.,Der gekrönte Souverän der elementaren Tiefen. Sein königlicher Kern befehligt jedes im Nebel gefangene Element.,Le souverain couronné des profondeurs élémentaires. Son noyau royal commande chaque élément piégé dans la Brume.
The final living guardian of the Worldroot's deepest chamber.,The final living guardian of the Worldroot's deepest chamber.,L'ultimo guardiano vivente della camera più profonda della Radice del Mondo.,Der letzte lebende Wächter der tiefsten Kammer der Weltwurzel.,L'ultime gardien vivant de la chambre la plus profonde de la Racine du Monde.
"The final road's living eclipse, divided between first dawn and absolute night.","The final road's living eclipse, divided between first dawn and absolute night.","L'eclissi vivente dell'Ultima Via, divisa tra la prima alba e la notte assoluta.","Die lebende Finsternis des Letzten Wegs, geteilt zwischen erstem Morgenrot und absoluter Nacht.","L'éclipse vivante de la dernière route, partagée entre première aube et nuit absolue."
"The monastery's final master, crowned in quiet flame and layered vows.","The monastery's final master, crowned in quiet flame and layered vows.","Il maestro finale del monastero, incoronato da una fiamma silenziosa e voti stratificati.","Der letzte Meister des Klosters, gekrönt von stiller Flamme und geschichteten Gelübden.","L'ultime maître du monastère, couronné d'une flamme silencieuse et de vœux superposés."
"The will inside a drowned bell, given shape by impossible pressure.","The will inside a drowned bell, given shape by impossible pressure.","La volontà racchiusa in una campana sommersa, plasmata da una pressione impossibile.","Der Wille in einer ertrunkenen Glocke, geformt von unmöglichem Druck.","La volonté enfermée dans une cloche noyée, façonnée par une pression impossible."
"Tight root tunnels filled with plated guardians, spores, and relentless renewal.","Tight root tunnels filled with plated guardians, spores, and relentless renewal.","Stretti cunicoli radicali pieni di guardiani corazzati, spore e rinnovamento incessante.","Enge Wurzeltunnel voller gepanzerter Wächter, Sporen und unerbittlicher Erneuerung.","D'étroits tunnels de racines emplis de gardiens cuirassés, de spores et d'un renouvellement implacable."
A bell stroke sends drowning pressure through the party.,A bell stroke sends drowning pressure through the party.,Un rintocco propaga una pressione soffocante attraverso il gruppo.,Ein Glockenschlag jagt erstickenden Druck durch die Gruppe.,Un coup de cloche propage une pression noyante à travers le groupe.
A colossal raid-wide shockwave whose force is shared by the front line.,A colossal raid-wide shockwave whose force is shared by the front line.,Una colossale onda d'urto che investe tutto il Raid e la cui forza viene ripartita sulla prima linea.,"Eine kolossale Schockwelle über den gesamten Raid, deren Wucht die vordere Reihe mitträgt.","Une onde de choc colossale sur tout le Raid, dont la force est partagée par la ligne de front."
A command exposes the whole company to focused punishment.,A command exposes the whole company to focused punishment.,Un comando espone l'intera compagnia a un castigo concentrato.,Ein Befehl setzt die gesamte Gesellschaft gebündelter Bestrafung aus.,Un ordre expose toute la compagnie à un châtiment concentré.
A heavy guarding strike that raises threat and protects linked roots.,A heavy guarding strike that raises threat and protects linked roots.,Un pesante colpo difensivo che aumenta la minaccia e protegge le radici collegate.,"Ein schwerer Schutzschlag, der Bedrohung erhöht und verbundene Wurzeln schützt.",Une frappe défensive lourde qui augmente la Menace et protège les racines liées.
A luminous ranged barrage with increased critical force.,A luminous ranged barrage with increased critical force.,Un luminoso bombardamento a distanza dalla forza critica aumentata.,Ein leuchtendes Fernkampf-Sperrfeuer mit gesteigerter kritischer Wucht.,Un barrage à distance lumineux à la force critique accrue.
A raid-wide flare that strengthens the eclipse.,A raid-wide flare that strengthens the eclipse.,Una vampata che investe tutto il Raid e rafforza l'eclissi.,"Eine Eruption über den gesamten Raid, die die Finsternis stärkt.",Une éruption sur tout le Raid qui renforce l'éclipse.
A root pulse harms intruders and restores living growth.,A root pulse harms intruders and restores living growth.,Un impulso radicale ferisce gli intrusi e ripristina la crescita vivente.,Ein Wurzelimpuls schadet Eindringlingen und stellt lebenden Wuchs wieder her.,Une impulsion racinaire blesse les intrus et restaure la croissance vivante.
A sharp magical burst fueled by the Pressure Gauge.,A sharp magical burst fueled by the Pressure Gauge.,Una violenta esplosione magica alimentata dall'Indicatore di Pressione.,"Ein scharfer Magieausbruch, gespeist von der Druckanzeige.",Une décharge magique aiguë alimentée par la Jauge de Pression.
A sweeping ranged volley followed by a thorny counter stance.,A sweeping ranged volley followed by a thorny counter stance.,Un'ampia raffica a distanza seguita da una posa di contrattacco spinosa.,"Eine weite Fernkampfsalve, gefolgt von einer dornigen Konterhaltung.",Une large salve à distance suivie d'une posture de riposte épineuse.
A temporal shockwave that weakens healing during Total Eclipse.,A temporal shockwave that weakens healing during Total Eclipse.,Un'onda d'urto temporale che indebolisce le cure durante l'Eclissi Totale.,"Eine zeitliche Schockwelle, die die Heilung während der Totalen Finsternis schwächt.",Une onde de choc temporelle qui affaiblit les soins pendant l'Éclipse Totale.
A voidglass ray that exposes one defense while strengthening another.,A voidglass ray that exposes one defense while strengthening another.,Un raggio di vetro del Vuoto che espone una difesa mentre ne rafforza un'altra.,"Ein Leerenglas-Strahl, der eine Verteidigung bloßstellt und eine andere stärkt.",Un rayon de verre du Vide qui expose une défense tout en en renforçant une autre.
Aligns broken lenses into a formation-wide star ray.,Aligns broken lenses into a formation-wide star ray.,Allinea lenti infrante in un raggio stellare che attraversa l'intera formazione.,Richtet zerbrochene Linsen zu einem Sternenstrahl über die gesamte Formation aus.,Aligne des lentilles brisées en un rayon stellaire couvrant toute la formation.
Alternating physical and magical devastation culminating in a lethal eclipse.,Alternating physical and magical devastation culminating in a lethal eclipse.,"Devastazione fisica e magica alternate, culminanti in un'eclissi letale.","Abwechselnde physische und magische Verwüstung, die in einer tödlichen Finsternis gipfelt.","Dévastation physique et magique alternée, culminant en une éclipse létale."
An unavoidable raid-wide toll whose damage rises with pressure.,An unavoidable raid-wide toll whose damage rises with pressure.,Un inevitabile rintocco che investe tutto il Raid e infligge danni crescenti con la Pressione.,"Ein unausweichlicher Glockenschlag über den gesamten Raid, dessen Schaden mit dem Druck steigt.","Un glas inévitable sur tout le Raid, dont les dégâts augmentent avec la Pression."
Blankets the formation in suppressing ash.,Blankets the formation in suppressing ash.,Avvolge la formazione in una cenere soffocante.,Hüllt die Formation in erstickende Asche.,Enveloppe la formation d'une cendre étouffante.
Burrows into the formation and reduces a hero's attack.,Burrows into the formation and reduces a hero's attack.,Scava nella formazione e riduce l'Attacco di un eroe.,Gräbt sich in die Formation und verringert den Angriff eines Helden.,Se creuse dans la formation et réduit l'Attaque d'un héros.
Channels a pressure wave that silences and weakens healing.,Channels a pressure wave that silences and weakens healing.,Canalizza un'onda di Pressione che silenzia e indebolisce le cure.,"Kanalisiert eine Druckwelle, die Stille verhängt und die Heilung schwächt.",Canalise une onde de Pression qui impose le Silence et affaiblit les soins.
Collapses light and shadow across the entire formation.,Collapses light and shadow across the entire formation.,Fa collassare luce e ombra sull'intera formazione.,Lässt Licht und Schatten über die gesamte Formation zusammenstürzen.,Fait s'effondrer lumière et ombre sur toute la formation.
"Cycles through lion, roc, and serpent power before a raid-ending celestial strike.","Cycles through lion, roc, and serpent power before a raid-ending celestial strike.","Alterna il potere del leone, del roc e del serpente prima di un colpo celestiale che pone fine al Raid.","Durchläuft die Kraft von Löwe, Roch und Schlange vor einem himmlischen Schlag, der den Raid beendet.","Alterne les pouvoirs du lion, du roc et du serpent avant une frappe céleste qui met fin au Raid."
Detonates its royal core to strike every hero and leave them vulnerable to the mist.,Detonates its royal core to strike every hero and leave them vulnerable to the mist.,Fa detonare il proprio nucleo regale per colpire ogni eroe e lasciarlo vulnerabile alla Nebbia.,"Zündet seinen königlichen Kern, um jeden Helden zu treffen und ihn anfällig für den Nebel zu machen.",Fait détoner son noyau royal pour frapper chaque héros et le rendre vulnérable à la Brume.
Drains vitality and reinforces its dark shell.,Drains vitality and reinforces its dark shell.,Drena vitalità e rinforza il proprio guscio oscuro.,Entzieht Vitalität und verstärkt seine dunkle Hülle.,Draine la vitalité et renforce sa coque sombre.
Every head strikes a different weakness.,Every head strikes a different weakness.,Ogni testa colpisce una debolezza diversa.,Jeder Kopf trifft eine andere Schwäche.,Chaque tête frappe une faiblesse différente.
Heals an ally and leaves the target vulnerable to the grove.,Heals an ally and leaves the target vulnerable to the grove.,Cura un alleato e lascia il bersaglio vulnerabile al bosco.,Heilt einen Verbündeten und macht das Ziel anfällig für den Hain.,Soigne un allié et rend la cible vulnérable au bosquet.
Overgrows the battlefield with iron roots.,Overgrows the battlefield with iron roots.,Invade il campo di battaglia con radici di ferro.,Überwuchert das Schlachtfeld mit Eisenwurzeln.,Envahit le champ de bataille de racines de fer.
Powerful regeneration that can be answered by decay and focus fire.,Powerful regeneration that can be answered by decay and focus fire.,Una potente rigenerazione contrastabile con Decadimento e fuoco concentrato.,"Mächtige Regeneration, der mit Zerfall und gebündeltem Feuer begegnet werden kann.",Une régénération puissante à laquelle le Déclin et le tir concentré peuvent répondre.
Restores allies and copies an offensive blessing.,Restores allies and copies an offensive blessing.,Ripristina gli alleati e copia una benedizione offensiva.,Stellt Verbündete wieder her und kopiert einen offensiven Segen.,Restaure ses alliés et copie une bénédiction offensive.
Restores allies and leaves the opposing formation vulnerable.,Restores allies and leaves the opposing formation vulnerable.,Ripristina gli alleati e lascia vulnerabile la formazione avversaria.,Stellt Verbündete wieder her und macht die gegnerische Formation verwundbar.,Restaure ses alliés et rend la formation adverse vulnérable.
"Strikes one hero, weighted by Threat, for 125% Attack damage.","Strikes one hero, weighted by Threat, for 125% Attack damage.","Colpisce un eroe, scelto in base alla Minaccia, infliggendo il 125% dell'Attacco come danni.","Trifft einen Helden, gewichtet nach Bedrohung, mit 125% Angriffsschaden.","Frappe un héros, pondéré par la Menace, pour 125% de dégâts d'Attaque."
Strikes the whole formation with ironbound roots.,Strikes the whole formation with ironbound roots.,Colpisce l'intera formazione con radici legate al ferro.,Trifft die gesamte Formation mit eisenbeschlagenen Wurzeln.,Frappe toute la formation de racines cerclées de fer.
A Forest Falls,A Forest Falls,Una Foresta Crolla,Ein Wald fällt,Une forêt s'effondre
Barkmend,Barkmend,Rammendo della Corteccia,Rindenheilung,Guérison d'écorce
Bellstroke,Bellstroke,Rintocco,Glockenschlag,Coup de cloche
Blackwater Toll,Blackwater Toll,Rintocco delle Acque Nere,Schwarzwasser-Glockenschlag,Glas des Eaux Noires
Briar Chorus,Briar Chorus,Coro di Rovi,Dornenchorus,Chœur des ronces
Comet Volley,Comet Volley,Raffica di Comete,Kometensalve,Volée de comètes
Compression Spark,Compression Spark,Scintilla di Compressione,Kompressionsfunke,Étincelle de Compression
Convergence,Convergence,Convergenza,Konvergenz,Convergence
Crown of Sap,Crown of Sap,Corona di Linfa,Krone des Safts,Couronne de sève
Devour the Light,Devour the Light,Divora la Luce,Verschlinge das Licht,Dévorer la Lumière
Devour the Pattern,Devour the Pattern,Divora lo Schema,Verschlinge das Muster,Dévorer le Schéma
Drowned Hymn,Drowned Hymn,Inno Sommerso,Ertrunkene Hymne,Hymne noyé
Eventide Collapse,Eventide Collapse,Collasso del Vespro,Abendkollaps,Effondrement du Soir
Ferrum Overgrowth,Ferrum Overgrowth,Crescita Incontenibile di Ferrum,Ferrum-Überwucherung,Prolifération de Ferrum
Flame Burst,Flame Burst,Esplosione di Fiamma,Flammenausbruch,Explosion de flammes
Frost Pulse,Frost Pulse,Impulso Gelido,Frostimpuls,Impulsion de givre
Heartbeat,Heartbeat,Battito del Cuore,Herzschlag,Battement de cœur
Invert Pattern,Invert Pattern,Inverti Schema,Muster umkehren,Inverser le Schéma
Light Theft,Light Theft,Furto di Luce,Lichtraub,Vol de lumière
Manyfold Hunger,Manyfold Hunger,Fame Molteplice,Vielfacher Hunger,Faim Multiple
No Road Remains,No Road Remains,Non Resta Alcuna Via,Kein Weg bleibt,Nulle Route ne Demeure
Raise the Black Tide,Raise the Black Tide,Solleva la Marea Nera,Erhebe die schwarze Flut,Lever la Marée Noire
Regent's Decree,Regent's Decree,Decreto del Reggente,Dekret des Regenten,Décret du Régent
Root Gnaw,Root Gnaw,Rosicchiamento Radicale,Wurzelnagen,Rongement des racines
Root Intercept,Root Intercept,Intercetto Radicale,Wurzelabfangen,Interception Racinaire
Royal Slimequake,Royal Slimequake,Slimesisma Regale,Königliches Slimebeben,Séisme de Slime Royal
Silent Cinder,Silent Cinder,Brace Silenziosa,Stille Glut,Braise silencieuse
Stitch the Stars,Stitch the Stars,Ricuci le Stelle,Nähe die Sterne zusammen,Coudre les Étoiles
Stone Slam,Stone Slam,Schianto di Pietra,Steinschlag,Fracas de pierre
Toxic Splash,Toxic Splash,Spruzzo Tossico,Giftspritzer,Éclaboussure toxique
Turn the Clock,Turn the Clock,Gira l'Orologio,Drehe die Uhr,Tourner l'Horloge
Warden's Reckoning,Warden's Reckoning,Resa dei Conti del Guardiano,Abrechnung des Warts,Jugement du Gardien
A hardened layer of frost protects its core.,A hardened layer of frost protects its core.,Uno strato di gelo indurito protegge il suo nucleo.,Eine gehärtete Frostschicht schützt seinen Kern.,Une couche de givre durci protège son noyau.
A jewel-filled core sustains the king and protects it from elemental damage.,A jewel-filled core sustains the king and protects it from elemental damage.,Un nucleo colmo di gemme sostiene il re e lo protegge dai danni elementali.,Ein juwelengefüllter Kern erhält den König und schützt ihn vor Elementarschaden.,Un noyau empli de joyaux soutient le roi et le protège des dégâts élémentaires.
A luminous core shields the wisp from magic.,A luminous core shields the wisp from magic.,Un nucleo luminoso protegge il fuoco fatuo dalla magia.,Ein leuchtender Kern schirmt das Irrlicht vor Magie ab.,Un noyau lumineux protège le feu follet de la magie.
A protected filament keeps the wraith alight.,A protected filament keeps the wraith alight.,Un filamento protetto mantiene acceso lo spettro.,Ein geschütztes Filament hält das Gespenst am Leuchten.,Un filament protégé maintient le spectre allumé.
A shifting body makes direct attacks unreliable.,A shifting body makes direct attacks unreliable.,Un corpo mutevole rende inaffidabili gli attacchi diretti.,Ein wandelbarer Körper macht direkte Angriffe unzuverlässig.,Un corps changeant rend les attaques directes peu fiables.
A volatile seal burns through weak magic defense.,A volatile seal burns through weak magic defense.,Un sigillo volatile arde attraverso le difese magiche deboli.,Ein unbeständiges Siegel brennt sich durch schwache Magieverteidigung.,Un sceau instable brûle à travers une défense magique faible.
Bark plates blunt incoming blows.,Bark plates blunt incoming blows.,Piastre di corteccia attutiscono i colpi in arrivo.,Rindenplatten dämpfen eintreffende Hiebe.,Des plaques d'écorce amortissent les coups reçus.
Bog iron plates provide formidable defense.,Bog iron plates provide formidable defense.,Piastre di ferro palustre offrono una difesa formidabile.,Sumpfeisenplatten bieten eine gewaltige Verteidigung.,Des plaques de fer des tourbières offrent une défense formidable.
Brine preserves its ruined body.,Brine preserves its ruined body.,La salamoia preserva il suo corpo in rovina.,Sole konserviert seinen zerstörten Körper.,La saumure préserve son corps ruiné.
Contact with the slime exposes attackers to its toxins.,Contact with the slime exposes attackers to its toxins.,Il contatto con lo slime espone gli attaccanti alle sue tossine.,Berührung mit dem Slime setzt Angreifer seinen Giften aus.,Le contact avec le Slime expose les attaquants à ses toxines.
Dense armor favors counters and regeneration.,Dense armor favors counters and regeneration.,Un'armatura massiccia favorisce contrattacchi e rigenerazione.,Dichte Rüstung begünstigt Konter und Regeneration.,Une armure dense favorise les ripostes et la régénération.
Dense growth makes the seal difficult to finish.,Dense growth makes the seal difficult to finish.,Una crescita fitta rende difficile abbattere il sigillo.,"Dichter Wuchs macht es schwer, das Siegel zu erledigen.",Une croissance dense rend le sceau difficile à achever.
Every careless strike risks a severe counter.,Every careless strike risks a severe counter.,Ogni colpo imprudente rischia di provocare un duro contrattacco.,Jeder unachtsame Schlag riskiert einen schweren Konter.,Chaque frappe imprudente risque une riposte sévère.
Exceptional speed and evasion shape the fight.,Exceptional speed and evasion shape the fight.,Velocità ed schivata eccezionali determinano l'andamento dello scontro.,Außergewöhnliche Schnelligkeit und Ausweichen prägen den Kampf.,Une vitesse et une esquive exceptionnelles façonnent le combat.
Feeds on damage to sustain itself.,Feeds on damage to sustain itself.,Si nutre dei danni per sostenersi.,"Nährt sich von Schaden, um sich zu erhalten.",Se nourrit des dégâts pour se soutenir.
Flame splits through its crystalline body.,Flame splits through its crystalline body.,La fiamma si divide attraverso il suo corpo cristallino.,Flamme spaltet sich durch seinen kristallinen Körper.,La flamme se divise à travers son corps cristallin.
Focuses pressure on exposed heroes.,Focuses pressure on exposed heroes.,Concentra la pressione sugli eroi esposti.,Bündelt den Druck auf bloßgestellte Helden.,Concentre la pression sur les héros exposés.
Heavy attacks punish fragile defenses.,Heavy attacks punish fragile defenses.,Gli attacchi pesanti puniscono le difese fragili.,Schwere Angriffe bestrafen zerbrechliche Verteidigungen.,Des attaques lourdes punissent les défenses fragiles.
Heavy magical sediment hardens around its body.,Heavy magical sediment hardens around its body.,Pesanti sedimenti magici si induriscono attorno al suo corpo.,Schweres magisches Sediment härtet um seinen Körper aus.,Un lourd sédiment magique durcit autour de son corps.
Heavy renewal demands sustained pressure.,Heavy renewal demands sustained pressure.,Un intenso rinnovamento richiede una pressione costante.,Starke Erneuerung verlangt anhaltenden Druck.,Un renouvellement intense exige une pression soutenue.
Its crystal body bends inaccurate attacks.,Its crystal body bends inaccurate attacks.,Il suo corpo cristallino devia gli attacchi imprecisi.,Sein Kristallkörper lenkt ungenaue Angriffe ab.,Son corps de cristal dévie les attaques imprécises.
Its drifting spores carry persistent decay.,Its drifting spores carry persistent decay.,Le sue spore fluttuanti diffondono Decadimento persistente.,Seine treibenden Sporen tragen anhaltenden Zerfall.,Ses spores à la dérive portent un Déclin persistant.
Its empty armor draws attacks from its allies.,Its empty armor draws attacks from its allies.,La sua armatura vuota attira gli attacchi lontano dagli alleati.,Seine leere Rüstung zieht Angriffe von seinen Verbündeten ab.,Son armure vide détourne les attaques de ses alliés.
Its gleaming vapor carries corrosive poison.,Its gleaming vapor carries corrosive poison.,Il suo vapore scintillante trasporta veleno corrosivo.,Sein schimmernder Dampf trägt ätzendes Gift.,Sa vapeur scintillante transporte un poison corrosif.
Its heartwood steadily repairs damage.,Its heartwood steadily repairs damage.,Il suo durame ripara costantemente i danni.,Sein Kernholz repariert Schaden stetig.,Son duramen répare régulièrement les dégâts.
Its hollow core resists magic and control.,Its hollow core resists magic and control.,Il suo nucleo vuoto resiste alla magia e al controllo.,Sein hohler Kern widersteht Magie und Kontrolle.,Son noyau creux résiste à la magie et au contrôle.
Its outline dissolves into the chamber mist.,Its outline dissolves into the chamber mist.,La sua sagoma si dissolve nella nebbia della camera.,Seine Umrisse lösen sich im Nebel der Kammer auf.,Sa silhouette se dissout dans la brume de la chambre.
Its sealed alloy shell holds a steady ember.,Its sealed alloy shell holds a steady ember.,Il suo guscio sigillato di lega custodisce una brace stabile.,Seine versiegelte Legierungshülle birgt eine beständige Glut.,Sa coque scellée en alliage abrite une braise constante.
Its shield absorbs repeated assaults.,Its shield absorbs repeated assaults.,Il suo scudo assorbe gli assalti ripetuti.,Sein Schild absorbiert wiederholte Angriffe.,Son bouclier absorbe les assauts répétés.
Its silhouette never presents the same defense twice.,Its silhouette never presents the same defense twice.,La sua sagoma non presenta mai due volte la stessa difesa.,Seine Silhouette zeigt nie zweimal dieselbe Verteidigung.,Sa silhouette ne présente jamais deux fois la même défense.
Its unstable core empowers fire-based damage.,Its unstable core empowers fire-based damage.,Il suo nucleo instabile potenzia i danni da fuoco.,Sein unbeständiger Kern verstärkt feuerbasierten Schaden.,Son noyau instable renforce les dégâts de feu.
Layered crystal and frost blunt incoming force.,Layered crystal and frost blunt incoming force.,Strati di cristallo e gelo attutiscono la forza in arrivo.,Geschichteter Kristall und Frost dämpfen eintreffende Wucht.,Cristal et givre en couches amortissent la force reçue.
Layered defenses demand every system the company has learned.,Layered defenses demand every system the company has learned.,Difese stratificate richiedono ogni sistema appreso dalla compagnia.,"Geschichtete Verteidigungen verlangen jedes System, das die Gesellschaft gelernt hat.",Des défenses en couches exigent tous les systèmes que la compagnie a appris.
Layered organs make simple damage plans unreliable.,Layered organs make simple damage plans unreliable.,Organi stratificati rendono inaffidabili le strategie di danno più semplici.,Geschichtete Organe machen einfache Schadenspläne unzuverlässig.,Des organes superposés rendent les plans de dégâts simples peu fiables.
Lifeblood drives extreme regeneration.,Lifeblood drives extreme regeneration.,Il sangue vitale alimenta una rigenerazione estrema.,Lebensblut treibt eine extreme Regeneration an.,Le sang vital alimente une régénération extrême.
Magic and regeneration feed one another.,Magic and regeneration feed one another.,Magia e rigenerazione si alimentano a vicenda.,Magie und Regeneration nähren einander.,Magie et régénération se nourrissent l'une l'autre.
Measured blows create dangerous burst windows.,Measured blows create dangerous burst windows.,Colpi misurati creano pericolose finestre di attacco esplosivo.,Bemessene Schläge schaffen gefährliche Ausbruchsfenster.,Des coups mesurés créent de dangereuses fenêtres explosives.
Moves through roots with exceptional agility.,Moves through roots with exceptional agility.,Si muove tra le radici con agilità eccezionale.,Bewegt sich mit außergewöhnlicher Wendigkeit durch Wurzeln.,Se déplace entre les racines avec une agilité exceptionnelle.
No single defense answers every attack.,No single defense answers every attack.,Nessuna singola difesa può rispondere a ogni attacco.,Keine einzelne Verteidigung hat auf jeden Angriff eine Antwort.,Aucune défense unique ne répond à toutes les attaques.
Precise counters punish predictable attackers.,Precise counters punish predictable attackers.,Contrattacchi precisi puniscono gli attaccanti prevedibili.,Präzise Konter bestrafen berechenbare Angreifer.,Des ripostes précises punissent les attaquants prévisibles.
Rapid growth repairs severe damage.,Rapid growth repairs severe damage.,Una crescita rapida ripara i danni più gravi.,Schneller Wuchs repariert schweren Schaden.,Une croissance rapide répare les dégâts sévères.
Redundant anatomy supports heavy regeneration.,Redundant anatomy supports heavy regeneration.,Un'anatomia ridondante sostiene una rigenerazione intensa.,Redundante Anatomie trägt eine starke Regeneration.,Une anatomie redondante soutient une régénération intense.
Repairs its plated bark every turn.,Repairs its plated bark every turn.,Ripara la propria corteccia corazzata a ogni turno.,Repariert seine gepanzerte Rinde in jedem Zug.,Répare son écorce cuirassée à chaque tour.
Retaliates against careless bursts.,Retaliates against careless bursts.,Contrattacca gli assalti esplosivi imprudenti.,Vergilt unachtsame Ausbrüche.,Riposte aux salves imprudentes.
Rotating plates distribute incoming force.,Rotating plates distribute incoming force.,Piastre rotanti distribuiscono la forza in arrivo.,Rotierende Platten verteilen die eintreffende Wucht.,Des plaques rotatives répartissent la force reçue.
Smoke condenses into fresh armor around every fracture.,Smoke condenses into fresh armor around every fracture.,Il fumo si condensa in nuova armatura attorno a ogni frattura.,Rauch verdichtet sich um jeden Bruch zu neuer Rüstung.,La fumée se condense en armure neuve autour de chaque fracture.
Star currents carry it around direct attacks.,Star currents carry it around direct attacks.,Le correnti stellari lo trasportano lontano dagli attacchi diretti.,Sternenströmungen tragen es um direkte Angriffe herum.,Les courants stellaires le portent hors de portée des attaques directes.
The flowing seal avoids and repairs damage.,The flowing seal avoids and repairs damage.,Il sigillo fluido evita e ripara i danni.,Das fließende Siegel weicht Schaden aus und repariert ihn.,Le sceau fluide évite et répare les dégâts.
The keeper grows harder to dislodge.,The keeper grows harder to dislodge.,Il custode diventa sempre più difficile da smuovere.,Der Hüter wird immer schwerer zu vertreiben.,Le gardien devient de plus en plus difficile à déloger.
The moss covering its shell slowly restores damaged matter.,The moss covering its shell slowly restores damaged matter.,Il muschio che ricopre il suo guscio ripristina lentamente la materia danneggiata.,Das Moos auf seinem Panzer stellt beschädigte Materie langsam wieder her.,La mousse qui couvre sa carapace restaure lentement la matière endommagée.
The Regent endures through layered protections.,The Regent endures through layered protections.,Il Reggente resiste grazie a protezioni stratificate.,Der Regent hält durch geschichtete Schutzmaßnahmen stand.,Le Régent tient bon grâce à des protections en couches.
All Four Shadows,All Four Shadows,Tutte e Quattro le Ombre,Alle vier Schatten,Les Quatre Ombres
Ash Lock,Ash Lock,Vincolo di Cenere,Aschenschloss,Verrou de cendre
Ashen Vow,Ashen Vow,Voto Cinereo,Aschenes Gelübde,Vœu cendré
Bloodsap Cycle,Bloodsap Cycle,Ciclo della Linfa Sanguigna,Blutsaft-Kreislauf,Cycle de la sève sanguine
Borrowed Organs,Borrowed Organs,Organi Presi in Prestito,Geliehene Organe,Organes Empruntés
Breakwater Stance,Breakwater Stance,Postura Frangiflutti,Wellenbrecher-Haltung,Posture du Brise-Lames
Briar Hide,Briar Hide,Pelle di Rovi,Dornenhaut,Peau de ronce
Burning Core,Burning Core,Nucleo Ardente,Brennender Kern,Noyau ardent
Changing Hide,Changing Hide,Pelle Mutevole,Wandelnde Haut,Peau changeante
Cinder Rhythm,Cinder Rhythm,Ritmo di Brace,Glutrhythmus,Rythme de braise
Crowned Core,Crowned Core,Nucleo Incoronato,Gekrönter Kern,Noyau couronné
Custodian's Cycle,Custodian's Cycle,Ciclo del Custode,Zyklus des Verwalters,Cycle du Custode
Ember Lock,Ember Lock,Vincolo di Brace,Glutschloss,Verrou de braise
Ember Refraction,Ember Refraction,Rifrazione di Brace,Glutbrechung,Réfraction de Braise
Empty Keep,Empty Keep,Fortezza Vuota,Leere Feste,Forteresse vide
Empty Throne,Empty Throne,Trono Vuoto,Leerer Thron,Trône vide
Fallen Intelligence,Fallen Intelligence,Intelligenza Caduta,Gefallene Intelligenz,Intelligence Déchue
Far Sight,Far Sight,Lunga Vista,Weitsicht,Longue vue
Frozen Refraction,Frozen Refraction,Rifrazione Gelida,Gefrorene Brechung,Réfraction Gelée
Frozen Shell,Frozen Shell,Guscio Gelido,Gefrorene Schale,Coquille gelée
Glasswing Drift,Glasswing Drift,Deriva Alacristallo,Glasflügel-Drift,Dérive Aile-de-Verre
Hold the Line,Hold the Line,Mantieni la Linea,Haltet die Linie,Tiens la ligne
Iron Carapace,Iron Carapace,Carapace di Ferro,Eisenpanzer,Carapace de fer
Ironwood Renewal,Ironwood Renewal,Rinnovamento del Legnoferro,Eisenholz-Erneuerung,Renouveau du Bois de Fer
Last Vow,Last Vow,Ultimo Voto,Letztes Gelübde,Dernier vœu
Living Light,Living Light,Luce Vivente,Lebendes Licht,Lumière vivante
Living Moss,Living Moss,Muschio Vivente,Lebendes Moos,Mousse vivante
Living Veins,Living Veins,Vene Viventi,Lebende Adern,Veines vivantes
Marshal's Mark,Marshal's Mark,Marchio del Maresciallo,Zeichen des Marschalls,Marque du Maréchal
Matron's Adaptation,Matron's Adaptation,Adattamento della Matrona,Anpassung der Matrone,Adaptation de la Matrone
Mistform,Mistform,Forma di Nebbia,Nebelgestalt,Forme de brume
No Passage,No Passage,Nessun Passaggio,Kein Durchgang,Aucun passage
Pack Shadow,Pack Shadow,Ombra del Branco,Rudelschatten,Ombre de la meute
Poisonous Body,Poisonous Body,Corpo Velenoso,Giftiger Körper,Corps Venimeux
Refraction,Refraction,Rifrazione,Brechung,Réfraction
Root Lock,Root Lock,Vincolo di Radice,Wurzelschloss,Verrou de racine
Rooted Renewal,Rooted Renewal,Rinnovamento radicato,Verwurzelte Erneuerung,Renouveau enraciné
Rootmind Renewal,Rootmind Renewal,Rinnovamento della Menteradice,Wurzelgeist-Erneuerung,Renouveau de l'Esprit-Racine
Rootsteel Guard,Rootsteel Guard,Guardia d'Acciaioradice,Wurzelstahl-Wache,Garde d'Acier de Racine
Saltbound,Saltbound,Vincolato al Sale,Salzgebunden,Lié au sel
Settling Fog,Settling Fog,Nebbia Sedimentaria,Sinkender Nebel,Brouillard descendant
Siege Blows,Siege Blows,Colpi d'Assedio,Belagerungsschläge,Coups de siège
Sootglass Shell,Sootglass Shell,Guscio di Vetrofuliggine,Rußglas-Hülle,Coque de Verre de Suie
Sprayform,Sprayform,Forma di Spruzzo,Gischtgestalt,Forme d'embrun
Stable Orbit,Stable Orbit,Orbita Stabile,Stabiler Orbit,Orbite stable
Stolen Flame,Stolen Flame,Fiamma Rubata,Gestohlene Flamme,Flamme volée
Tide Lock,Tide Lock,Vincolo di Marea,Gezeitenschloss,Verrou de marée
Unspent Wick,Unspent Wick,Stoppino Intatto,Unverbrauchter Docht,Mèche intacte
Vault Guard,Vault Guard,Guardia della Cripta,Gruftwache,Garde de la crypte
Venom Veil,Venom Veil,Velo di Veleno,Giftschleier,Voile de venin
Withering Spores,Withering Spores,Spore Avvizzenti,Welkende Sporen,Spores Flétrissantes
Echo Descent,Echo Descent,Discesa dell'Eco,Echo-Abstieg,Descente d'Écho
"Beyond Floor 70, five heroes cross unstable strata shaped by three daily laws and return with permanent Resonance.","Beyond Floor 70, five heroes cross unstable strata shaped by three daily laws and return with permanent Resonance.","Oltre il Piano 70, cinque eroi attraversano strati instabili plasmati da tre leggi giornaliere e tornano con una Risonanza permanente.","Jenseits von Ebene 70 durchqueren fünf Helden instabile Schichten, geformt von drei täglichen Gesetzen, und kehren mit dauerhafter Resonanz zurück.","Au-delà de l'Étage 70, cinq héros traversent des strates instables façonnées par trois lois quotidiennes et reviennent avec une Résonance permanente."
One daily theme bundles three laws into a focused combat strategy.,One daily theme bundles three laws into a focused combat strategy.,Un tema giornaliero combina tre leggi in una strategia di combattimento mirata.,Ein tägliches Thema bündelt drei Gesetze zu einer gezielten Kampfstrategie.,Un thème quotidien réunit trois lois en une stratégie de combat ciblée.
Starved Current,Starved Current,Corrente Affamata,Ausgehungerte Strömung,Courant Affamé
Heroes gain 50% less Mana from their turns.,Heroes gain 50% less Mana from their turns.,Gli eroi ottengono il 50% di Mana in meno dai propri turni.,Helden erhalten 50% weniger Mana aus ihren Zügen.,Les héros gagnent 50% de Mana en moins lors de leurs tours.
Sanguine Casting,Sanguine Casting,Lancio Sanguigno,Blutiges Zaubern,Incantation Sanguine
Each hero active skill costs 8% of that hero's maximum Health after it resolves.,Each hero active skill costs 8% of that hero's maximum Health after it resolves.,Ogni abilità attiva costa l'8% della Salute massima dell'eroe dopo la sua risoluzione.,Jede aktive Heldenfähigkeit kostet nach ihrer Auflösung 8% des maximalen Lebens dieses Helden.,Chaque compétence active de héros coûte 8% de la Vie maximale de ce héros après sa résolution.
Severed Grace,Severed Grace,Grazia Recisa,Abgetrennte Gnade,Grâce tranchée
All healing received by heroes is reduced by 40%.,All healing received by heroes is reduced by 40%.,Tutte le cure ricevute dagli eroi sono ridotte del 40%.,"Alle Heilung, die Helden erhalten, wird um 40% verringert.",Tous les soins reçus par les héros sont réduits de 40%.
Null Ward,Null Ward,Protezione del Nulla,Nullschutz,Garde du néant
Enemies are immune to Magic damage. Bring Melee or Ranged attackers.,Enemies are immune to Magic damage. Bring Melee or Ranged attackers.,I nemici sono immuni ai danni magici. Schiera attaccanti da mischia o a distanza.,Gegner sind immun gegen Magieschaden. Bringe Nahkampf- oder Fernkampfangreifer mit.,Les ennemis sont immunisés contre les dégâts magiques. Amène des attaquants de mêlée ou à distance.
Adamant Ward,Adamant Ward,Protezione Adamantina,Adamantschutz,Garde adamantine
Enemies are immune to Melee and Ranged damage. Bring Magic attackers.,Enemies are immune to Melee and Ranged damage. Bring Magic attackers.,I nemici sono immuni ai danni da mischia e a distanza. Schiera attaccanti magici.,Gegner sind immun gegen Nahkampf- und Fernkampfschaden. Bringe Magieangreifer mit.,Les ennemis sont immunisés contre les dégâts de mêlée et à distance. Amène des attaquants magiques.
Prismatic Memory,Prismatic Memory,Memoria Prismatica,Prismatische Erinnerung,Mémoire Prismatique
"After an enemy takes a damage type, it is immune to that type until struck by a different one.","After an enemy takes a damage type, it is immune to that type until struck by a different one.","Dopo aver subito un tipo di danno, un nemico ne diventa immune finché non viene colpito da un tipo diverso.","Nachdem ein Gegner eine Schadensart erlitten hat, ist er gegen diese Art immun, bis ihn eine andere trifft.","Après avoir subi un type de dégâts, un ennemi y devient immunisé jusqu'à ce qu'un type différent le frappe."
Horizon Ward,Horizon Ward,Protezione dell'Orizzonte,Horizontschutz,Garde de l'horizon
Enemies are immune to Melee and Magic damage. Bring Ranged attackers.,Enemies are immune to Melee and Magic damage. Bring Ranged attackers.,I nemici sono immuni ai danni da mischia e magici. Schiera attaccanti a distanza.,Gegner sind immun gegen Nahkampf- und Magieschaden. Bringe Fernkampfangreifer mit.,Les ennemis sont immunisés contre les dégâts de mêlée et magiques. Amène des attaquants à distance.
Triune Fracture,Triune Fracture,Frattura Trina,Dreieiniger Bruch,Fracture Trine
"Attack an enemy with Melee, Ranged, and Magic damage to expose it to 30% more damage for the encounter.","Attack an enemy with Melee, Ranged, and Magic damage to expose it to 30% more damage for the encounter.","Attacca un nemico con danni da mischia, a distanza e magici per esporlo al 30% di danni in più per lo scontro.","Greife einen Gegner mit Nahkampf-, Fernkampf- und Magieschaden an, um ihn für die Begegnung 30% mehr Schaden auszusetzen.","Attaque un ennemi avec des dégâts de mêlée, à distance et magiques pour l'exposer à 30% de dégâts supplémentaires pendant la rencontre."
Keen Rupture,Keen Rupture,Squarcio Affilato,Scharfer Riss,Rupture acérée
A damaging critical hit exposes its target to 18% more damage for 2 turns.,A damaging critical hit exposes its target to 18% more damage for 2 turns.,Un colpo critico che infligge danni espone il bersaglio al 18% di danni in più per 2 turni.,Ein schädigender kritischer Treffer setzt sein Ziel 2 Züge lang 18% mehr Schaden aus.,Un coup critique infligeant des dégâts expose sa cible à 18% de dégâts supplémentaires pendant 2 tours.
Hexbreak,Hexbreak,Spezza-Maleficio,Fluchbrecher,Brise-maléfice
Applying a harmful effect exposes that enemy to 20% more damage for 2 turns.,Applying a harmful effect exposes that enemy to 20% more damage for 2 turns.,Applicare un effetto nocivo espone quel nemico al 20% di danni in più per 2 turni.,Das Anwenden eines schädlichen Effekts setzt diesen Gegner 2 Züge lang 20% mehr Schaden aus.,Appliquer un effet nocif expose cet ennemi à 20% de dégâts supplémentaires pendant 2 tours.
Magic only,Magic only,Solo magia,Nur Magie,Magie uniquement
Physical only,Physical only,Solo fisico,Nur physisch,Physique uniquement
Rotate attack types,Rotate attack types,Alterna i tipi di attacco,Angriffsarten wechseln,Alterner les types d'attaque
Ranged only,Ranged only,Solo a distanza,Nur Fernkampf,À distance uniquement
Arcane Famine,Arcane Famine,Carestia Arcana,Arkane Hungersnot,Famine arcanique
"Only Magic attacks deal damage. Mana is scarce, so debuffs create the safest openings.","Only Magic attacks deal damage. Mana is scarce, so debuffs create the safest openings.","Solo gli attacchi magici infliggono danni. Il Mana è scarso, quindi gli effetti negativi creano le aperture più sicure.","Nur Magieangriffe verursachen Schaden. Mana ist knapp, daher schaffen Debuffs die sichersten Öffnungen.","Seules les attaques magiques infligent des dégâts. Le Mana est rare, donc les affaiblissements créent les ouvertures les plus sûres."
Bloodspell Crucible,Bloodspell Crucible,Crogiolo del Sangue Magico,Blutzauber-Schmelztiegel,Creuset du Sort de Sang
"Only Magic attacks deal damage. Skills consume Health, while critical hits expose the Guardian.","Only Magic attacks deal damage. Skills consume Health, while critical hits expose the Guardian.","Solo gli attacchi magici infliggono danni. Le abilità consumano Salute, mentre i colpi critici espongono il Guardiano.","Nur Magieangriffe verursachen Schaden. Fähigkeiten verbrauchen Leben, während kritische Treffer den Wächter bloßstellen.","Seules les attaques magiques infligent des dégâts. Les compétences consomment de la Vie, tandis que les coups critiques exposent le Gardien."
Silent Sanctum,Silent Sanctum,Santuario Silente,Stilles Sanktum,Sanctuaire Silencieux
"Only Magic attacks deal damage. Healing is weakened, and harmful effects become the main opening.","Only Magic attacks deal damage. Healing is weakened, and harmful effects become the main opening.",Solo gli attacchi magici infliggono danni. Le cure sono indebolite e gli effetti negativi diventano l'apertura principale.,"Nur Magieangriffe verursachen Schaden. Die Heilung ist geschwächt, und schädliche Effekte werden zur wichtigsten Öffnung.",Seules les attaques magiques infligent des dégâts. Les soins sont affaiblis et les effets nocifs deviennent l'ouverture principale.
Dry Powder,Dry Powder,Polvere Asciutta,Trockenpulver,Poudre sèche
Magic attacks deal no damage. Slower Mana gain shifts the plan toward physical critical hits.,Magic attacks deal no damage. Slower Mana gain shifts the plan toward physical critical hits.,"Gli attacchi magici non infliggono danni. Il Mana si accumula più lentamente, orientando la strategia verso i colpi critici fisici.",Magieangriffe verursachen keinen Schaden. Langsamerer Mana-Gewinn verlagert den Plan auf physische kritische Treffer.,Les attaques magiques n'infligent aucun dégât. Un gain de Mana plus lent oriente le plan vers les coups critiques physiques.
Bloodsteel Offensive,Bloodsteel Offensive,Offensiva d'Acciaiosangue,Blutstahl-Offensive,Offensive d'Acier de Sang
"Magic attacks deal no damage. Physical skills cost Health, and debuffs open burst windows.","Magic attacks deal no damage. Physical skills cost Health, and debuffs open burst windows.",Gli attacchi magici non infliggono danni. Le abilità fisiche costano Salute e gli effetti negativi aprono finestre d'assalto.,"Magieangriffe verursachen keinen Schaden. Physische Fähigkeiten kosten Leben, und Debuffs öffnen Ausbruchsfenster.","Les attaques magiques n'infligent aucun dégât. Les compétences physiques coûtent de la Vie, et les affaiblissements ouvrent des fenêtres explosives."
Mortal Vanguard,Mortal Vanguard,Avanguardia Mortale,Sterbliche Vorhut,Avant-garde Mortelle
Magic attacks deal no damage. Reduced healing rewards decisive physical critical chains.,Magic attacks deal no damage. Reduced healing rewards decisive physical critical chains.,Gli attacchi magici non infliggono danni. Le cure ridotte premiano catene decisive di critici fisici.,Magieangriffe verursachen keinen Schaden. Verringerte Heilung belohnt entschlossene Ketten physischer kritischer Treffer.,Les attaques magiques n'infligent aucun dégât. Les soins réduits récompensent des chaînes de critiques physiques décisives.
Prismatic Relay,Prismatic Relay,Staffetta Prismatica,Prismatische Staffel,Relais Prismatique
"Repeated damage types are blocked. Rotate Melee, Ranged, and Magic attacks despite slower Mana gain.","Repeated damage types are blocked. Rotate Melee, Ranged, and Magic attacks despite slower Mana gain.","I tipi di danno ripetuti vengono bloccati. Alterna attacchi da mischia, a distanza e magici nonostante il Mana più lento.","Wiederholte Schadensarten werden blockiert. Wechsle zwischen Nahkampf-, Fernkampf- und Magieangriffen, trotz langsameren Mana-Gewinns.","Les types de dégâts répétés sont bloqués. Alterne les attaques de mêlée, à distance et magiques malgré un gain de Mana plus lent."
Sanguine Spectrum,Sanguine Spectrum,Spettro Sanguigno,Blutiges Spektrum,Spectre Sanguin
Repeated damage types are blocked. Rotate all three types while paying Health for active skills.,Repeated damage types are blocked. Rotate all three types while paying Health for active skills.,I tipi di danno ripetuti vengono bloccati. Alterna tutti e tre i tipi mentre paghi Salute per le abilità attive.,Wiederholte Schadensarten werden blockiert. Wechsle zwischen allen drei Arten und bezahle aktive Fähigkeiten mit Leben.,Les types de dégâts répétés sont bloqués. Alterne les trois types tout en payant tes compétences actives en Vie.
Fractured Grace,Fractured Grace,Grazia Fratturata,Zersplitterte Anmut,Grâce Fracturée
Repeated damage types are blocked. Rotate all three types while managing sharply reduced healing.,Repeated damage types are blocked. Rotate all three types while managing sharply reduced healing.,I tipi di danno ripetuti vengono bloccati. Alterna tutti e tre i tipi gestendo cure fortemente ridotte.,Wiederholte Schadensarten werden blockiert. Wechsle zwischen allen drei Arten und komme mit stark verringerter Heilung zurecht.,Les types de dégâts répétés sont bloqués. Alterne les trois types tout en composant avec des soins fortement réduits.
Deadeye Drought,Deadeye Drought,Siccità del Tiratore,Dürre des Scharfschützen,Sécheresse du Tireur d'Élite
Only Ranged attacks deal damage. Slower Mana gain rewards accurate critical volleys.,Only Ranged attacks deal damage. Slower Mana gain rewards accurate critical volleys.,Solo gli attacchi a distanza infliggono danni. Il Mana più lento premia raffiche critiche precise.,Nur Fernkampfangriffe verursachen Schaden. Langsamerer Mana-Gewinn belohnt genaue kritische Salven.,Seules les attaques à distance infligent des dégâts. Un gain de Mana plus lent récompense des salves critiques précises.
Bloodshot Volley,Bloodshot Volley,Raffica Insanguinata,Blutige Salve,Salve Sanglante
"Only Ranged attacks deal damage. Skills cost Health, and debuffs open focused-fire windows.","Only Ranged attacks deal damage. Skills cost Health, and debuffs open focused-fire windows.",Solo gli attacchi a distanza infliggono danni. Le abilità costano Salute e gli effetti negativi aprono finestre di fuoco concentrato.,"Nur Fernkampfangriffe verursachen Schaden. Fähigkeiten kosten Leben, und Debuffs öffnen Fenster für gebündeltes Feuer.","Seules les attaques à distance infligent des dégâts. Les compétences coûtent de la Vie, et les affaiblissements ouvrent des fenêtres de tir concentré."
Last Arrow,Last Arrow,Ultima Freccia,Letzter Pfeil,Dernière flèche
Only Ranged attacks deal damage. Reduced healing rewards decisive critical volleys.,Only Ranged attacks deal damage. Reduced healing rewards decisive critical volleys.,Solo gli attacchi a distanza infliggono danni. Le cure ridotte premiano raffiche critiche decisive.,Nur Fernkampfangriffe verursachen Schaden. Verringerte Heilung belohnt entschlossene kritische Salven.,Seules les attaques à distance infligent des dégâts. Les soins réduits récompensent des salves critiques décisives.
Tower of Resonance,Tower of Resonance,Torre della Risonanza,Turm der Resonanz,Tour de Résonance
The road did not end. It stood upright: one hundred endgame trials whose upper reaches are paced for growing Echo Resonance.,The road did not end. It stood upright: one hundred endgame trials whose upper reaches are paced for growing Echo Resonance.,"La strada non terminava: si ergeva verso l'alto in cento prove di fine gioco, con i piani superiori calibrati sulla crescita della Risonanza dell'Eco.","Der Weg endete nicht. Er richtete sich auf: hundert Endspiel-Prüfungen, deren obere Bereiche auf wachsende Echo-Resonanz abgestimmt sind.","La route ne s'est pas achevée : elle s'est dressée à la verticale, en cent épreuves de fin de jeu dont les hauteurs sont calibrées sur une Résonance d'Écho croissante."
The Foundations,The Foundations,Le Fondamenta,Die Fundamente,Les Fondations
The Flooded Stair,The Flooded Stair,La Scala Allagata,Die überflutete Treppe,L'Escalier Inondé
The Iron Boughs,The Iron Boughs,I Rami di Ferro,Die Eisenäste,Les Rameaux de Fer
The Lantern Reach,The Lantern Reach,La Distesa delle Lanterne,Die Laternenweite,L'Étendue des Lanternes
The Ashen Vault,The Ashen Vault,La Cripta Cinerea,Die Aschengruft,La Crypte Cendrée
The Star Gallery,The Star Gallery,La Galleria Stellare,Die Sternengalerie,La Galerie des étoiles
The Chimera Walk,The Chimera Walk,Il Cammino della Chimera,Der Chimärengang,La Marche de la Chimère
The Crownless Spire,The Crownless Spire,La Guglia Senza Corona,Die Kronlose Turmspitze,La Flèche Sans Couronne
The Worldroot Crown,The Worldroot Crown,La Corona della Radice del Mondo,Die Weltwurzelkrone,La Couronne de la Racine du Monde
The Zenith,The Zenith,Lo Zenit,Der Zenit,Le Zénith
Mortar Slime,Mortar Slime,Slime di Malta,Mörtel-Slime,Slime de mortier
A dense foundation ooze that packs loose stone into load-bearing mortar.,A dense foundation ooze that packs loose stone into load-bearing mortar.,Una densa melma delle fondamenta che compatta le pietre smosse trasformandole in malta portante.,"Ein dichter Fundamentschleim, der lose Steine zu tragendem Mörtel verdichtet.",Un limon des fondations dense qui compacte les pierres détachées en mortier porteur.
Keystone Spark,Keystone Spark,Scintilla della Chiave di Volta,Schlussstein-Funke,Étincelle de Clé de Voûte
A hot little core that races between the oldest keystones and wakes them.,A hot little core that races between the oldest keystones and wakes them.,Un piccolo nucleo rovente che sfreccia tra le chiavi di volta più antiche e le risveglia.,"Ein heißer kleiner Kern, der zwischen den ältesten Schlusssteinen umherrast und sie weckt.",Un petit noyau brûlant qui file entre les plus anciennes clés de voûte et les réveille.
Chalkvein Slime,Chalkvein Slime,Slime della Vena di Gesso,Kreideader-Slime,Slime de Veine de Craie
A pale mineral slime that follows chalk seams through the Tower's buried footings.,A pale mineral slime that follows chalk seams through the Tower's buried footings.,Uno slime minerale pallido che segue le vene di gesso attraverso le fondamenta sepolte della Torre.,"Ein blasser Mineral-Slime, der Kreideadern durch die verschütteten Fundamente des Turms verfolgt.",Un Slime minéral pâle qui suit les veines de craie à travers les fondations enfouies de la Tour.
Grout Ooze,Grout Ooze,Melma di Stucco,Fugenschleim,Vase de mortier
Caustic seepage gathered into a creature between the Tower's first-laid blocks.,Caustic seepage gathered into a creature between the Tower's first-laid blocks.,Infiltrazioni caustiche raccolte in una creatura tra i primi blocchi posati della Torre.,"Ätzendes Sickerwasser, das sich zwischen den zuerst gelegten Blöcken des Turms zu einem Wesen sammelte.",Une infiltration caustique rassemblée en créature entre les premiers blocs posés de la Tour.
Plumbline Blob,Plumbline Blob,Blob a Filo a Piombo,Lotlinien-Blob,Blob du Fil à Plomb
A perfectly balanced ooze that attacks anything disturbing the ancient vertical line.,A perfectly balanced ooze that attacks anything disturbing the ancient vertical line.,Una melma in perfetto equilibrio che attacca chiunque turbi l'antica linea verticale.,"Ein vollkommen ausbalancierter Schleim, der alles angreift, was die uralte senkrechte Linie stört.",Un limon parfaitement équilibré qui attaque tout ce qui trouble l'antique ligne verticale.
Bedrock Jelly,Bedrock Jelly,Gelatina della Roccia Madre,Grundgestein-Gelee,Gelée du socle rocheux
A slow slab-hearted slime pressed hard by the weight of one hundred floors.,A slow slab-hearted slime pressed hard by the weight of one hundred floors.,"Uno slime lento dal cuore di lastra, compresso dal peso di cento piani.","Ein langsamer Slime mit Plattenherz, hart gepresst vom Gewicht von hundert Ebenen.","Un Slime lent au cœur de dalle, comprimé par le poids de cent étages."
Pillar Ember,Pillar Ember,Brace del Pilastro,Säulenglut,Braise du pilier
An ember spirit nesting inside a cracked pillar where old masons left their heat.,An ember spirit nesting inside a cracked pillar where old masons left their heat.,"Uno spirito di brace annidato in un pilastro crepato, dove gli antichi muratori lasciarono il proprio calore.","Ein Glutgeist, der in einer rissigen Säule nistet, in der alte Steinmetze ihre Hitze zurückließen.",Un esprit de braise nichant dans un pilier fissuré où d'anciens maçons ont laissé leur chaleur.
Understep Drip,Understep Drip,Goccia Sottoscala,Unterstufen-Tropfen,Goutte de Sous-Marche
A patient green drip that has learned to hunt beneath unfinished stairs.,A patient green drip that has learned to hunt beneath unfinished stairs.,Una paziente goccia verde che ha imparato a cacciare sotto le scale incompiute.,"Ein geduldiger grüner Tropfen, der gelernt hat, unter unfertigen Treppen zu jagen.",Une goutte verte patiente qui a appris à chasser sous des escaliers inachevés.
Foundation Surveyor,Foundation Surveyor,Agrimensore delle Fondamenta,Fundamentvermesser,Arpenteur des Fondations
A many-colored sentinel that measures intruders against the Tower's original plan.,A many-colored sentinel that measures intruders against the Tower's original plan.,Una sentinella variopinta che misura gli intrusi secondo il progetto originario della Torre.,"Eine vielfarbige Schildwache, die Eindringlinge am ursprünglichen Plan des Turms misst.",Une sentinelle multicolore qui mesure les intrus à l'aune du plan originel de la Tour.
Basalt Oathkeeper,Basalt Oathkeeper,Custode del Giuramento di Basalto,Basalt-Eidhüter,Gardien du Serment de Basalte
The black-stone custodian sworn to bear every floor raised above the foundations.,The black-stone custodian sworn to bear every floor raised above the foundations.,Il custode di pietra nera che ha giurato di sostenere ogni piano eretto sopra le fondamenta.,"Der Verwalter aus schwarzem Stein, der geschworen hat, jede über den Fundamenten errichtete Ebene zu tragen.",Le custode de pierre noire qui a juré de porter chaque étage élevé au-dessus des fondations.
Rimewake Climber,Rimewake Climber,Scalatore della Scia Gelida,Frostspur-Kletterer,Grimpeur du Sillage de Givre
A cold vapor-creature climbing against the current along the drowned stair.,A cold vapor-creature climbing against the current along the drowned stair.,Una creatura di vapore gelido che risale controcorrente lungo la scala sommersa.,"Ein kaltes Dampfwesen, das gegen die Strömung die ertrunkene Treppe hinaufsteigt.",Une créature de vapeur glaciale qui remonte le courant le long de l'escalier noyé.
Siltstep Ooze,Siltstep Ooze,Melma del Gradino Limaccioso,Schlickstufen-Schleim,Vase du gradin limoneux
Living stair-silt that collapses into sludge and reforms one landing higher.,Living stair-silt that collapses into sludge and reforms one landing higher.,Limo vivente delle scale che collassa in fanghiglia e si ricompone un pianerottolo più in alto.,"Lebender Treppenschlamm, der zu Schlick zerfällt und sich einen Treppenabsatz höher neu bildet.",Un limon d'escalier vivant qui s'effondre en boue et se reforme une volée plus haut.
Brineglass Skulker,Brineglass Skulker,Predatore di Vetro Salmastro,Soleglas-Schleicher,Fureteur de Verre de Saumure
A translucent brine hunter whose facets hide it beneath shallow black water.,A translucent brine hunter whose facets hide it beneath shallow black water.,"Un cacciatore traslucido di salamoia, le cui sfaccettature lo celano sotto basse acque nere.","Ein durchscheinender Solejäger, dessen Facetten ihn unter flachem schwarzem Wasser verbergen.",Un chasseur de saumure translucide dont les facettes le dissimulent sous des eaux noires peu profondes.
Undertow Prism,Undertow Prism,Prisma della Risacca,Sogprisma,Prisme du Ressac
A revolving crystal that drags climbers down steps no longer visible beneath the flood.,A revolving crystal that drags climbers down steps no longer visible beneath the flood.,Un cristallo rotante che trascina gli scalatori giù per gradini ormai invisibili sotto l'inondazione.,"Ein kreisender Kristall, der Kletternde Stufen hinabzieht, die unter der Flut nicht mehr sichtbar sind.",Un cristal tournoyant qui entraîne les grimpeurs le long de marches devenues invisibles sous la crue.
Floodmark Leech,Floodmark Leech,Sanguisuga del Segno di Piena,Flutmarken-Blutegel,Sangsue de la Laisse de Crue
A clinging poison mist born at the high-water line of a forgotten deluge.,A clinging poison mist born at the high-water line of a forgotten deluge.,"Una nebbia velenosa aderente, nata sulla linea di massima piena di un diluvio dimenticato.","Ein haftender Giftnebel, geboren an der Hochwasserlinie einer vergessenen Sintflut.","Une brume empoisonnée tenace, née sur la ligne de crue d'un déluge oublié."
Rainchain Wisp,Rainchain Wisp,Fuoco Fatuo della Catena Pluviale,Regenketten-Irrlicht,Feu Follet de la Chaîne de Pluie
A quick water spirit sliding along chains that once drained the upper landings.,A quick water spirit sliding along chains that once drained the upper landings.,Un rapido spirito d'acqua che scivola lungo le catene che un tempo drenavano i pianerottoli superiori.,"Ein schneller Wassergeist, der an Ketten entlanggleitet, die einst die oberen Treppenabsätze entwässerten.",Un esprit d'eau rapide qui glisse le long des chaînes qui drainaient jadis les plateformes supérieures.
Foamveil Lurker,Foamveil Lurker,Predatore del Velo di Schiuma,Schaumschleier-Lauerer,Guetteur du Voile d'Écume
A quiet shape concealed by foam wherever the endless stair turns sharply.,A quiet shape concealed by foam wherever the endless stair turns sharply.,Una sagoma silenziosa celata dalla schiuma nei punti in cui la scala infinita svolta bruscamente.,"Eine stille Gestalt, von Schaum verborgen, wo immer die endlose Treppe scharf abknickt.",Une forme silencieuse dissimulée par l'écume là où l'escalier sans fin tourne brusquement.
Drowned Landing Guard,Drowned Landing Guard,Guardia del Pianerottolo Sommerso,Wache des ertrunkenen Treppenabsatzes,Garde de l'Escalier Noyé
A sediment-armored watchman that refuses to abandon its submerged landing.,A sediment-armored watchman that refuses to abandon its submerged landing.,Una sentinella corazzata di sedimenti che rifiuta di abbandonare il proprio pianerottolo sommerso.,"Ein sedimentgepanzerter Wachmann, der sich weigert, seinen versunkenen Treppenabsatz zu verlassen.",Un veilleur cuirassé de sédiments qui refuse d'abandonner sa plateforme submergée.
Bellrope Revenant,Bellrope Revenant,Revenant della Corda della Campana,Glockenseil-Wiedergänger,Revenant de la Corde de Cloche
A drowned attendant still hauling the bellrope with hands made of refracted water.,A drowned attendant still hauling the bellrope with hands made of refracted water.,Un servitore annegato che continua a tirare la corda della campana con mani d'acqua rifratta.,"Ein ertrunkener Diener, der noch immer das Glockenseil mit Händen aus gebrochenem Wasser zieht.",Un servant noyé qui tire encore la corde de la cloche avec des mains d'eau réfractée.
Bellwarden of the Drowned Step,Bellwarden of the Drowned Step,Custode della Campana del Gradino Sommerso,Glockenwart der ertrunkenen Stufe,Gardien de la Cloche de la Marche Noyée
"The stair's last warden, ringing one corroded verdict through every flooded landing.","The stair's last warden, ringing one corroded verdict through every flooded landing.","L'ultimo custode della scala, che fa risuonare un verdetto corroso in ogni pianerottolo allagato.","Der letzte Wart der Treppe, der ein zerfressenes Urteil durch jeden überfluteten Treppenabsatz läutet.","Le dernier gardien de l'escalier, faisant résonner un verdict corrodé sur chaque plateforme inondée."
Rustleaf Charger,Rustleaf Charger,Arrembante Fogliaruggine,Rostlaub-Stürmer,Chargeur Feuille-de-Rouille
An iron-tusked boar scattering flakes of rust from the canopy with every charge.,An iron-tusked boar scattering flakes of rust from the canopy with every charge.,Un cinghiale dalle zanne di ferro che sparge scaglie di ruggine dalla chioma a ogni carica.,"Ein Eber mit Eisenhauern, der mit jedem Ansturm Rostflocken aus dem Kronendach schleudert.",Un sanglier aux défenses de fer qui disperse des écailles de rouille depuis la canopée à chaque charge.
Mossiron Prowler,Mossiron Prowler,Predatore Muschioferro,Mooseisen-Schleicher,Rôdeur de Fer Moussu
A patient hunter whose mossy coat conceals a skeleton of hammered ironwood.,A patient hunter whose mossy coat conceals a skeleton of hammered ironwood.,"Un cacciatore paziente, il cui manto muschioso nasconde uno scheletro di legnoferro battuto.","Ein geduldiger Jäger, dessen moosiges Fell ein Skelett aus gehämmertem Eisenholz verbirgt.",Un chasseur patient dont le pelage moussu dissimule un squelette de bois de fer martelé.
Rivetwing Wisp,Rivetwing Wisp,Fuoco Fatuo Alarivetto,Nietflügel-Irrlicht,Feu Follet Aile-Rivetée
A bright canopy spirit fastened together by tiny glowing rivets.,A bright canopy spirit fastened together by tiny glowing rivets.,"Uno spirito luminoso della chioma, tenuto insieme da minuscoli rivetti incandescenti.","Ein heller Kronendachgeist, zusammengehalten von winzigen glühenden Nieten.","Un esprit lumineux de la canopée, assemblé par de minuscules rivets incandescents."
Bogbolt Beetle,Bogbolt Beetle,Scarabeo Dardo di Palude,Sumpfbolzen-Käfer,Scarabée trait-des-marais
A plated beetle that launches itself between boughs like a heavy crossbow bolt.,A plated beetle that launches itself between boughs like a heavy crossbow bolt.,Uno scarabeo corazzato che si scaglia tra i rami come un pesante dardo di balestra.,"Ein gepanzerter Käfer, der sich wie ein schwerer Armbrustbolzen zwischen den Ästen hindurchschleudert.",Un scarabée cuirassé qui se propulse entre les rameaux tel un lourd carreau d'arbalète.
Boughplate Sentinel,Boughplate Sentinel,Sentinella Corazzaramo,Astplatten-Schildwache,Sentinelle aux Plaques de Rameau
A walking limb clad in overlapping leaves of green-black iron.,A walking limb clad in overlapping leaves of green-black iron.,Un ramo ambulante rivestito di foglie sovrapposte di ferro verde-nero.,"Ein wandelndes Glied, gehüllt in überlappende Blätter aus grünschwarzem Eisen.",Un membre ambulant vêtu de feuilles superposées de fer vert-noir.
Ferric Sapling,Ferric Sapling,Alberello Ferrico,Eiserner Schössling,Jeune Pousse Ferrique
A young iron tree already strong enough to buckle the gallery floor.,A young iron tree already strong enough to buckle the gallery floor.,Un giovane albero di ferro già abbastanza forte da deformare il pavimento della galleria.,"Ein junger Eisenbaum, bereits stark genug, den Galerieboden zu verbiegen.",Un jeune arbre de fer déjà assez fort pour gauchir le sol de la galerie.
Rootgear Sentry,Rootgear Sentry,Sentinella Ingranaggioradice,Wurzelrad-Wachposten,Sentinelle à Engrenage de Racines
A root-bound guard whose growth rings turn together like interlocked gears.,A root-bound guard whose growth rings turn together like interlocked gears.,"Una guardia avvinta alle radici, i cui anelli di crescita ruotano come ingranaggi incastrati.","Eine wurzelgebundene Wache, deren Jahresringe wie ineinandergreifende Zahnräder mitdrehen.",Une garde liée aux racines dont les cernes de croissance tournent ensemble comme des engrenages imbriqués.
Canopy Foundry Wisp,Canopy Foundry Wisp,Fuoco Fatuo della Fonderia della Chioma,Irrlicht der Kronendachgießerei,Feu Follet de la Fonderie de la Canopée
A furnace-bright spirit tending molten sap in nests high above the path.,A furnace-bright spirit tending molten sap in nests high above the path.,Uno spirito splendente come una fornace che accudisce linfa fusa nei nidi sopra il sentiero.,"Ein ofenheller Geist, der geschmolzenen Saft in Nestern hoch über dem Pfad hütet.",Un esprit brillant comme une forge qui veille sur la sève en fusion dans des nids surplombant le sentier.
Ironvine Standard-Bearer,Ironvine Standard-Bearer,Alfiere della Vite di Ferro,Eisenranken-Bannerträger,Porte-Étendard de la Vigne de Fer
A veteran bough carrying the sovereign's woven metal-vine standard.,A veteran bough carrying the sovereign's woven metal-vine standard.,"Un ramo veterano che porta lo stendardo del sovrano, intrecciato con viti metalliche.","Ein erfahrener Ast, der das geflochtene Metallranken-Banner des Souveräns trägt.","Un rameau vétéran portant l'étendard du souverain, tissé de vignes de métal."
Ferric Canopy Sovereign,Ferric Canopy Sovereign,Sovrano della Chioma Ferrica,Eiserner Blätterdach-Souverän,Souverain de la canopée ferrique
"The crowned intelligence of the iron boughs, ruling root and rivet as one domain.","The crowned intelligence of the iron boughs, ruling root and rivet as one domain.","L'intelligenza incoronata dei Rami di Ferro, che governa radici e rivetti come un unico dominio.","Die gekrönte Intelligenz der Eisenäste, die Wurzel und Niete als ein Reich beherrscht.","L'intelligence couronnée des Rameaux de fer, qui gouverne racine et rivet comme un seul domaine."
Rootcoil Lamplighter,Rootcoil Lamplighter,Lampionaio Spiraradice,Spiralwurzel-Laternenanzünder,Allumeur de Lanternes Racine-Spiralée
A coiled knight lighting each lantern with sparks struck from its own armor.,A coiled knight lighting each lantern with sparks struck from its own armor.,Un cavaliere avvolto a spirale che accende ogni lanterna con scintille strappate alla propria armatura.,"Ein gewundener Ritter, der jede Laterne mit Funken aus der eigenen Rüstung entzündet.",Un chevalier enroulé qui allume chaque lanterne avec des étincelles arrachées à sa propre armure.
Sporewick Diviner,Sporewick Diviner,Indovino dello Stoppino Sporale,Sporendocht-Wahrsager,Devin de la Mèche à Spores
A fungal oracle reading possible ascents in the color of a smoking wick.,A fungal oracle reading possible ascents in the color of a smoking wick.,Un oracolo fungino che legge le possibili ascese nel colore di uno stoppino fumante.,"Ein Pilzorakel, das mögliche Aufstiege in der Farbe eines rauchenden Dochts liest.",Un oracle fongique qui lit les ascensions possibles dans la couleur d'une mèche fumante.
Ferrum Beacon,Ferrum Beacon,Faro Ferreo,Eisernes Leuchtfeuer,Phare ferreux
An ironroot beacon that patrols the reach rather than waiting for lost travelers.,An ironroot beacon that patrols the reach rather than waiting for lost travelers.,Un faro di radiceferrea che pattuglia la Distesa invece di attendere i viaggiatori smarriti.,"Ein Eisenwurzel-Leuchtfeuer, das die Weite abschreitet, statt auf verirrte Reisende zu warten.",Une balise de racine de fer qui patrouille l'Étendue au lieu d'attendre les voyageurs égarés.
Emberroot Pilgrim,Emberroot Pilgrim,Pellegrino Radicebrace,Glutwurzel-Pilger,Pèlerin Racine-de-Braise
A pilgrim of bark and ember following lights that always recede upward.,A pilgrim of bark and ember following lights that always recede upward.,Un pellegrino di corteccia e brace che segue luci destinate ad arretrare sempre verso l'alto.,"Ein Pilger aus Rinde und Glut, der Lichtern folgt, die stets nach oben entweichen.",Un pèlerin d'écorce et de braise suivant des lumières qui reculent toujours vers le haut.
Sunk Lantern Bearer,Sunk Lantern Bearer,Portalanterna Sommerso,Versunkener Laternenträger,Porteur de Lanterne Englouti
A drowned bearer dragging a lantern whose flame burns below black water.,A drowned bearer dragging a lantern whose flame burns below black water.,Un portatore annegato che trascina una lanterna la cui fiamma arde sotto acque nere.,"Ein ertrunkener Träger, der eine Laterne schleppt, deren Flamme unter schwarzem Wasser brennt.",Un porteur noyé traînant une lanterne dont la flamme brûle sous des eaux noires.
Blackwater Wick,Blackwater Wick,Stoppino delle Acque Nere,Schwarzwasser-Docht,Mèche des Eaux Noires
A ribbon of living wick that drinks the surrounding darkness for fuel.,A ribbon of living wick that drinks the surrounding darkness for fuel.,Un nastro di stoppino vivente che beve l'oscurità circostante per alimentarsi.,"Ein Band aus lebendem Docht, das die umgebende Dunkelheit als Brennstoff trinkt.",Un ruban de mèche vivante qui boit les ténèbres alentour en guise de combustible.
Tollflame Sentry,Tollflame Sentry,Sentinella della Fiamma a Rintocco,Glockenflammen-Wachposten,Sentinelle de la Flamme du Glas
A sealed sentry that answers distant bells by kindling its rusted armor.,A sealed sentry that answers distant bells by kindling its rusted armor.,Una sentinella sigillata che risponde a campane lontane incendiando la propria armatura arrugginita.,"Ein versiegelter Wachposten, der fernen Glocken antwortet, indem er seine rostige Rüstung entzündet.",Une sentinelle scellée qui répond aux cloches lointaines en embrasant son armure rouillée.
Causeway Candlekeeper,Causeway Candlekeeper,Custode del Cero della Strada Rialzata,Kerzenhüter des Damms,Veilleur de Cierge de la Chaussée
A broad-shouldered keeper shielding one impossible candle from the drowned wind.,A broad-shouldered keeper shielding one impossible candle from the drowned wind.,Un custode dalle larghe spalle che ripara una candela impossibile dal vento annegato.,"Ein breitschultriger Hüter, der eine unmögliche Kerze vor dem ertrunkenen Wind schützt.",Un gardien aux larges épaules protégeant une bougie impossible du vent noyé.
Gloamglass Ferryman,Gloamglass Ferryman,Traghettatore di Vetrocrepuscolo,Dämmerglas-Fährmann,Passeur de Verre Crépusculaire
A glassy shadow ferrying stolen light between the Reach's highest lamps.,A glassy shadow ferrying stolen light between the Reach's highest lamps.,Un'ombra vitrea che traghetta luce rubata tra le lanterne più alte della Distesa.,"Ein gläserner Schatten, der gestohlenes Licht zwischen den höchsten Lampen der Weite befördert.",Une ombre vitreuse qui transporte la lumière volée entre les plus hautes lampes de l'Étendue.
Wickbound Pilgrim,Wickbound Pilgrim,Pellegrino Vincolato allo Stoppino,Dochtgebundener Pilger,Pèlerin Lié à la Mèche
"An ancient pilgrim bound in keeper wick, carrying every extinguished prayer upward.","An ancient pilgrim bound in keeper wick, carrying every extinguished prayer upward.","Un antico pellegrino avvinto allo stoppino dei custodi, che porta verso l'alto ogni preghiera spenta.","Ein uralter Pilger, in Hüterdocht gebunden, der jedes erloschene Gebet nach oben trägt.","Un pèlerin antique lié dans la mèche des gardiens, portant vers le haut chaque prière éteinte."
Vault-Ash Sentinel,Vault-Ash Sentinel,Sentinella della Cenere della Cripta,Gewölbeaschen-Schildwache,Sentinelle de la Cendre de la Crypte
A sealed guardian dusted in the ash of treasures that outlived their owners.,A sealed guardian dusted in the ash of treasures that outlived their owners.,"Un guardiano sigillato, coperto dalla cenere di tesori sopravvissuti ai loro proprietari.","Ein versiegelter Wächter, bestäubt mit der Asche von Schätzen, die ihre Besitzer überdauerten.","Un gardien scellé, poudré de la cendre de trésors qui ont survécu à leurs propriétaires."
Soot Reliquary Keeper,Soot Reliquary Keeper,Custode del Reliquiario di Fuliggine,Hüter des Rußreliquiars,Gardien du Reliquaire de Suie
A glass-armored keeper bearing a reliquary filled with warm black soot.,A glass-armored keeper bearing a reliquary filled with warm black soot.,Un custode dall'armatura di vetro che porta un reliquiario colmo di fuliggine nera e calda.,"Ein glasgepanzerter Hüter, der ein Reliquiar voll warmen schwarzen Rußes trägt.",Un gardien cuirassé de verre portant un reliquaire empli de suie noire et tiède.
Unspent Wickshade,Unspent Wickshade,Ombra dello Stoppino Intatto,Unverbrauchter Dochtschatten,Ombre de Mèche Inentamée
"A wick spirit that never burned, furious at every living source of warmth.","A wick spirit that never burned, furious at every living source of warmth.","Uno spirito di stoppino che non ha mai bruciato, furioso contro ogni fonte vivente di calore.","Ein Dochtgeist, der nie brannte, wütend auf jede lebende Quelle von Wärme.","Un esprit de mèche qui n'a jamais brûlé, furieux contre toute source vivante de chaleur."
Ember Censer Hound,Ember Censer Hound,Segugio dell'Incensiere di Brace,Glutweihrauch-Hund,Limier de l'Encensoir de Braise
A four-footed vault construct trailing incense and sparks through locked aisles.,A four-footed vault construct trailing incense and sparks through locked aisles.,Un costrutto a quattro zampe della cripta che lascia una scia d'incenso e scintille nei corridoi chiusi.,"Ein vierbeiniges Gewölbekonstrukt, das Weihrauch und Funken durch verschlossene Gänge zieht.",Une construction quadrupède de la crypte qui traîne encens et étincelles dans les allées verrouillées.
Cinderlock Custodian,Cinderlock Custodian,Custode della Serratura di Brace,Verwalter des Glutschlosses,Custode du Verrou de Braise
A patient custodian whose key turns only after the intruder has become ash.,A patient custodian whose key turns only after the intruder has become ash.,"Un custode paziente, la cui chiave gira soltanto dopo che l'intruso è diventato cenere.","Ein geduldiger Verwalter, dessen Schlüssel sich erst dreht, wenn der Eindringling zu Asche geworden ist.",Un custode patient dont la clé ne tourne qu'une fois l'intrus réduit en cendres.
Ashglass Wraith,Ashglass Wraith,Spettro di Vetrocenere,Aschenglas-Gespenst,Spectre de Verre de Cendre
A drifting reflection trapped inside panes of smoke-dark glass.,A drifting reflection trapped inside panes of smoke-dark glass.,Un riflesso errante intrappolato in lastre di vetro annerito dal fumo.,"Ein treibendes Spiegelbild, gefangen in Scheiben aus rauchdunklem Glas.","Un reflet à la dérive, prisonnier de panneaux de verre assombri par la fumée."
Charred Keybearer,Charred Keybearer,Custode della Chiave Carbonizzato,Verkohlter Schlüsselträger,Porte-Clé Calciné
A former keeper clutching the last key to a vault already burned empty.,A former keeper clutching the last key to a vault already burned empty.,Un ex custode che stringe l'ultima chiave di una cripta ormai ridotta in cenere.,"Ein einstiger Hüter, der den letzten Schlüssel zu einem längst leergebrannten Gewölbe umklammert.",Un ancien gardien serrant la dernière clé d'une crypte déjà réduite en cendres.
Reliquary Moth,Reliquary Moth,Falena del Reliquiario,Reliquiarmotte,Phalène du Reliquaire
A broad soot-winged spirit feeding on the memory preserved inside relics.,A broad soot-winged spirit feeding on the memory preserved inside relics.,Un ampio spirito dalle ali di fuliggine che si nutre del ricordo conservato nelle reliquie.,"Ein breiter Geist mit Rußflügeln, der sich von den in Reliquien bewahrten Erinnerungen nährt.",Un large esprit aux ailes de suie qui se nourrit du souvenir conservé dans les reliques.
Last Ember Sacristan,Last Ember Sacristan,Sacrestano dell'Ultima Brace,Sakristan der letzten Glut,Sacristain de la Dernière Braise
The sacristan appointed to guard the final ember after all other fires fail.,The sacristan appointed to guard the final ember after all other fires fail.,Il sacrestano incaricato di vegliare sull'ultima brace dopo lo spegnimento di ogni altro fuoco.,"Der Sakristan, bestellt, die letzte Glut zu hüten, wenn alle anderen Feuer versagen.",Le sacristain chargé de veiller sur l'ultime braise quand tous les autres feux s'éteignent.
Cinder Reliquary,Cinder Reliquary,Reliquiario di Brace,Glutreliquiar,Reliquaire de Braise
"A walking shrine of sealed cinders, each ember the remnant of an ended vow.","A walking shrine of sealed cinders, each ember the remnant of an ended vow.","Un santuario ambulante di braci sigillate, ciascuna residuo di un voto concluso.","Ein wandelnder Schrein versiegelter Glut, jede Kohle der Rest eines beendeten Gelübdes.","Un sanctuaire ambulant de braises scellées, chaque tison étant le reste d'un vœu achevé."
Stardust Disciple,Stardust Disciple,Discepolo della Polvere Stellare,Sternenstaub-Jünger,Disciple de la Poussière d'Étoiles
An ascetic tracing constellations through ash scattered across the gallery floor.,An ascetic tracing constellations through ash scattered across the gallery floor.,Un asceta che traccia costellazioni nella cenere sparsa sul pavimento della galleria.,"Ein Asket, der Sternbilder in die über den Galerieboden verstreute Asche zeichnet.",Un ascète traçant des constellations dans la cendre répandue sur le sol de la galerie.
Comet Cinder Monk,Comet Cinder Monk,Monaco della Brace Cometaria,Kometenglut-Mönch,Moine de Braise Cométaire
A cinder monk whose sweeping blows leave brief comet tails in the dark.,A cinder monk whose sweeping blows leave brief comet tails in the dark.,Un monaco di cenere i cui ampi colpi lasciano brevi scie di cometa nell'oscurità.,"Ein Glutmönch, dessen weite Hiebe kurze Kometenschweife im Dunkel hinterlassen.",Un moine de braise dont les larges coups laissent de brèves queues de comète dans l'obscurité.
Orbiting Ashling,Orbiting Ashling,Cenerino Orbitante,Kreisender Aschling,Cendrelet Orbital
A small ash spirit circling an invisible point of celestial gravity.,A small ash spirit circling an invisible point of celestial gravity.,Un piccolo spirito di cenere che orbita attorno a un invisibile centro di gravità celeste.,"Ein kleiner Aschengeist, der einen unsichtbaren Punkt himmlischer Schwerkraft umkreist.",Un petit esprit de cendre tournant autour d'un point invisible de gravité céleste.
Constellation Pilgrim,Constellation Pilgrim,Pellegrino della Costellazione,Sternbild-Pilger,Pèlerin de la Constellation
A silent traveler stepping only on the luminous joins between painted stars.,A silent traveler stepping only on the luminous joins between painted stars.,Un viaggiatore silenzioso che cammina soltanto sulle giunture luminose tra stelle dipinte.,"Ein stiller Wanderer, der nur auf die leuchtenden Fugen zwischen gemalten Sternen tritt.",Un voyageur silencieux qui ne foule que les jointures lumineuses entre les étoiles peintes.
Starcoal Anchorite,Starcoal Anchorite,Anacoreta del Carbone Stellare,Sternenkohle-Einsiedler,Anachorète du Charbon Stellaire
A solitary keeper whose coal-black body contains a pinprick stellar furnace.,A solitary keeper whose coal-black body contains a pinprick stellar furnace.,"Un custode solitario, il cui corpo nero come carbone contiene una minuscola fornace stellare.","Ein einsamer Hüter, dessen kohlschwarzer Körper einen nadelstichgroßen Sternenofen birgt.",Un gardien solitaire dont le corps noir charbon renferme une fournaise stellaire grosse comme une tête d'épingle.
Meteor Votary,Meteor Votary,Devoto della Meteora,Meteorgeweihter,Dévot du météore
A votary that descends upon intruders with the force of a falling star.,A votary that descends upon intruders with the force of a falling star.,Un devoto che piomba sugli intrusi con la forza di una stella cadente.,"Ein Geweihter, der mit der Wucht einer Sternschnuppe auf Eindringlinge niederfährt.",Un dévot qui fond sur les intrus avec la force d'une étoile filante.
Night-Sky Cenobite,Night-Sky Cenobite,Cenobita del Cielo Notturno,Nachthimmel-Zönobit,Cénobite du Ciel Nocturne
A cloistered observer wearing a robe patterned after a sky with no dawn.,A cloistered observer wearing a robe patterned after a sky with no dawn.,Un osservatore di clausura che indossa una veste modellata su un cielo privo d'alba.,Ein klösterlicher Beobachter in einer Robe nach dem Muster eines Himmels ohne Morgenrot.,Un observateur cloîtré vêtu d'une robe à l'image d'un ciel sans aube.
Ashen Astrolabe,Ashen Astrolabe,Astrolabio Cinereo,Aschenes Astrolabium,Astrolabe Cendré
A fighting instrument of ash and brass that solves trajectories with every turn.,A fighting instrument of ash and brass that solves trajectories with every turn.,Uno strumento da guerra di cenere e ottone che calcola traiettorie a ogni rotazione.,"Ein Kampfinstrument aus Asche und Messing, das mit jeder Drehung Flugbahnen berechnet.",Un instrument de combat de cendre et de laiton qui résout des trajectoires à chaque rotation.
Galactic Incense Bearer,Galactic Incense Bearer,Portatore d'Incenso Galattico,Galaktischer Weihrauchträger,Porteur d'Encens Galactique
A bearer trailing luminous incense that curls into miniature spiral galaxies.,A bearer trailing luminous incense that curls into miniature spiral galaxies.,"Un portatore che lascia dietro di sé incenso luminoso, arricciato in galassie a spirale in miniatura.","Ein Träger, der leuchtenden Weihrauch hinterlässt, welcher sich zu winzigen Spiralgalaxien kräuselt.",Un porteur laissant derrière lui un encens lumineux qui s'enroule en galaxies spirales miniatures.
Orrery Curator,Orrery Curator,Curatore del Planetario,Planetariumskurator,Conservateur du Planétaire
The immortal curator who keeps every brass world turning on its appointed path.,The immortal curator who keeps every brass world turning on its appointed path.,Il curatore immortale che mantiene ogni mondo d'ottone in rotazione lungo il percorso assegnato.,"Der unsterbliche Kurator, der jede Messingwelt auf ihrer zugewiesenen Bahn in Bewegung hält.",Le conservateur immortel qui maintient chaque monde de laiton sur sa trajectoire assignée.
Prismhide Prowler,Prismhide Prowler,Predatore dalla Pelle Prismatica,Prismenhaut-Schleicher,Rôdeur à la Peau Prismatique
A gallery predator whose glass hide already reflects several incompatible beasts.,A gallery predator whose glass hide already reflects several incompatible beasts.,"Un predatore della galleria, la cui pelle di vetro riflette già diverse bestie incompatibili.","Ein Galerie-Raubtier, dessen Glashaut bereits mehrere unvereinbare Bestien spiegelt.",Un prédateur de la galerie dont la peau de verre reflète déjà plusieurs bêtes incompatibles.
Orbitbone Sentinel,Orbitbone Sentinel,Sentinella d'Ossa Orbitanti,Orbitknochen-Schildwache,Sentinelle aux Os Orbitaux
A sentinel assembled around a revolving cage of borrowed celestial bones.,A sentinel assembled around a revolving cage of borrowed celestial bones.,Una sentinella assemblata attorno a una gabbia rotante di ossa celesti prese in prestito.,"Eine Schildwache, zusammengesetzt um einen kreisenden Käfig aus geliehenen Himmelsknochen.",Une sentinelle assemblée autour d'une cage tournante d'os célestes empruntés.
Starglass Stitcher,Starglass Stitcher,Suturatore di Vetrostellare,Sternenglas-Näher,Ravaudeur de Verre Stellaire
A quick surgeon joining scraps of star-glass hide into unfinished hunters.,A quick surgeon joining scraps of star-glass hide into unfinished hunters.,Un rapido chirurgo che unisce brandelli di pelle di vetrostellare in cacciatori incompiuti.,"Ein schneller Chirurg, der Fetzen von Sternenglashaut zu unfertigen Jägern zusammenfügt.",Un chirurgien rapide qui assemble des lambeaux de peau de verre stellaire en chasseurs inachevés.
Many-Eyed Astromancer,Many-Eyed Astromancer,Astromante dai Molti Occhi,Vieläugiger Astromant,Astromancien aux Nombreux Yeux
A malformed observer whose clustered eyes each follow a different possible prey.,A malformed observer whose clustered eyes each follow a different possible prey.,"Un osservatore deforme, i cui occhi ammassati seguono ciascuno una diversa preda possibile.","Ein missgestalteter Beobachter, dessen gebündelte Augen je einer anderen möglichen Beute folgen.",Un observateur difforme dont les yeux en grappe suivent chacun une proie possible différente.
Patchstar Hound,Patchstar Hound,Segugio Stellacucita,Flickstern-Hund,Limier Étoile-Rapiécée
A hound sewn from shadow pelts and a bright fragment of something once celestial.,A hound sewn from shadow pelts and a bright fragment of something once celestial.,Un segugio cucito con pelli d'ombra e un frammento luminoso di qualcosa un tempo celeste.,"Ein Hund, genäht aus Schattenfellen und einem hellen Fragment von etwas einst Himmlischem.",Un limier cousu de peaux d'ombre et d'un fragment lumineux de quelque chose jadis céleste.
Umbral Graftling,Umbral Graftling,Innesto Umbratile,Schattenpfröpfling,Greffon Ombreux
A new graft learning which of its many limbs can best survive the climb.,A new graft learning which of its many limbs can best survive the climb.,Un nuovo innesto che impara quale dei suoi molti arti sappia resistere meglio all'ascesa.,"Ein neuer Pfropfling, der lernt, welche seiner vielen Gliedmaßen den Aufstieg am besten übersteht.",Une greffe nouvelle qui apprend lequel de ses nombreux membres survivra le mieux à l'ascension.
Chimeric Talon,Chimeric Talon,Artiglio Chimerico,Chimärische Klaue,Serre chimérique
A single enormous hunting claw carried forward by a nest of lesser legs.,A single enormous hunting claw carried forward by a nest of lesser legs.,"Un unico enorme artiglio da caccia, portato avanti da un nido di zampe minori.","Eine einzige gewaltige Jagdklaue, vorangetragen von einem Nest geringerer Beine.","Une unique griffe de chasse énorme, portée en avant par un nid de pattes mineures."
Suturewing Horror,Suturewing Horror,Orrore Alacucita,Nahtflügel-Schrecken,Horreur Aile-Suturée
A stitched horror dragging mismatched wings that beat in hostile rhythms.,A stitched horror dragging mismatched wings that beat in hostile rhythms.,"Un orrore cucito che trascina ali spaiate, battute secondo ritmi ostili.","Ein zusammengenähter Schrecken, der unpassende Flügel schleppt, die in feindlichen Rhythmen schlagen.",Une horreur cousue traînant des ailes dépareillées qui battent selon des rythmes hostiles.
Broodwalk Stalker,Broodwalk Stalker,Predatore del Cammino della Covata,Brutgang-Pirscher,Traqueur de l'Allée de la Couvée
A many-backed stalker guarding the last passage to its maker's chamber.,A many-backed stalker guarding the last passage to its maker's chamber.,Un predatore dai molti dorsi che sorveglia l'ultimo passaggio verso la camera della propria creatrice.,"Ein vielrückiger Pirscher, der den letzten Zugang zur Kammer seiner Erschafferin bewacht.",Un traqueur aux multiples échines gardant le dernier passage vers la chambre de sa créatrice.
Manymade Matriarch,Manymade Matriarch,Matriarca dalle Molte Forme,Vielgestaltige Matriarchin,Matriarche aux mille formes
"The mother of assembled bloodlines, perfected through generations made by hand.","The mother of assembled bloodlines, perfected through generations made by hand.","La madre di stirpi assemblate, perfezionata attraverso generazioni create a mano.","Die Mutter zusammengesetzter Blutlinien, vervollkommnet durch von Hand geschaffene Generationen.","La mère des lignées assemblées, perfectionnée à travers des générations faites à la main."
Vacant Vanguard,Vacant Vanguard,Avanguardia Vacante,Verlassene Vorhut,Avant-garde Vacante
An empty suit still holding the first defensive line of the crownless spire.,An empty suit still holding the first defensive line of the crownless spire.,Un'armatura vuota che presidia ancora la prima linea difensiva della guglia senza corona.,"Eine leere Rüstung, die noch immer die erste Verteidigungslinie der kronlosen Turmspitze hält.",Une armure vide tenant encore la première ligne de défense de la flèche sans couronne.
Bannerless Marshal,Bannerless Marshal,Maresciallo Senza Stendardo,Bannerloser Marschall,Maréchal Sans Bannière
A marshal commanding formations beneath a pole from which every banner was cut.,A marshal commanding formations beneath a pole from which every banner was cut.,Un maresciallo che comanda le formazioni sotto un'asta dalla quale ogni stendardo è stato reciso.,"Ein Marschall, der Formationen unter einer Stange befehligt, von der jedes Banner geschnitten wurde.",Un maréchal commandant les formations sous une hampe dont chaque bannière a été tranchée.
Hollow Stair Knight,Hollow Stair Knight,Cavaliere della Scala Vuota,Hohler Treppenritter,Chevalier Creux de l'Escalier
A disciplined shell that patrols the narrow stair without rest or occupant.,A disciplined shell that patrols the narrow stair without rest or occupant.,Un guscio disciplinato che pattuglia la stretta scala senza riposo né occupante.,"Eine disziplinierte Hülle, die die schmale Treppe ohne Rast und ohne Insassen patrouilliert.",Une coque disciplinée qui patrouille l'escalier étroit sans repos ni occupant.
Sealbound Castellan,Sealbound Castellan,Castellano Vincolato ai Sigilli,Siegelgebundener Kastellan,Castellan Lié aux Sceaux
A castellan held upright by the very seals it was ordered to defend.,A castellan held upright by the very seals it was ordered to defend.,Un castellano tenuto in piedi dagli stessi sigilli che gli fu ordinato di difendere.,"Ein Kastellan, aufrecht gehalten von genau den Siegeln, die er verteidigen sollte.",Un castellan maintenu debout par les sceaux mêmes qu'il avait ordre de défendre.
Crown-Eater,Crown-Eater,Divoracorone,Kronenfresser,Dévoreur de couronnes
A siege shade that devours every false crown carried into the spire.,A siege shade that devours every false crown carried into the spire.,Un'ombra d'assedio che divora ogni falsa corona portata nella guglia.,"Ein Belagerungsschatten, der jede falsche Krone verschlingt, die in die Turmspitze getragen wird.",Une ombre de siège qui dévore chaque fausse couronne portée dans la flèche.
Empty Court Duelist,Empty Court Duelist,Duellante della Corte Vuota,Duellant des leeren Hofes,Duelliste de la Cour Vide
A peerless duelist continuing a tournament whose court vanished centuries ago.,A peerless duelist continuing a tournament whose court vanished centuries ago.,Un duellante senza pari che prosegue un torneo la cui corte scomparve secoli fa.,"Ein unvergleichlicher Duellant, der ein Turnier fortsetzt, dessen Hof vor Jahrhunderten verschwand.",Un duelliste sans égal poursuivant un tournoi dont la cour a disparu il y a des siècles.
Black Parapet Watcher,Black Parapet Watcher,Vedetta del Parapetto Nero,Beobachter der schwarzen Brüstung,Guetteur du Parapet Noir
A long-range watcher outlined against the spire's lightless upper air.,A long-range watcher outlined against the spire's lightless upper air.,"Una vedetta a lunga distanza, stagliata contro l'aria priva di luce sopra la guglia.","Ein Fernbeobachter, der sich gegen die lichtlose Höhenluft der Turmspitze abzeichnet.",Un guetteur à longue portée découpé sur l'air sans lumière au sommet de la flèche.
Throneless Adjudicator,Throneless Adjudicator,Giudice Senza Trono,Thronloser Richter,Juge Sans Trône
An armored judge pronouncing sentences in the name of a throne that never existed.,An armored judge pronouncing sentences in the name of a throne that never existed.,Un giudice in armatura che pronuncia sentenze in nome di un trono mai esistito.,"Ein gepanzerter Richter, der Urteile im Namen eines Throns spricht, der nie existierte.",Un juge cuirassé prononçant des sentences au nom d'un trône qui n'a jamais existé.
Last Bastion Shade,Last Bastion Shade,Ombra dell'Ultimo Bastione,Schatten der letzten Bastion,Ombre du Dernier Bastion
The shadow cast by the citadel's final wall after the wall itself fell away.,The shadow cast by the citadel's final wall after the wall itself fell away.,L'ombra proiettata dall'ultima muraglia della cittadella dopo la scomparsa della muraglia stessa.,"Der Schatten der letzten Mauer der Zitadelle, nachdem die Mauer selbst gefallen war.",L'ombre projetée par l'ultime muraille de la citadelle après la disparition de la muraille elle-même.
Empty Castellan,Empty Castellan,Castellano Vacuo,Leerer Kastellan,Castellan Vide
"The perfected vacancy at the spire's center, wearing a fortress as its armor.","The perfected vacancy at the spire's center, wearing a fortress as its armor.","Il vuoto perfetto al centro della guglia, che indossa una fortezza come armatura.","Die vollendete Leere im Zentrum der Turmspitze, die eine Festung als Rüstung trägt.","Le vide parfait au centre de la flèche, portant une forteresse en guise d'armure."
Vein-Crowned Behemoth,Vein-Crowned Behemoth,Colosso Incoronato di Vene,Adergekrönter Behemoth,Béhémoth Couronné de Veines
A massive root beast crowned by pulsing veins of royal golden sap.,A massive root beast crowned by pulsing veins of royal golden sap.,"Un'enorme bestia di radici, incoronata da vene pulsanti di linfa dorata e regale.","Ein massiges Wurzelbiest, gekrönt von pulsierenden Adern königlich goldenen Safts.",Une bête-racine massive couronnée de veines palpitantes de sève dorée et royale.
Sapthrone Oracle,Sapthrone Oracle,Oracolo del Trono di Linfa,Saftthron-Orakel,Oracle du Trône de Sève
"An oracle grown around a wooden throne, drinking answers directly from the root.","An oracle grown around a wooden throne, drinking answers directly from the root.","Un oracolo cresciuto attorno a un trono di legno, che beve le risposte direttamente dalla radice.","Ein Orakel, um einen hölzernen Thron gewachsen, das Antworten unmittelbar aus der Wurzel trinkt.","Un oracle qui a poussé autour d'un trône de bois, buvant les réponses directement à la racine."
Heartroot Knight,Heartroot Knight,Cavaliere della Radice del Cuore,Herzwurzel-Ritter,Chevalier Racine-du-Cœur
A compact guardian carved from the hardest tissue surrounding the Worldroot's heart.,A compact guardian carved from the hardest tissue surrounding the Worldroot's heart.,"Un guardiano compatto, scolpito nel tessuto più duro che circonda il cuore della Radice del Mondo.","Ein kompakter Wächter, geschnitzt aus dem härtesten Gewebe rund um das Herz der Weltwurzel.","Un gardien compact, taillé dans le tissu le plus dur entourant le cœur de la Racine du Monde."
Bloomvein Beast,Bloomvein Beast,Bestia della Vena Fiorita,Blütenader-Biest,Bête aux Veines Fleuries
A charging knot of root whose opened wounds flower before they can bleed.,A charging knot of root whose opened wounds flower before they can bleed.,"Un nodo di radici alla carica, le cui ferite aperte sbocciano prima di sanguinare.","Ein stürmender Wurzelknoten, dessen offene Wunden erblühen, bevor sie bluten können.","Un nœud de racines à la charge, dont les plaies ouvertes fleurissent avant de saigner."
Crownwood Augur,Crownwood Augur,Augure del Legno della Corona,Kronenholz-Augur,Augure du Bois de la Couronne
A many-ringed augur interpreting tremors from the crown at the Tower's summit.,A many-ringed augur interpreting tremors from the crown at the Tower's summit.,Un augure dai molti anelli che interpreta i tremori provenienti dalla corona sulla vetta della Torre.,"Ein vielringiger Augur, der die Erschütterungen der Krone auf der Turmspitze deutet.",Un augure aux nombreux anneaux qui interprète les tremblements venus de la couronne au sommet de la Tour.
Pulsebark Guardian,Pulsebark Guardian,Guardiano della Corteccia Pulsante,Pulsrinden-Wächter,Gardien à l'Écorce Palpitante
A plated guardian whose bark beats in time with the root chamber around it.,A plated guardian whose bark beats in time with the root chamber around it.,"Un guardiano corazzato, la cui corteccia pulsa al ritmo della camera di radici che lo circonda.","Ein gepanzerter Wächter, dessen Rinde im Takt der ihn umgebenden Wurzelkammer schlägt.",Un gardien cuirassé dont l'écorce bat au rythme de la chambre de racines qui l'entoure.
Royal Mycelium,Royal Mycelium,Micelio Regale,Königliches Myzel,Mycélium Royal
A regal fungal intelligence carrying commands between the Crown's deepest roots.,A regal fungal intelligence carrying commands between the Crown's deepest roots.,Un'intelligenza fungina regale che trasmette ordini tra le radici più profonde della Corona.,"Eine königliche Pilzintelligenz, die Befehle zwischen den tiefsten Wurzeln der Krone trägt.",Une intelligence fongique royale qui porte les ordres entre les racines les plus profondes de la Couronne.
Bloodsap Cantor,Bloodsap Cantor,Cantore della Linfa Sanguigna,Blutsaft-Kantor,Chantre de Sève Sanglante
A root singer whose slow hymn sends red sap surging through nearby growth.,A root singer whose slow hymn sends red sap surging through nearby growth.,"Un cantore delle radici, il cui lento inno fa scorrere linfa rossa nella vegetazione vicina.","Ein Wurzelsänger, dessen langsamer Hymnus roten Saft durch den nahen Wuchs treibt.",Un chantre des racines dont l'hymne lent fait affluer la sève rouge dans la végétation proche.
Worldroot Scion,Worldroot Scion,Rampollo della Radice del Mondo,Weltwurzel-Spross,Rejeton de la Racine du Monde
A young offshoot strong enough to inherit the whole living crown if left unchallenged.,A young offshoot strong enough to inherit the whole living crown if left unchallenged.,Un giovane germoglio abbastanza forte da ereditare l'intera corona vivente se lasciato incontrastato.,"Ein junger Ableger, stark genug, die gesamte lebende Krone zu erben, wenn ihn niemand herausfordert.",Un jeune rejeton assez fort pour hériter de toute la couronne vivante si nul ne le défie.
Heartbloom Colossus,Heartbloom Colossus,Colosso della Fioritura del Cuore,Herzblüten-Koloss,Colosse de la Floraison du Cœur
A colossal flowering heart that closes the Worldroot around every intruder.,A colossal flowering heart that closes the Worldroot around every intruder.,Un colossale cuore in fiore che serra la Radice del Mondo attorno a ogni intruso.,"Ein kolossales blühendes Herz, das die Weltwurzel um jeden Eindringling schließt.",Un cœur colossal en fleur qui referme la Racine du Monde autour de chaque intrus.
Zenith Herald,Zenith Herald,Araldo dello Zenit,Zenitherold,Héraut du zénith
"The first voice of the summit, announcing challengers to an audience of empty sky.","The first voice of the summit, announcing challengers to an audience of empty sky.","La prima voce della vetta, che annuncia gli sfidanti a un pubblico di cielo vuoto.","Die erste Stimme der Spitze, die Herausforderer einem Publikum aus leerem Himmel ankündigt.","La première voix du sommet, annonçant les prétendants à une audience de ciel vide."
Dawn-Ash Seal,Dawn-Ash Seal,Sigillo di Cenere dell'Alba,Morgenaschen-Siegel,Sceau de cendre de l'aube
A bright prison seal preserving the ash of a dawn that never reached the summit.,A bright prison seal preserving the ash of a dawn that never reached the summit.,Un luminoso sigillo di prigionia che conserva la cenere di un'alba mai giunta alla vetta.,"Ein helles Kerkersiegel, das die Asche eines Morgenrots bewahrt, das die Spitze nie erreichte.",Un sceau de prison lumineux préservant la cendre d'une aube qui n'a jamais atteint le sommet.
Eventide Seal,Eventide Seal,Sigillo del Vespro,Abendrot-Siegel,Sceau de la tombée du soir
A flowing seal holding the last blue instant between daylight and eclipse.,A flowing seal holding the last blue instant between daylight and eclipse.,Un sigillo fluido che trattiene l'ultimo istante azzurro tra luce del giorno ed eclissi.,"Ein fließendes Siegel, das den letzten blauen Augenblick zwischen Tageslicht und Finsternis festhält.",Un sceau fluide retenant le dernier instant bleu entre la lumière du jour et l'éclipse.
Silent Meridian,Silent Meridian,Meridiano Silente,Stiller Meridian,Méridien Silencieux
"A black meridian drawn upright through the Zenith, countering every careless crossing.","A black meridian drawn upright through the Zenith, countering every careless crossing.","Un meridiano nero tracciato verticalmente nello Zenit, che contrasta ogni attraversamento imprudente.","Ein schwarzer Meridian, senkrecht durch den Zenit gezogen, der jede unachtsame Überquerung kontert.","Un méridien noir tracé à la verticale à travers le Zénith, ripostant à chaque traversée imprudente."
Root of Noon,Root of Noon,Radice del Mezzogiorno,Wurzel des Mittags,Racine de midi
A plated solar root pinning the unmoving light of noon to the summit floor.,A plated solar root pinning the unmoving light of noon to the summit floor.,Una radice solare corazzata che inchioda al pavimento della vetta la luce immobile del mezzogiorno.,"Eine gepanzerte Sonnenwurzel, die das unbewegte Licht des Mittags an den Boden der Spitze heftet.",Une racine solaire cuirassée qui cloue au sol du sommet la lumière immobile de midi.
Lastlight Gaoler,Lastlight Gaoler,Carceriere dell'Ultimaluce,Letztlicht-Kerkermeister,Geôlier de la Dernière Lueur
A final gaoler carrying the captured light of every lower wing in its armor.,A final gaoler carrying the captured light of every lower wing in its armor.,Un ultimo carceriere che porta nella propria armatura la luce catturata di tutte le ali inferiori.,"Ein letzter Kerkermeister, der das gefangene Licht aller unteren Flügel in seiner Rüstung trägt.",Un ultime geôlier portant dans son armure la lumière capturée de toutes les ailes inférieures.
Eclipse Witness,Eclipse Witness,Testimone dell'Eclissi,Zeuge der Finsternis,Témoin de l'Éclipse
A burning witness that remembers every company broken beneath the waiting crown.,A burning witness that remembers every company broken beneath the waiting crown.,Un testimone ardente che ricorda ogni compagnia spezzata sotto la corona in attesa.,"Ein brennender Zeuge, der sich an jede Gesellschaft erinnert, die unter der wartenden Krone zerbrach.",Un témoin ardent qui se souvient de chaque compagnie brisée sous la couronne qui attend.
Crownshadow Seraph,Crownshadow Seraph,Serafino dell'Ombra della Corona,Kronenschatten-Seraph,Séraphin de l'Ombre de la Couronne
A winged shadow cast downward by a crown no ordinary light can reveal.,A winged shadow cast downward by a crown no ordinary light can reveal.,Un'ombra alata proiettata verso il basso da una corona che nessuna luce comune può rivelare.,"Ein geflügelter Schatten, herabgeworfen von einer Krone, die kein gewöhnliches Licht enthüllen kann.",Une ombre ailée projetée vers le bas par une couronne qu'aucune lumière ordinaire ne peut révéler.
Waiting Thronekeeper,Waiting Thronekeeper,Custode del Trono in Attesa,Wartender Thronhüter,Gardien du Trône en Attente
"The last keeper before the throne, motionless until the ascent is nearly complete.","The last keeper before the throne, motionless until the ascent is nearly complete.","L'ultimo custode prima del trono, immobile finché l'ascesa non è quasi compiuta.","Der letzte Hüter vor dem Thron, reglos, bis der Aufstieg fast vollendet ist.","Le dernier gardien avant le trône, immobile jusqu'à ce que l'ascension soit presque achevée."
The Crown That Waits,The Crown That Waits,La Corona che Attende,Die wartende Krone,La Couronne qui Attend
The will at the end of ascent: a patient crown that has measured every step below.,The will at the end of ascent: a patient crown that has measured every step below.,La volontà al termine dell'ascesa: una corona paziente che ha misurato ogni gradino sottostante.,"Der Wille am Ende des Aufstiegs: eine geduldige Krone, die jede Stufe darunter vermessen hat.",La volonté au terme de l'ascension : une couronne patiente qui a mesuré chaque marche en contrebas.
Crownfall Edict,Crownfall Edict,Editto della Corona Cadente,Edikt des Kronensturzes,Édit de la Chute de la Couronne
A balanced wave of royal magic strikes the whole party and leaves a modest vulnerability.,A balanced wave of royal magic strikes the whole party and leaves a modest vulnerability.,Un'onda equilibrata di magia regale colpisce l'intero gruppo e lascia una moderata vulnerabilità.,Eine ausgewogene Welle königlicher Magie trifft die gesamte Gruppe und hinterlässt eine mäßige Verwundbarkeit.,Une vague équilibrée de magie royale frappe tout le groupe et laisse une vulnérabilité modérée.
Floor %s in progress,Floor %s in progress,Piano %s in corso,Ebene %s läuft,Étage %s en cours
Apex conquered,Apex conquered,Vetta conquistata,Gipfel erobert,Sommet conquis
Floor %s ready,Floor %s ready,Piano %s pronto,Ebene %s bereit,Étage %s prêt
Floor %s / %s,Floor %s / %s,Piano %s / %s,Ebene %s / %s,Étage %s / %s
Tier %s floor,Tier %s floor,Piano di grado %s,Ebene von Grad %s,Étage de palier %s
Tier %s checkpoint boss,Tier %s checkpoint boss,Boss del checkpoint di grado %s,Kontrollpunkt-Boss von Grad %s,Boss du point de contrôle de palier %s
%s | Seals remaining: %s | Zenith pulse: %s%%,%s | Seals remaining: %s | Zenith pulse: %s%%,%s | Sigilli rimanenti: %s | Impulso dello Zenit: %s%%,%s | Verbleibende Siegel: %s | Zenit-Impuls: %s%%,%s | Sceaux restants : %s | Impulsion du Zénith : %s%%
Floor %s/%s | Kills %s | Deaths %s | XP %s | Two-pet limit,Floor %s/%s | Kills %s | Deaths %s | XP %s | Two-pet limit,Piano %s/%s | Uccisioni %s | Morti %s | PE %s | Limite di due famigli,Ebene %s/%s | Tötungen %s | Tode %s | EP %s | Zwei-Begleiter-Limit,Étage %s/%s | Éliminations %s | Morts %s | XP %s | Limite de deux familiers
[color=yellow]The ascent was abandoned. Floor progress is unchanged.[/color],[color=yellow]The ascent was abandoned. Floor progress is unchanged.[/color],[color=yellow]L'ascesa è stata abbandonata. I progressi dei piani restano invariati.[/color],[color=yellow]Der Aufstieg wurde abgebrochen. Der Ebenenfortschritt bleibt unverändert.[/color],[color=yellow]L'ascension a été abandonnée. La progression des étages est inchangée.[/color]
[color=yellow]Zenith Pulse: the Twin Bond limits the blast to %s%% maximum HP.[/color],[color=yellow]Zenith Pulse: the Twin Bond limits the blast to %s%% maximum HP.[/color],[color=yellow]Impulso dello Zenit: il Legame Gemello limita l'esplosione al %s%% dei PV massimi.[/color],[color=yellow]Zenit-Impuls: die Zwillingsbindung begrenzt die Explosion auf %s%% der maximalen LP.[/color],[color=yellow]Impulsion du Zénith : le Lien Jumeau limite l'explosion à %s%% des PV maximum.[/color]
[color=yellow]Tower floor %s cleared.[/color],[color=yellow]Tower floor %s cleared.[/color],[color=yellow]Piano %s della Torre superato.[/color],[color=yellow]Turmebene %s geschafft.[/color],[color=yellow]Étage %s de la Tour franchi.[/color]
[color=yellow]The party fell on floor %s. The step remains ready for another attempt.[/color],[color=yellow]The party fell on floor %s. The step remains ready for another attempt.[/color],[color=yellow]Il gruppo è caduto al piano %s. Il gradino resta pronto per un altro tentativo.[/color],[color=yellow]Die Gruppe fiel auf Ebene %s. Die Stufe bleibt für einen weiteren Versuch bereit.[/color],[color=yellow]Le groupe est tombé à l'étage %s. La marche reste prête pour une nouvelle tentative.[/color]
"[color=yellow]This floor is paced for Echo Resonance Rank %s / %s across the whole formation. Raise your heroes' Resonance and gear, then try again.[/color]","[color=yellow]This floor is paced for Echo Resonance Rank %s / %s across the whole formation. Raise your heroes' Resonance and gear, then try again.[/color]","[color=yellow]Questo piano è calibrato per il Grado di Risonanza dell'Eco %s / %s sull'intera formazione. Aumenta la Risonanza e l'equipaggiamento dei tuoi eroi, poi riprova.[/color]",[color=yellow]Diese Ebene ist auf Echo-Resonanz-Rang %s / %s über die gesamte Formation abgestimmt. Steigere Resonanz und Ausrüstung deiner Helden und versuche es erneut.[/color],"[color=yellow]Cet étage est calibré pour un Rang de Résonance d'Écho de %s / %s sur toute la formation. Augmente la Résonance et l'équipement de tes héros, puis réessaie.[/color]"
"[color=yellow]This floor expects formation-average Echo Resonance Rank %s / %s. Echo Pressure strengthened the enemies because the selected formation averaged Rank %s. Raise Resonance, then try again.[/color]","[color=yellow]This floor expects formation-average Echo Resonance Rank %s / %s. Echo Pressure strengthened the enemies because the selected formation averaged Rank %s. Raise Resonance, then try again.[/color]","[color=yellow]Questo piano richiede un Grado medio di Risonanza dell'Eco della formazione pari a %s / %s. La Pressione dell'Eco ha rafforzato i nemici perché la formazione scelta aveva un grado medio di %s. Aumenta la Risonanza, poi riprova.[/color]","[color=yellow]Diese Ebene erwartet im Formationsdurchschnitt Echo-Resonanz-Rang %s / %s. Der Echo-Druck hat die Gegner gestärkt, weil die gewählte Formation im Schnitt Rang %s hatte. Steigere die Resonanz und versuche es erneut.[/color]","[color=yellow]Cet étage attend un Rang de Résonance d'Écho moyen de %s / %s pour la formation. La Pression d'Écho a renforcé les ennemis car la formation choisie affichait en moyenne le Rang %s. Augmente la Résonance, puis réessaie.[/color]"
cleared,cleared,superato,abgeschlossen,terminé
failed,failed,fallito,fehlgeschlagen,échoué
Tower floor %s %s,Tower floor %s %s,Piano %s della Torre: %s,Turmebene %s: %s,Étage %s de la Tour : %s
"Tower of Resonance - Floor %s, Tier %s. Always available; attempts are unlimited.","Tower of Resonance - Floor %s, Tier %s. Always available; attempts are unlimited.","Torre della Risonanza - Piano %s, grado %s. Sempre disponibile; i tentativi sono illimitati.","Turm der Resonanz - Ebene %s, Grad %s. Immer verfügbar; Versuche sind unbegrenzt.","Tour de Résonance - Étage %s, Palier %s. Toujours disponible ; les tentatives sont illimitées."
"%s

Highest cleared: %s / 100
Next attempt: Floor %s - Tier %s
Wing: %s
Formation: up to 12 heroes and 2 companions

Failure or abandon keeps your progress, so return after a gear-tier upgrade and climb again.","%s

Highest cleared: %s / 100
Next attempt: Floor %s - Tier %s
Wing: %s
Formation: up to 12 heroes and 2 companions

Failure or abandon keeps your progress, so return after a gear-tier upgrade and climb again.","%s

Piano più alto superato: %s / 100
Prossimo tentativo: piano %s - grado %s
Ala: %s
Formazione: fino a 12 eroi e 2 famigli

Una sconfitta o un abbandono conserva i progressi: torna dopo aver migliorato il grado dell'equipaggiamento e riprendi l'ascesa.","%s

Höchste geschaffte Ebene: %s / 100
Nächster Versuch: Ebene %s - Grad %s
Flügel: %s
Formation: bis zu 12 Helden und 2 Begleiter

Niederlage oder Abbruch bewahrt deinen Fortschritt: kehre nach einer Verbesserung des Ausrüstungsgrads zurück und steige erneut auf.","%s

Étage le plus haut franchi : %s / 100
Prochaine tentative : Étage %s - Palier %s
Aile : %s
Formation : jusqu'à 12 héros et 2 familiers

Un échec ou un abandon conserve ta progression : reviens après avoir amélioré le palier de ton équipement et reprends l'ascension."
"This floor has no Tower item, material, gem, or coin drop.","This floor has no Tower item, material, gem, or coin drop.","Questo piano non rilascia oggetti della Torre, materiali, gemme o monete.","Diese Ebene lässt keinen Turmgegenstand, kein Material, keinen Edelstein und keine Münze fallen.","Cet étage ne laisse tomber ni objet de la Tour, ni matériau, ni gemme, ni pièce."
"THE CROWN THAT WAITS
Built for 10-12 active raid sets and two level 18-20 Rare, Epic, or Legendary companions. Unbroken seals strengthen the boss; both companions reduce the Zenith Pulse.","THE CROWN THAT WAITS
Built for 10-12 active raid sets and two level 18-20 Rare, Epic, or Legendary companions. Unbroken seals strengthen the boss; both companions reduce the Zenith Pulse.","LA CORONA CHE ATTENDE
Pensata per 10-12 set da raid attivi e due famigli rari, epici o leggendari di livello 18-20. I sigilli intatti rafforzano il boss; entrambi i famigli riducono l'Impulso dello Zenit.","DIE WARTENDE KRONE
Ausgelegt auf 10-12 aktive Raid-Sets und zwei Begleiter der Stufe 18-20 in Selten, Episch oder Legendär. Ungebrochene Siegel stärken den Boss; beide Begleiter mindern den Zenit-Impuls.","LA COURONNE QUI ATTEND
Conçue pour 10-12 ensembles de raid actifs et deux familiers de niveau 18-20 Rare, Épique ou Légendaire. Les sceaux intacts renforcent le boss ; les deux familiers réduisent l'Impulsion du Zénith."
"THE CROWN THAT WAITS
Built for 10-12 active raid sets and two level 18-20 Rare, Epic, or Legendary companions. Unbroken seals strengthen the boss; both companions reduce the Zenith Pulse.

WANING PATIENCE: after %s enemy actions the Crown grows enraged, gaining +%s%% attack every %s further enemy actions, up to %s stacks. End the fight quickly to avoid it.","THE CROWN THAT WAITS
Built for 10-12 active raid sets and two level 18-20 Rare, Epic, or Legendary companions. Unbroken seals strengthen the boss; both companions reduce the Zenith Pulse.

WANING PATIENCE: after %s enemy actions the Crown grows enraged, gaining +%s%% attack every %s further enemy actions, up to %s stacks. End the fight quickly to avoid it.","LA CORONA CHE ATTENDE
Pensata per 10-12 set da raid attivi e due famigli rari, epici o leggendari di livello 18-20. I sigilli intatti rafforzano il boss; entrambi i famigli riducono l'Impulso dello Zenit.

PAZIENZA CALANTE: dopo %s azioni nemiche la Corona si infuria, guadagnando +%s%% di attacco ogni %s azioni nemiche successive, fino a %s cariche. Concludi lo scontro in fretta per evitarla.","DIE WARTENDE KRONE
Ausgelegt auf 10-12 aktive Raid-Sets und zwei Begleiter der Stufe 18-20 in Selten, Episch oder Legendär. Ungebrochene Siegel stärken den Boss; beide Begleiter mindern den Zenit-Impuls.

SCHWINDENDE GEDULD: nach %s Gegneraktionen gerät die Krone in Rage und erhält +%s%% Angriff für je %s weitere Gegneraktionen, bis zu %s Stapel. Beende den Kampf schnell, um dem zu entgehen.","LA COURONNE QUI ATTEND
Conçue pour 10-12 ensembles de raid actifs et deux familiers de niveau 18-20 Rare, Épique ou Légendaire. Les sceaux intacts renforcent le boss ; les deux familiers réduisent l'Impulsion du Zénith.

PATIENCE DÉCLINANTE : après %s actions ennemies, la Couronne entre en rage et gagne +%s%% d'attaque toutes les %s actions ennemies supplémentaires, jusqu'à %s cumuls. Termine vite le combat pour l'éviter."
[color=orange]Waning Patience: the fight has dragged on too long -- the foe grows enraged.[/color],[color=orange]Waning Patience: the fight has dragged on too long -- the foe grows enraged.[/color],[color=orange]Pazienza Calante: lo scontro si è protratto troppo a lungo -- il nemico si infuria.[/color],[color=orange]Schwindende Geduld: der Kampf hat zu lange gedauert -- der Feind gerät in Rage.[/color],[color=orange]Patience Déclinante : le combat s'est trop éternisé -- l'ennemi entre en rage.[/color]
%s | Waning Patience: %s stacks (+%s%% boss attack),%s | Waning Patience: %s stacks (+%s%% boss attack),%s | Pazienza Calante: %s cariche (+%s%% attacco del boss),%s | Schwindende Geduld: %s Stapel (+%s%% Boss-Angriff),%s | Patience Déclinante : %s cumuls (+%s%% attaque du boss)
"%s | Echo Pressure: +%s%% enemy HP, +%s%% enemy Attack","%s | Echo Pressure: +%s%% enemy HP, +%s%% enemy Attack","%s | Pressione dell'Eco: +%s%% PV nemici, +%s%% Attacco nemico","%s | Echo-Druck: +%s%% Gegner-LP, +%s%% Gegner-Angriff","%s | Pression d'Écho : +%s%% PV ennemis, +%s%% Attaque ennemie"
TOWER,TOWER,TORRE,TURM,TOUR
Tower,Tower,Torre,Turm,Tour
UNAVAILABLE,UNAVAILABLE,NON DISPONIBILE,NICHT VERFÜGBAR,INDISPONIBLE
"100 / 100
TIER 12
REPLAY","100 / 100
TIER 12
REPLAY","100 / 100
GRADO 12
RIGIOCA","100 / 100
GRAD 12
WIEDERHOLEN","100 / 100
PALIER 12
REJOUER"
"FLOOR %s
TIER %s
IN BATTLE","FLOOR %s
TIER %s
IN BATTLE","PIANO %s
GRADO %s
IN BATTAGLIA","EBENE %s
GRAD %s
IM KAMPF","ÉTAGE %s
PALIER %s
EN COMBAT"
"NEXT %s
TIER %s
READY","NEXT %s
TIER %s
READY","PROSSIMO %s
GRADO %s
PRONTO","NÄCHSTE %s
GRAD %s
BEREIT","SUIVANT %s
PALIER %s
PRÊT"
THE NEXT STEP,THE NEXT STEP,IL PROSSIMO GRADINO,DER NÄCHSTE SCHRITT,LA PROCHAINE MARCHE
CHECKPOINT BOSS,CHECKPOINT BOSS,BOSS DEL CHECKPOINT,KONTROLLPUNKT-BOSS,BOSS DU POINT DE CONTRÔLE
NO FLOOR REWARD,NO FLOOR REWARD,NESSUNA RICOMPENSA DEL PIANO,KEINE EBENENBELOHNUNG,AUCUNE RÉCOMPENSE D'ÉTAGE
Arrange Tower Formation,Arrange Tower Formation,Organizza la formazione della Torre,Turmformation anordnen,Organiser la formation de la Tour
Attempt Tower Floor %s,Attempt Tower Floor %s,Tenta il piano %s della Torre,Turmebene %s versuchen,Tenter l'étage %s de la Tour
"Abandon Floor
(Progress stays saved)","Abandon Floor
(Progress stays saved)","Abbandona il piano
(I progressi restano salvati)","Ebene abbrechen
(Fortschritt bleibt gespeichert)","Abandonner l'étage
(La progression reste sauvegardée)"
The same floor remains available,The same floor remains available,Lo stesso piano resta disponibile,Dieselbe Ebene bleibt verfügbar,Le même étage reste disponible
%s guards this wing checkpoint with its own retainers.,%s guards this wing checkpoint with its own retainers.,%s sorveglia il checkpoint di quest'ala con il proprio seguito.,%s bewacht diesen Flügel-Kontrollpunkt mit eigenem Gefolge.,%s garde ce point de contrôle d'aile avec sa propre suite.
This floor guarantees its authored %s signature encounter.,This floor guarantees its authored %s signature encounter.,Questo piano garantisce lo scontro caratteristico previsto per %s.,Diese Ebene garantiert die eigens gestaltete Signatur-Begegnung für %s.,Cet étage garantit sa rencontre emblématique conçue pour %s.
A Tower sentinel,A Tower sentinel,Una sentinella della Torre,Eine Schildwache des Turms,Une sentinelle de la Tour
"TOWER OF
RESONANCE","TOWER OF
RESONANCE","TORRE DELLA
RISONANZA","TURM DER
RESONANZ","TOUR DE
RÉSONANCE"
IN BATTLE,IN BATTLE,IN BATTAGLIA,IM KAMPF,EN COMBAT
"TOWER MIST
This floor's Mist sits at %s%%, adding +%s%% Evade to every enemy. Mist Reduction and Mist Damage heroes counter it the same way they do in dungeons.","TOWER MIST
This floor's Mist sits at %s%%, adding +%s%% Evade to every enemy. Mist Reduction and Mist Damage heroes counter it the same way they do in dungeons.","NEBBIA DELLA TORRE
La Nebbia di questo piano è al %s%%, che aggiunge +%s%% Schivata a ogni nemico. Gli eroi con Riduzione nebbia e Danno da nebbia la contrastano allo stesso modo dei dungeon.","TURMNEBEL
Der Nebel dieser Ebene liegt bei %s%% und gibt jedem Gegner +%s%% Ausweichen. Helden mit Nebelminderung und Nebelschaden wirken dem genauso entgegen wie in Verliesen.","BRUME DE LA TOUR
La Brume de cet étage est à %s%%, ce qui ajoute +%s%% d'Esquive à chaque ennemi. Les héros de Réduction de brume et de Dégâts de brume la contrent comme dans les donjons."
AUTO-ADVANCE,AUTO-ADVANCE,AVANZAMENTO AUTOMATICO,AUTOMATISCHER VORSTOSS,AVANCE AUTOMATIQUE
AUTO-ADVANCE · FLOORS %s-%s,AUTO-ADVANCE · FLOORS %s-%s,AVANZAMENTO AUTOMATICO · PIANI %s-%s,AUTO-VORRÜCKEN · EBENEN %s-%s,AUTO-PROGRESSION · ÉTAGES %s-%s
The Tower stands fully conquered. Auto-Advance is no longer needed.,The Tower stands fully conquered. Auto-Advance is no longer needed.,La Torre è stata completamente conquistata. L'Avanzamento Automatico non è più necessario.,Der Turm ist vollständig bezwungen. Auto-Vorrücken wird nicht mehr benötigt.,La Tour est entièrement conquise. L'Auto-Progression n'est plus nécessaire.
"Fights automatically from the next uncleared floor through the next multiple-of-ten checkpoint. Every floor uses the formation and companions displayed above and resolves through the normal fight, reward, and save rules -- defeat on any floor stops the batch.","Fights automatically from the next uncleared floor through the next multiple-of-ten checkpoint. Every floor uses the formation and companions displayed above and resolves through the normal fight, reward, and save rules -- defeat on any floor stops the batch.","Combatte automaticamente dal prossimo piano non superato fino al successivo checkpoint multiplo di dieci. Ogni piano usa la formazione e i famigli mostrati sopra e si risolve secondo le normali regole di combattimento, ricompensa e salvataggio: la sconfitta in un piano qualsiasi interrompe il lotto.","Kämpft automatisch von der nächsten ungeschafften Ebene bis zum nächsten Kontrollpunkt bei einem Vielfachen von zehn. Jede Ebene nutzt die oben gezeigte Formation und die gezeigten Begleiter und wird nach den normalen Kampf-, Belohnungs- und Speicherregeln aufgelöst -- eine Niederlage auf einer beliebigen Ebene stoppt die Serie.","Combat automatiquement depuis le prochain étage non franchi jusqu'au point de contrôle suivant, multiple de dix. Chaque étage utilise la formation et les familiers affichés ci-dessus et se résout selon les règles normales de combat, de récompense et de sauvegarde -- une défaite à n'importe quel étage interrompt la série."
Start Auto-Advance,Start Auto-Advance,Avvia Avanzamento Automatico,Auto-Vorrücken starten,Lancer l'Auto-Progression
Auto-Advance is unavailable right now,Auto-Advance is unavailable right now,L'Avanzamento Automatico non è disponibile al momento,Auto-Vorrücken ist derzeit nicht verfügbar,L'Auto-Progression n'est pas disponible pour le moment
Attempt Floors %s-%s automatically,Attempt Floors %s-%s automatically,Affronta automaticamente i piani %s-%s,Ebenen %s-%s automatisch versuchen,Tenter automatiquement les étages %s-%s
No heroes selected,No heroes selected,Nessun eroe selezionato,Keine Helden ausgewählt,Aucun héros sélectionné
No companions selected,No companions selected,Nessun famiglio selezionato,Keine Begleiter ausgewählt,Aucun familier sélectionné
"Attempt Floors %s-%s automatically, fighting each floor in sequence through the normal Tower rules.

Team: %s
Companions: %s

Defeat on any floor stops the batch immediately; floors already cleared stay saved. Clears and rewards are never guaranteed or instant - each floor is fought exactly as a manual attempt would be.","Attempt Floors %s-%s automatically, fighting each floor in sequence through the normal Tower rules.

Team: %s
Companions: %s

Defeat on any floor stops the batch immediately; floors already cleared stay saved. Clears and rewards are never guaranteed or instant - each floor is fought exactly as a manual attempt would be.","Affronta automaticamente i piani %s-%s, combattendo ogni piano in sequenza secondo le normali regole della Torre.

Squadra: %s
Famigli: %s

La sconfitta in un piano qualsiasi interrompe subito il lotto; i piani già superati restano salvati. I successi e le ricompense non sono mai garantiti né istantanei: ogni piano viene combattuto esattamente come farebbe un tentativo manuale.","Versuche die Ebenen %s-%s automatisch und kämpfe jede Ebene nacheinander nach den normalen Turmregeln.

Team: %s
Begleiter: %s

Eine Niederlage auf einer beliebigen Ebene stoppt die Serie sofort; bereits geschaffte Ebenen bleiben gespeichert. Erfolge und Belohnungen sind nie garantiert oder sofortig - jede Ebene wird genau so ausgekämpft wie bei einem manuellen Versuch.","Tente automatiquement les étages %s-%s en combattant chaque étage l'un après l'autre selon les règles normales de la Tour.

Équipe : %s
Familiers : %s

Une défaite à n'importe quel étage interrompt aussitôt la série ; les étages déjà franchis restent sauvegardés. Les réussites et les récompenses ne sont jamais garanties ni instantanées - chaque étage est combattu exactement comme lors d'une tentative manuelle."
Start,Start,Avvia,Starten,Démarrer
"Abandon Batch
(Ends Auto-Advance)","Abandon Batch
(Ends Auto-Advance)","Abbandona il lotto
(Termina l'Avanzamento Automatico)","Serie abbrechen
(Beendet das Auto-Vorrücken)","Abandonner la série
(Met fin à l'Auto-Progression)"
Stops the Auto-Advance batch immediately; the same floor remains available,Stops the Auto-Advance batch immediately; the same floor remains available,Interrompe subito il lotto di Avanzamento Automatico; lo stesso piano resta disponibile,Stoppt die Serie des Auto-Vorrückens sofort; dieselbe Ebene bleibt verfügbar,Arrête aussitôt la série d'Auto-Progression ; le même étage reste disponible
Floor %s · %s/%s,Floor %s · %s/%s,Piano %s · %s/%s,Ebene %s · %s/%s,Étage %s · %s/%s
Stop After This Floor,Stop After This Floor,Interrompi dopo questo piano,Nach dieser Ebene stoppen,Arrêter après cet étage
Stopping After This Floor...,Stopping After This Floor...,Interruzione dopo questo piano...,Stoppt nach dieser Ebene...,Arrêt après cet étage...
The batch will stop once the current floor finishes,The batch will stop once the current floor finishes,Il lotto si interromperà al termine del piano attuale,"Die Serie stoppt, sobald die aktuelle Ebene beendet ist",La série s'arrêtera une fois l'étage en cours terminé
"Finish the current floor, then stop the Auto-Advance batch","Finish the current floor, then stop the Auto-Advance batch","Completa il piano attuale, poi interrompi il lotto di Avanzamento Automatico","Aktuelle Ebene beenden, dann die Serie des Auto-Vorrückens stoppen","Terminer l'étage en cours, puis arrêter la série d'Auto-Progression"
AUTO-ADVANCE STOPPED,AUTO-ADVANCE STOPPED,AVANZAMENTO AUTOMATICO INTERROTTO,AUTO-VORRÜCKEN GESTOPPT,AUTO-PROGRESSION ARRÊTÉE
Attempted floors %s-%s,Attempted floors %s-%s,Piani tentati %s-%s,Versuchte Ebenen %s-%s,Étages tentés %s-%s
"Floors cleared: %s
Final floor reached: %s","Floors cleared: %s
Final floor reached: %s","Piani superati: %s
Piano finale raggiunto: %s","Geschaffte Ebenen: %s
Erreichte Endebene: %s","Étages franchis : %s
Étage final atteint : %s"
Floor %s was attempted but not cleared.,Floor %s was attempted but not cleared.,Il piano %s è stato tentato ma non superato.,"Ebene %s wurde versucht, aber nicht geschafft.",L'étage %s a été tenté mais non franchi.
BATCH REWARDS,BATCH REWARDS,RICOMPENSE DEL LOTTO,LOS-BELOHNUNGEN,RÉCOMPENSES DU LOT
No checkpoint floors were cleared this batch.,No checkpoint floors were cleared this batch.,Nessun piano di checkpoint è stato superato in questo lotto.,In dieser Serie wurden keine Kontrollpunkt-Ebenen geschafft.,Aucun étage de point de contrôle n'a été franchi durant cette série.
"Coins earned: %s
Permanent hero slots earned: %s
Checkpoint materials collected: %s","Coins earned: %s
Permanent hero slots earned: %s
Checkpoint materials collected: %s","Monete guadagnate: %s
Posti eroe permanenti guadagnati: %s
Materiali di checkpoint raccolti: %s","Verdiente Münzen: %s
Erhaltene dauerhafte Heldenplätze: %s
Gesammelte Kontrollpunkt-Materialien: %s","Pièces gagnées : %s
Emplacements de héros permanents gagnés : %s
Matériaux de point de contrôle récoltés : %s"
Your formation was defeated. Progress up to the last cleared floor is saved.,Your formation was defeated. Progress up to the last cleared floor is saved.,La tua formazione è stata sconfitta. I progressi fino all'ultimo piano superato sono salvati.,Deine Formation wurde besiegt. Der Fortschritt bis zur letzten geschafften Ebene ist gespeichert.,Ta formation a été vaincue. La progression jusqu'au dernier étage franchi est sauvegardée.
The batch was abandoned mid-floor. Progress up to the last cleared floor is saved.,The batch was abandoned mid-floor. Progress up to the last cleared floor is saved.,Il lotto è stato abbandonato a metà piano. I progressi fino all'ultimo piano superato sono salvati.,Die Serie wurde mitten in einer Ebene abgebrochen. Der Fortschritt bis zur letzten geschafften Ebene ist gespeichert.,La série a été abandonnée en plein étage. La progression jusqu'au dernier étage franchi est sauvegardée.
"Stopped after the requested floor, as asked.","Stopped after the requested floor, as asked.","Interrotto dopo il piano richiesto, come richiesto.","Nach der gewünschten Ebene gestoppt, wie verlangt.","Arrêté après l'étage demandé, comme convenu."
Floor 100 reached - the Tower stands conquered.,Floor 100 reached - the Tower stands conquered.,Piano 100 raggiunto: la Torre è stata conquistata.,Ebene 100 erreicht - der Turm ist bezwungen.,Étage 100 atteint - la Tour est conquise.
The checkpoint target was reached.,The checkpoint target was reached.,L'obiettivo del checkpoint è stato raggiunto.,Das Kontrollpunkt-Ziel wurde erreicht.,L'objectif du point de contrôle a été atteint.
The saved team or companions became unavailable between floors.,The saved team or companions became unavailable between floors.,La squadra o i famigli salvati sono diventati non disponibili tra un piano e l'altro.,Das gespeicherte Team oder die Begleiter wurden zwischen den Ebenen nicht mehr verfügbar.,L'équipe ou les familiers sauvegardés sont devenus indisponibles entre deux étages.
The run could not resume after being interrupted. Progress up to the last cleared floor is saved.,The run could not resume after being interrupted. Progress up to the last cleared floor is saved.,La sessione non è potuta riprendere dopo l'interruzione. I progressi fino all'ultimo piano superato sono salvati.,Der Durchgang konnte nach der Unterbrechung nicht fortgesetzt werden. Der Fortschritt bis zur letzten geschafften Ebene ist gespeichert.,La session n'a pas pu reprendre après l'interruption. La progression jusqu'au dernier étage franchi est sauvegardée.
The batch stopped. Progress up to the last cleared floor is saved.,The batch stopped. Progress up to the last cleared floor is saved.,Il lotto si è interrotto. I progressi fino all'ultimo piano superato sono salvati.,Die Serie wurde gestoppt. Der Fortschritt bis zur letzten geschafften Ebene ist gespeichert.,La série s'est arrêtée. La progression jusqu'au dernier étage franchi est sauvegardée.
